User Environment Info:
IP Address: 59.129.225.81
Host Name / Provider: KD059129225081.ppp-bb.dion.ne.jp
User Agent: Mozilla/5.0 (Macintosh; Intel Mac OS X 10_15_7) AppleWebKit/537.36 (KHTML, like Gecko) Chrome/127.0.0.0 Safari/537.36
Server Info: Array
(
    [PATH] => /usr/local/sbin:/usr/local/bin:/usr/sbin:/usr/bin
    [PWD] => /home/userfastcgi/heartf/heartf.com
    [SHLVL] => 0
    [SCRIPT_NAME] => /kanaeru/rep.php
    [REQUEST_URI] => /kanaeru/rep.php?user_id=2&price=660&item_name=item_jp_new_12&transaction_id=txn_670b39457fbaa0.72737990_7085_1728788805&callback=my
    [QUERY_STRING] => user_id=2&price=660&item_name=item_jp_new_12&transaction_id=txn_670b39457fbaa0.72737990_7085_1728788805&callback=my
    [REQUEST_METHOD] => GET
    [SERVER_PROTOCOL] => HTTP/1.1
    [GATEWAY_INTERFACE] => CGI/1.1
    [REMOTE_PORT] => 51912
    [SCRIPT_FILENAME] => /home/heartf/heartf.com/public_html/school/kanaeru/rep.php
    [SERVER_ADMIN] => webmaster@heartf.com
    [CONTEXT_DOCUMENT_ROOT] => /home/heartf/heartf.com/public_html/school
    [CONTEXT_PREFIX] => 
    [REQUEST_SCHEME] => https
    [DOCUMENT_ROOT] => /home/heartf/heartf.com/public_html/school
    [REMOTE_ADDR] => 59.129.225.81
    [SERVER_PORT] => 443
    [SERVER_ADDR] => 103.141.97.55
    [SERVER_NAME] => school.heartf.com
    [SERVER_SOFTWARE] => Apache
    [SERVER_SIGNATURE] => 
    [HTTP_COOKIE] => _ga_XV0DYRRV50=GS1.2.1710086516.10.1.1710088055.0.0.0; _ga_KKDS2Y063Q=GS1.1.1713287075.2.0.1713287075.60.0.0; _ga_TF7VQ3P4WK=GS1.1.1714084006.2.0.1714084006.0.0.0; _ga_KD8MNG8J43=GS1.1.1717313420.1.1.1717313878.0.0.0; _ga_ZQKCLRKB5Q=GS1.1.1717351745.9.0.1717351745.0.0.0; _ga_YEYDQZ3W8X=GS1.1.1719220372.1.1.1719220390.0.0.0; _ga_7DRL21B865=GS1.1.1720872003.23.0.1720872003.0.0.0; _ga_ZV0WQXHT00=GS1.1.1722233105.2.0.1722233105.0.0.0; _ga_4GVF9RW05T=GS1.1.1722522285.2.0.1722522298.0.0.0; _ga_PWQM3ESTQV=GS1.1.1723017405.5.1.1723018616.0.0.0; _ga_4PK6XBV3BP=GS1.1.1723017255.7.1.1723018626.0.0.0; _ga_24KCBZETC9=GS1.1.1723406958.52.0.1723406958.0.0.0; _ga_59MKZTFML1=GS1.1.1727270789.28.1.1727270799.0.0.0; _ga_0MQS3FYDHL=GS1.2.1727424687.412.1.1727424687.60.0.0; _ga_M2QG0JN89S=GS1.1.1727424687.2.0.1727424695.0.0.0; _gcl_au=1.1.1163650030.1727512173; _clck=bt70y4%7C2%7Cfpk%7C0%7C1567; _fbp=fb.1.1727512174353.581348137187152189; _ga_W99M1L8DL1=GS1.1.1727512173.1.0.1727512190.0.0.0; _ga_LX121NPD7K=GS1.1.1727550958.155.1.1727551059.60.0.2070806829; _ga_DN9TZ3Q2LG=GS1.1.1727550958.780.1.1727551059.0.0.0; _gid=GA1.2.411771761.1728707031; _ga_65VNZXJB15=GS1.1.1728713885.1.1.1728714015.0.0.0; _ga=GA1.2.1820271897.1664403588; QHMSSID1=44ade7ab2acff0ecb452c90cb7e71651; _ga_HE2HZGS8HL=GS1.2.1728754716.40.1.1728754716.0.0.0
    [HTTP_PRIORITY] => u=0, i
    [HTTP_ACCEPT_LANGUAGE] => en-US,en;q=0.9,ja-JP;q=0.8,ja;q=0.7
    [HTTP_SEC_FETCH_DEST] => document
    [HTTP_SEC_FETCH_USER] => ?1
    [HTTP_SEC_FETCH_MODE] => navigate
    [HTTP_SEC_FETCH_SITE] => none
    [HTTP_ACCEPT] => text/html,application/xhtml+xml,application/xml;q=0.9,image/avif,image/webp,image/apng,*/*;q=0.8,application/signed-exchange;v=b3;q=0.7
    [HTTP_USER_AGENT] => Mozilla/5.0 (Macintosh; Intel Mac OS X 10_15_7) AppleWebKit/537.36 (KHTML, like Gecko) Chrome/127.0.0.0 Safari/537.36
    [HTTP_UPGRADE_INSECURE_REQUESTS] => 1
    [HTTP_SEC_CH_UA_PLATFORM] => "macOS"
    [HTTP_SEC_CH_UA_MOBILE] => ?0
    [HTTP_SEC_CH_UA] => "Not)A;Brand";v="99", "Google Chrome";v="127", "Chromium";v="127"
    [HTTP_CONNECTION] => close
    [HTTP_X_FILE_TYPE] => normal
    [HTTP_X_UA_DEVICE] => pc
    [HTTP_X_FAILURE_CACHE_TIME] => 0
    [HTTP_X_ACCEL_EXPIRES] => 60
    [HTTP_X_WP_ACCESS] => 0
    [HTTP_X_SERVER_ADDRESS] => 103.141.97.55
    [HTTP_X_REAL_IP] => 59.129.225.81
    [HTTP_X_FORWARDED_SSL] => on
    [HTTP_X_FORWARDED_PORT] => 443
    [HTTP_X_FORWARDED_HOST] => school.heartf.com
    [HTTP_X_FORWARDED_PROTO] => https
    [HTTP_X_FORWARDED_FOR] => 59.129.225.81
    [HTTP_HOST] => school.heartf.com
    [AllowRestApi] => 1
    [Ngx_Cache_StaticMode] => 1
    [Ngx_Cache_NormalFile] => 1
    [FailureCacheTime] => 0
    [HTTPS] => on
    [UNIQUE_ID] => ZwuBtt3E4Ug6dOKpqLVIkAAAAJU
    [MEF_PROXY_ADDR] => 103.141.97.55
    [FCGI_ROLE] => RESPONDER
    [PHP_SELF] => /kanaeru/rep.php
    [REQUEST_TIME_FLOAT] => 1728807350.9401
    [REQUEST_TIME] => 1728807350
)

Generated hash data: 2:item_jp_new_12:tx_8616:1728807350:lionking
Hash: 2dabaea586ffb51f04d5c6785e7fb9eff78396a7b75dd920df44f3a4c3dfcb38API Response: API Success: Redirecting to thanks pageUser Environment Info:
IP Address: 59.129.225.81
Host Name / Provider: KD059129225081.ppp-bb.dion.ne.jp
User Agent: Mozilla/5.0 (Macintosh; Intel Mac OS X 10_15_7) AppleWebKit/537.36 (KHTML, like Gecko) Chrome/127.0.0.0 Safari/537.36
Server Info: Array
(
    [PATH] => /usr/local/sbin:/usr/local/bin:/usr/sbin:/usr/bin
    [PWD] => /home/userfastcgi/heartf/heartf.com
    [SHLVL] => 0
    [SCRIPT_NAME] => /kanaeru/rep.php
    [REQUEST_URI] => /kanaeru/rep.php?user_id=2&price=660&item_name=item_jp_new_12&transaction_id=txn_670b39457fbaa0.72737990_7085_1728788805&callback=my
    [QUERY_STRING] => user_id=2&price=660&item_name=item_jp_new_12&transaction_id=txn_670b39457fbaa0.72737990_7085_1728788805&callback=my
    [REQUEST_METHOD] => GET
    [SERVER_PROTOCOL] => HTTP/1.1
    [GATEWAY_INTERFACE] => CGI/1.1
    [REMOTE_PORT] => 37126
    [SCRIPT_FILENAME] => /home/heartf/heartf.com/public_html/school/kanaeru/rep.php
    [SERVER_ADMIN] => webmaster@heartf.com
    [CONTEXT_DOCUMENT_ROOT] => /home/heartf/heartf.com/public_html/school
    [CONTEXT_PREFIX] => 
    [REQUEST_SCHEME] => https
    [DOCUMENT_ROOT] => /home/heartf/heartf.com/public_html/school
    [REMOTE_ADDR] => 59.129.225.81
    [SERVER_PORT] => 443
    [SERVER_ADDR] => 103.141.97.55
    [SERVER_NAME] => school.heartf.com
    [SERVER_SOFTWARE] => Apache
    [SERVER_SIGNATURE] => 
    [HTTP_COOKIE] => _ga_XV0DYRRV50=GS1.2.1710086516.10.1.1710088055.0.0.0; _ga_KKDS2Y063Q=GS1.1.1713287075.2.0.1713287075.60.0.0; _ga_TF7VQ3P4WK=GS1.1.1714084006.2.0.1714084006.0.0.0; _ga_KD8MNG8J43=GS1.1.1717313420.1.1.1717313878.0.0.0; _ga_ZQKCLRKB5Q=GS1.1.1717351745.9.0.1717351745.0.0.0; _ga_YEYDQZ3W8X=GS1.1.1719220372.1.1.1719220390.0.0.0; _ga_7DRL21B865=GS1.1.1720872003.23.0.1720872003.0.0.0; _ga_ZV0WQXHT00=GS1.1.1722233105.2.0.1722233105.0.0.0; _ga_4GVF9RW05T=GS1.1.1722522285.2.0.1722522298.0.0.0; _ga_PWQM3ESTQV=GS1.1.1723017405.5.1.1723018616.0.0.0; _ga_4PK6XBV3BP=GS1.1.1723017255.7.1.1723018626.0.0.0; _ga_24KCBZETC9=GS1.1.1723406958.52.0.1723406958.0.0.0; _ga_59MKZTFML1=GS1.1.1727270789.28.1.1727270799.0.0.0; _ga_0MQS3FYDHL=GS1.2.1727424687.412.1.1727424687.60.0.0; _ga_M2QG0JN89S=GS1.1.1727424687.2.0.1727424695.0.0.0; _gcl_au=1.1.1163650030.1727512173; _clck=bt70y4%7C2%7Cfpk%7C0%7C1567; _fbp=fb.1.1727512174353.581348137187152189; _ga_W99M1L8DL1=GS1.1.1727512173.1.0.1727512190.0.0.0; _ga_LX121NPD7K=GS1.1.1727550958.155.1.1727551059.60.0.2070806829; _ga_DN9TZ3Q2LG=GS1.1.1727550958.780.1.1727551059.0.0.0; _gid=GA1.2.411771761.1728707031; _ga_65VNZXJB15=GS1.1.1728713885.1.1.1728714015.0.0.0; _ga=GA1.2.1820271897.1664403588; QHMSSID1=44ade7ab2acff0ecb452c90cb7e71651; _ga_HE2HZGS8HL=GS1.2.1728754716.40.1.1728754716.0.0.0
    [HTTP_PRIORITY] => u=0, i
    [HTTP_ACCEPT_LANGUAGE] => en-US,en;q=0.9,ja-JP;q=0.8,ja;q=0.7
    [HTTP_SEC_FETCH_DEST] => document
    [HTTP_SEC_FETCH_USER] => ?1
    [HTTP_SEC_FETCH_MODE] => navigate
    [HTTP_SEC_FETCH_SITE] => none
    [HTTP_ACCEPT] => text/html,application/xhtml+xml,application/xml;q=0.9,image/avif,image/webp,image/apng,*/*;q=0.8,application/signed-exchange;v=b3;q=0.7
    [HTTP_USER_AGENT] => Mozilla/5.0 (Macintosh; Intel Mac OS X 10_15_7) AppleWebKit/537.36 (KHTML, like Gecko) Chrome/127.0.0.0 Safari/537.36
    [HTTP_UPGRADE_INSECURE_REQUESTS] => 1
    [HTTP_SEC_CH_UA_PLATFORM] => "macOS"
    [HTTP_SEC_CH_UA_MOBILE] => ?0
    [HTTP_SEC_CH_UA] => "Not)A;Brand";v="99", "Google Chrome";v="127", "Chromium";v="127"
    [HTTP_CONNECTION] => close
    [HTTP_X_FILE_TYPE] => normal
    [HTTP_X_UA_DEVICE] => pc
    [HTTP_X_FAILURE_CACHE_TIME] => 0
    [HTTP_X_ACCEL_EXPIRES] => 60
    [HTTP_X_WP_ACCESS] => 0
    [HTTP_X_SERVER_ADDRESS] => 103.141.97.55
    [HTTP_X_REAL_IP] => 59.129.225.81
    [HTTP_X_FORWARDED_SSL] => on
    [HTTP_X_FORWARDED_PORT] => 443
    [HTTP_X_FORWARDED_HOST] => school.heartf.com
    [HTTP_X_FORWARDED_PROTO] => https
    [HTTP_X_FORWARDED_FOR] => 59.129.225.81
    [HTTP_HOST] => school.heartf.com
    [AllowRestApi] => 1
    [Ngx_Cache_StaticMode] => 1
    [Ngx_Cache_NormalFile] => 1
    [FailureCacheTime] => 0
    [HTTPS] => on
    [UNIQUE_ID] => ZwuEM07thghzrju7uw-qiQAAADc
    [MEF_PROXY_ADDR] => 103.141.97.55
    [FCGI_ROLE] => RESPONDER
    [PHP_SELF] => /kanaeru/rep.php
    [REQUEST_TIME_FLOAT] => 1728807987.8799
    [REQUEST_TIME] => 1728807987
)

Generated hash data: 2:item_jp_new_12:tx_3450:1728807987:lionking
Hash: a205caaeb3b40c9803f89075e7c2c1087117bf08c1bec29ade495184ba6576ceAPI Response: API Success: Redirecting to thanks pageUser Environment Info:
IP Address: 1.112.12.181
Host Name / Provider: softbank001112012181.bbtec.net
User Agent: Mozilla/5.0 (iPhone; CPU iPhone OS 18_0_1 like Mac OS X) AppleWebKit/605.1.15 (KHTML, like Gecko) Version/18.0.1 Mobile/15E148 Safari/604.1
Server Info: Array
(
    [PATH] => /usr/local/sbin:/usr/local/bin:/usr/sbin:/usr/bin
    [PWD] => /home/userfastcgi/heartf/heartf.com
    [SHLVL] => 0
    [SCRIPT_NAME] => /kanaeru/rep.php
    [REQUEST_URI] => /kanaeru/rep.php?user_id=4&price=660&item_name=item_jp_new_12&transaction_id=txn_670b840d45dfa9.97127506_5496_1728807949&callback=my
    [QUERY_STRING] => user_id=4&price=660&item_name=item_jp_new_12&transaction_id=txn_670b840d45dfa9.97127506_5496_1728807949&callback=my
    [REQUEST_METHOD] => GET
    [SERVER_PROTOCOL] => HTTP/1.1
    [GATEWAY_INTERFACE] => CGI/1.1
    [REMOTE_PORT] => 46536
    [SCRIPT_FILENAME] => /home/heartf/heartf.com/public_html/school/kanaeru/rep.php
    [SERVER_ADMIN] => webmaster@heartf.com
    [CONTEXT_DOCUMENT_ROOT] => /home/heartf/heartf.com/public_html/school
    [CONTEXT_PREFIX] => 
    [REQUEST_SCHEME] => https
    [DOCUMENT_ROOT] => /home/heartf/heartf.com/public_html/school
    [REMOTE_ADDR] => 1.112.12.181
    [SERVER_PORT] => 443
    [SERVER_ADDR] => 103.141.97.55
    [SERVER_NAME] => school.heartf.com
    [SERVER_SOFTWARE] => Apache
    [SERVER_SIGNATURE] => 
    [HTTP_SEC_FETCH_DEST] => document
    [HTTP_REFERER] => https://secure.telecomcredit.co.jp/
    [HTTP_ACCEPT_LANGUAGE] => ja
    [HTTP_USER_AGENT] => Mozilla/5.0 (iPhone; CPU iPhone OS 18_0_1 like Mac OS X) AppleWebKit/605.1.15 (KHTML, like Gecko) Version/18.0.1 Mobile/15E148 Safari/604.1
    [HTTP_SEC_FETCH_MODE] => navigate
    [HTTP_PRIORITY] => u=0, i
    [HTTP_SEC_FETCH_SITE] => cross-site
    [HTTP_ACCEPT] => text/html,application/xhtml+xml,application/xml;q=0.9,*/*;q=0.8
    [HTTP_CONNECTION] => close
    [HTTP_X_FILE_TYPE] => normal
    [HTTP_X_UA_DEVICE] => smartphone
    [HTTP_X_FAILURE_CACHE_TIME] => 0
    [HTTP_X_ACCEL_EXPIRES] => 60
    [HTTP_X_WP_ACCESS] => 0
    [HTTP_X_SERVER_ADDRESS] => 103.141.97.55
    [HTTP_X_REAL_IP] => 1.112.12.181
    [HTTP_X_FORWARDED_SSL] => on
    [HTTP_X_FORWARDED_PORT] => 443
    [HTTP_X_FORWARDED_HOST] => school.heartf.com
    [HTTP_X_FORWARDED_PROTO] => https
    [HTTP_X_FORWARDED_FOR] => 1.112.12.181
    [HTTP_HOST] => school.heartf.com
    [AllowRestApi] => 1
    [Ngx_Cache_StaticMode] => 1
    [Ngx_Cache_NormalFile] => 1
    [FailureCacheTime] => 0
    [HTTPS] => on
    [UNIQUE_ID] => ZwuEZU7thghzrju7uw-sCgAAAB4
    [MEF_PROXY_ADDR] => 103.141.97.55
    [FCGI_ROLE] => RESPONDER
    [PHP_SELF] => /kanaeru/rep.php
    [REQUEST_TIME_FLOAT] => 1728808037.5467
    [REQUEST_TIME] => 1728808037
)

Generated hash data: 4:item_jp_new_12:txn_670b840d45dfa9.97127506_5496_1728807949:1728808037:lionking
Hash: 046d0a7638281ad040082db46d1c5113cb72ed093a6022220a11a0765ee2f77eAPI Response: API Success: Redirecting to thanks pageUser Environment Info:
IP Address: 1.112.12.181
Host Name / Provider: softbank001112012181.bbtec.net
User Agent: Mozilla/5.0 (iPhone; CPU iPhone OS 18_0_1 like Mac OS X) AppleWebKit/605.1.15 (KHTML, like Gecko) Version/18.0.1 Mobile/15E148 Safari/604.1
Server Info: Array
(
    [PATH] => /usr/local/sbin:/usr/local/bin:/usr/sbin:/usr/bin
    [PWD] => /home/userfastcgi/heartf/heartf.com
    [SHLVL] => 0
    [SCRIPT_NAME] => /kanaeru/rep.php
    [REQUEST_URI] => /kanaeru/rep.php?user_id=4&price=30000&item_name=item_jp_new_600&transaction_id=txn_670b870459d3c9.99491224_8684_1728808708&callback=my
    [QUERY_STRING] => user_id=4&price=30000&item_name=item_jp_new_600&transaction_id=txn_670b870459d3c9.99491224_8684_1728808708&callback=my
    [REQUEST_METHOD] => GET
    [SERVER_PROTOCOL] => HTTP/1.1
    [GATEWAY_INTERFACE] => CGI/1.1
    [REMOTE_PORT] => 56240
    [SCRIPT_FILENAME] => /home/heartf/heartf.com/public_html/school/kanaeru/rep.php
    [SERVER_ADMIN] => webmaster@heartf.com
    [CONTEXT_DOCUMENT_ROOT] => /home/heartf/heartf.com/public_html/school
    [CONTEXT_PREFIX] => 
    [REQUEST_SCHEME] => https
    [DOCUMENT_ROOT] => /home/heartf/heartf.com/public_html/school
    [REMOTE_ADDR] => 1.112.12.181
    [SERVER_PORT] => 443
    [SERVER_ADDR] => 103.141.97.55
    [SERVER_NAME] => school.heartf.com
    [SERVER_SOFTWARE] => Apache
    [SERVER_SIGNATURE] => 
    [HTTP_SEC_FETCH_DEST] => document
    [HTTP_REFERER] => https://secure.telecomcredit.co.jp/
    [HTTP_ACCEPT_LANGUAGE] => ja
    [HTTP_USER_AGENT] => Mozilla/5.0 (iPhone; CPU iPhone OS 18_0_1 like Mac OS X) AppleWebKit/605.1.15 (KHTML, like Gecko) Version/18.0.1 Mobile/15E148 Safari/604.1
    [HTTP_SEC_FETCH_MODE] => navigate
    [HTTP_PRIORITY] => u=0, i
    [HTTP_SEC_FETCH_SITE] => cross-site
    [HTTP_ACCEPT] => text/html,application/xhtml+xml,application/xml;q=0.9,*/*;q=0.8
    [HTTP_CONNECTION] => close
    [HTTP_X_FILE_TYPE] => normal
    [HTTP_X_UA_DEVICE] => smartphone
    [HTTP_X_FAILURE_CACHE_TIME] => 0
    [HTTP_X_ACCEL_EXPIRES] => 60
    [HTTP_X_WP_ACCESS] => 0
    [HTTP_X_SERVER_ADDRESS] => 103.141.97.55
    [HTTP_X_REAL_IP] => 1.112.12.181
    [HTTP_X_FORWARDED_SSL] => on
    [HTTP_X_FORWARDED_PORT] => 443
    [HTTP_X_FORWARDED_HOST] => school.heartf.com
    [HTTP_X_FORWARDED_PROTO] => https
    [HTTP_X_FORWARDED_FOR] => 1.112.12.181
    [HTTP_HOST] => school.heartf.com
    [AllowRestApi] => 1
    [Ngx_Cache_StaticMode] => 1
    [Ngx_Cache_NormalFile] => 1
    [FailureCacheTime] => 0
    [HTTPS] => on
    [UNIQUE_ID] => ZwuHLE7thghzrju7uw_FJQAAAH8
    [MEF_PROXY_ADDR] => 103.141.97.55
    [FCGI_ROLE] => RESPONDER
    [PHP_SELF] => /kanaeru/rep.php
    [REQUEST_TIME_FLOAT] => 1728808748.3809
    [REQUEST_TIME] => 1728808748
)

Generated hash data: 4:item_jp_new_600:txn_670b870459d3c9.99491224_8684_1728808708:1728808748:lionking
Hash: 5696e3ea9651f2bc71ae3a97a5584b733d5ffa6da46516efc423876040fc7e36API Response: API Success: Redirecting to thanks pageUser Environment Info:
IP Address: 113.40.3.225
Host Name / Provider: 113x40x3x225.ap113.ftth.ucom.ne.jp
User Agent: Mozilla/5.0 (Linux; Android 11; CPH2013 Build/RKQ1.200903.002; wv) AppleWebKit/537.36 (KHTML, like Gecko) Version/4.0 Chrome/129.0.6668.81 Mobile Safari/537.36 Line/14.16.0/IAB
Server Info: Array
(
    [PATH] => /usr/local/sbin:/usr/local/bin:/usr/sbin:/usr/bin
    [PWD] => /home/userfastcgi/heartf/heartf.com
    [SHLVL] => 0
    [SCRIPT_NAME] => /kanaeru/rep.php
    [REQUEST_URI] => /kanaeru/rep.php?user_id=8&price=5500&item_name=item_jp_new_100&transaction_id=txn_670c5a92824760.62389419_2121_1728862866&callback=tq
    [QUERY_STRING] => user_id=8&price=5500&item_name=item_jp_new_100&transaction_id=txn_670c5a92824760.62389419_2121_1728862866&callback=tq
    [REQUEST_METHOD] => GET
    [SERVER_PROTOCOL] => HTTP/1.1
    [GATEWAY_INTERFACE] => CGI/1.1
    [REMOTE_PORT] => 35648
    [SCRIPT_FILENAME] => /home/heartf/heartf.com/public_html/school/kanaeru/rep.php
    [SERVER_ADMIN] => webmaster@heartf.com
    [CONTEXT_DOCUMENT_ROOT] => /home/heartf/heartf.com/public_html/school
    [CONTEXT_PREFIX] => 
    [REQUEST_SCHEME] => https
    [DOCUMENT_ROOT] => /home/heartf/heartf.com/public_html/school
    [REMOTE_ADDR] => 113.40.3.225
    [SERVER_PORT] => 443
    [SERVER_ADDR] => 103.141.97.55
    [SERVER_NAME] => school.heartf.com
    [SERVER_SOFTWARE] => Apache
    [SERVER_SIGNATURE] => 
    [HTTP_COOKIE] => _gcl_au=1.1.1420986199.1728513660; _ga=GA1.1.583281993.1728513661; _fbp=fb.1.1728513660897.711678427473600928; _clck=1byn8mf%7C2%7Cfpw%7C0%7C1743; _ga_W99M1L8DL1=GS1.1.1728597984.2.0.1728597997.0.0.0
    [HTTP_PRIORITY] => u=0, i
    [HTTP_ACCEPT_LANGUAGE] => ja-JP,ja;q=0.9,en-US;q=0.8,en;q=0.7
    [HTTP_REFERER] => https://secure.telecomcredit.co.jp/
    [HTTP_SEC_CH_UA_PLATFORM] => "Android"
    [HTTP_SEC_CH_UA_MOBILE] => ?1
    [HTTP_SEC_CH_UA] => "Android WebView";v="129", "Not=A?Brand";v="8", "Chromium";v="129"
    [HTTP_SEC_FETCH_DEST] => document
    [HTTP_SEC_FETCH_USER] => ?1
    [HTTP_SEC_FETCH_MODE] => navigate
    [HTTP_SEC_FETCH_SITE] => cross-site
    [HTTP_X_REQUESTED_WITH] => jp.naver.line.android
    [HTTP_ACCEPT] => text/html,application/xhtml+xml,application/xml;q=0.9,image/avif,image/webp,image/apng,*/*;q=0.8,application/signed-exchange;v=b3;q=0.7
    [HTTP_USER_AGENT] => Mozilla/5.0 (Linux; Android 11; CPH2013 Build/RKQ1.200903.002; wv) AppleWebKit/537.36 (KHTML, like Gecko) Version/4.0 Chrome/129.0.6668.81 Mobile Safari/537.36 Line/14.16.0/IAB
    [HTTP_UPGRADE_INSECURE_REQUESTS] => 1
    [HTTP_CACHE_CONTROL] => max-age=0
    [HTTP_CONNECTION] => close
    [HTTP_X_FILE_TYPE] => normal
    [HTTP_X_UA_DEVICE] => smartphone
    [HTTP_X_FAILURE_CACHE_TIME] => 0
    [HTTP_X_ACCEL_EXPIRES] => 60
    [HTTP_X_WP_ACCESS] => 0
    [HTTP_X_SERVER_ADDRESS] => 103.141.97.55
    [HTTP_X_REAL_IP] => 113.40.3.225
    [HTTP_X_FORWARDED_SSL] => on
    [HTTP_X_FORWARDED_PORT] => 443
    [HTTP_X_FORWARDED_HOST] => school.heartf.com
    [HTTP_X_FORWARDED_PROTO] => https
    [HTTP_X_FORWARDED_FOR] => 113.40.3.225
    [HTTP_HOST] => school.heartf.com
    [AllowRestApi] => 1
    [Ngx_Cache_StaticMode] => 1
    [Ngx_Cache_NormalFile] => 1
    [FailureCacheTime] => 0
    [HTTPS] => on
    [UNIQUE_ID] => ZwxbL2UFs7DZcTfbSVKsIgAAACY
    [MEF_PROXY_ADDR] => 103.141.97.55
    [FCGI_ROLE] => RESPONDER
    [PHP_SELF] => /kanaeru/rep.php
    [REQUEST_TIME_FLOAT] => 1728863023.3883
    [REQUEST_TIME] => 1728863023
)

Generated hash data: 8:item_jp_new_100:txn_670c5a92824760.62389419_2121_1728862866:1728863023:lionking
Hash: 5411af74d2c509e77a98606fa011a387545bd51c76893af9aacb9a00b16e6673API Response: API Success: Redirecting to thanks pageUser Environment Info:
IP Address: 49.97.14.91
Host Name / Provider: sp49-97-14-91.msc.spmode.ne.jp
User Agent: Mozilla/5.0 (Windows NT 10.0; Win64; x64) AppleWebKit/537.36 (KHTML, like Gecko) Chrome/129.0.0.0 Safari/537.36 Edg/129.0.0.0
Server Info: Array
(
    [PATH] => /usr/local/sbin:/usr/local/bin:/usr/sbin:/usr/bin
    [PWD] => /home/userfastcgi/heartf/heartf.com
    [SHLVL] => 0
    [SCRIPT_NAME] => /kanaeru/rep.php
    [REQUEST_URI] => /kanaeru/rep.php?user_id=25&price=10800&item_name=item_jp_new_200&transaction_id=txn_670e3a8f79b6c6.96582404_3024_1728985743&callback=my
    [QUERY_STRING] => user_id=25&price=10800&item_name=item_jp_new_200&transaction_id=txn_670e3a8f79b6c6.96582404_3024_1728985743&callback=my
    [REQUEST_METHOD] => GET
    [SERVER_PROTOCOL] => HTTP/1.1
    [GATEWAY_INTERFACE] => CGI/1.1
    [REMOTE_PORT] => 58660
    [SCRIPT_FILENAME] => /home/heartf/heartf.com/public_html/school/kanaeru/rep.php
    [SERVER_ADMIN] => webmaster@heartf.com
    [CONTEXT_DOCUMENT_ROOT] => /home/heartf/heartf.com/public_html/school
    [CONTEXT_PREFIX] => 
    [REQUEST_SCHEME] => https
    [DOCUMENT_ROOT] => /home/heartf/heartf.com/public_html/school
    [REMOTE_ADDR] => 49.97.14.91
    [SERVER_PORT] => 443
    [SERVER_ADDR] => 103.141.97.55
    [SERVER_NAME] => school.heartf.com
    [SERVER_SOFTWARE] => Apache
    [SERVER_SIGNATURE] => 
    [HTTP_COOKIE] => _ga_7DRL21B865=GS1.1.1705736571.2.0.1705736580.0.0.0; _ga_LX121NPD7K=GS1.1.1706690549.2.1.1706690744.47.0.1195379158; _ga_DN9TZ3Q2LG=GS1.1.1706690549.2.1.1706690744.0.0.0; _ga_HE2HZGS8HL=GS1.2.1711198895.8.1.1711199628.0.0.0; _gcl_au=1.1.112300031.1721883560; _ga=GA1.1.1323390995.1703293715; _fbp=fb.1.1721883560031.85339241371627929; _clck=87vgjk%7C2%7Cfnr%7C0%7C1667; _ga_W99M1L8DL1=GS1.1.1721883559.1.0.1721883569.0.0.0
    [HTTP_PRIORITY] => u=0, i
    [HTTP_ACCEPT_LANGUAGE] => ja,en;q=0.9,en-GB;q=0.8,en-US;q=0.7
    [HTTP_REFERER] => https://secure.telecomcredit.co.jp/
    [HTTP_SEC_CH_UA_PLATFORM] => "Windows"
    [HTTP_SEC_CH_UA_MOBILE] => ?0
    [HTTP_SEC_CH_UA] => "Microsoft Edge";v="129", "Not=A?Brand";v="8", "Chromium";v="129"
    [HTTP_SEC_FETCH_DEST] => document
    [HTTP_SEC_FETCH_USER] => ?1
    [HTTP_SEC_FETCH_MODE] => navigate
    [HTTP_SEC_FETCH_SITE] => cross-site
    [HTTP_ACCEPT] => text/html,application/xhtml+xml,application/xml;q=0.9,image/avif,image/webp,image/apng,*/*;q=0.8,application/signed-exchange;v=b3;q=0.7
    [HTTP_USER_AGENT] => Mozilla/5.0 (Windows NT 10.0; Win64; x64) AppleWebKit/537.36 (KHTML, like Gecko) Chrome/129.0.0.0 Safari/537.36 Edg/129.0.0.0
    [HTTP_UPGRADE_INSECURE_REQUESTS] => 1
    [HTTP_CACHE_CONTROL] => max-age=0
    [HTTP_CONNECTION] => close
    [HTTP_X_FILE_TYPE] => normal
    [HTTP_X_UA_DEVICE] => pc
    [HTTP_X_FAILURE_CACHE_TIME] => 0
    [HTTP_X_ACCEL_EXPIRES] => 60
    [HTTP_X_WP_ACCESS] => 0
    [HTTP_X_SERVER_ADDRESS] => 103.141.97.55
    [HTTP_X_REAL_IP] => 49.97.14.91
    [HTTP_X_FORWARDED_SSL] => on
    [HTTP_X_FORWARDED_PORT] => 443
    [HTTP_X_FORWARDED_HOST] => school.heartf.com
    [HTTP_X_FORWARDED_PROTO] => https
    [HTTP_X_FORWARDED_FOR] => 49.97.14.91
    [HTTP_HOST] => school.heartf.com
    [AllowRestApi] => 1
    [Ngx_Cache_StaticMode] => 1
    [Ngx_Cache_NormalFile] => 1
    [FailureCacheTime] => 0
    [HTTPS] => on
    [UNIQUE_ID] => Zw47ArvefvjWdnGzzD653QAAAFM
    [MEF_PROXY_ADDR] => 103.141.97.55
    [FCGI_ROLE] => RESPONDER
    [PHP_SELF] => /kanaeru/rep.php
    [REQUEST_TIME_FLOAT] => 1728985858.8728
    [REQUEST_TIME] => 1728985858
)

Generated hash data: 25:item_jp_new_200:txn_670e3a8f79b6c6.96582404_3024_1728985743:1728985858:lionking
Hash: 1933596e019755187c7c9debd29507c17f1dbd2d75313390bf698ffaaff4b942API Response: API Success: Redirecting to thanks pageUser Environment Info:
IP Address: 60.148.117.226
Host Name / Provider: softbank060148117226.bbtec.net
User Agent: Mozilla/5.0 (iPhone; CPU iPhone OS 17_6_1 like Mac OS X) AppleWebKit/605.1.15 (KHTML, like Gecko) Mobile/15E148 Safari Line/14.16.1
Server Info: Array
(
    [PATH] => /usr/local/sbin:/usr/local/bin:/usr/sbin:/usr/bin
    [PWD] => /home/userfastcgi/heartf/heartf.com
    [SHLVL] => 0
    [SCRIPT_NAME] => /kanaeru/rep.php
    [REQUEST_URI] => /kanaeru/rep.php?user_id=56&price=1650&item_name=item_jp_new_30&transaction_id=txn_670e3b8a992c24.97891316_7934_1728985994&callback=my
    [QUERY_STRING] => user_id=56&price=1650&item_name=item_jp_new_30&transaction_id=txn_670e3b8a992c24.97891316_7934_1728985994&callback=my
    [REQUEST_METHOD] => GET
    [SERVER_PROTOCOL] => HTTP/1.1
    [GATEWAY_INTERFACE] => CGI/1.1
    [REMOTE_PORT] => 50410
    [SCRIPT_FILENAME] => /home/heartf/heartf.com/public_html/school/kanaeru/rep.php
    [SERVER_ADMIN] => webmaster@heartf.com
    [CONTEXT_DOCUMENT_ROOT] => /home/heartf/heartf.com/public_html/school
    [CONTEXT_PREFIX] => 
    [REQUEST_SCHEME] => https
    [DOCUMENT_ROOT] => /home/heartf/heartf.com/public_html/school
    [REMOTE_ADDR] => 60.148.117.226
    [SERVER_PORT] => 443
    [SERVER_ADDR] => 103.141.97.55
    [SERVER_NAME] => school.heartf.com
    [SERVER_SOFTWARE] => Apache
    [SERVER_SIGNATURE] => 
    [HTTP_SEC_FETCH_DEST] => document
    [HTTP_ACCEPT_LANGUAGE] => ja
    [HTTP_USER_AGENT] => Mozilla/5.0 (iPhone; CPU iPhone OS 17_6_1 like Mac OS X) AppleWebKit/605.1.15 (KHTML, like Gecko) Mobile/15E148 Safari Line/14.16.1
    [HTTP_SEC_FETCH_MODE] => navigate
    [HTTP_REFERER] => https://secure.telecomcredit.co.jp/
    [HTTP_SEC_FETCH_SITE] => cross-site
    [HTTP_ACCEPT] => text/html,application/xhtml+xml,application/xml;q=0.9,*/*;q=0.8
    [HTTP_CONNECTION] => close
    [HTTP_X_FILE_TYPE] => normal
    [HTTP_X_UA_DEVICE] => smartphone
    [HTTP_X_FAILURE_CACHE_TIME] => 0
    [HTTP_X_ACCEL_EXPIRES] => 60
    [HTTP_X_WP_ACCESS] => 0
    [HTTP_X_SERVER_ADDRESS] => 103.141.97.55
    [HTTP_X_REAL_IP] => 60.148.117.226
    [HTTP_X_FORWARDED_SSL] => on
    [HTTP_X_FORWARDED_PORT] => 443
    [HTTP_X_FORWARDED_HOST] => school.heartf.com
    [HTTP_X_FORWARDED_PROTO] => https
    [HTTP_X_FORWARDED_FOR] => 60.148.117.226
    [HTTP_HOST] => school.heartf.com
    [AllowRestApi] => 1
    [Ngx_Cache_StaticMode] => 1
    [Ngx_Cache_NormalFile] => 1
    [FailureCacheTime] => 0
    [HTTPS] => on
    [UNIQUE_ID] => Zw48UtG0mwor28I8Yr1mHQAAAPo
    [MEF_PROXY_ADDR] => 103.141.97.55
    [FCGI_ROLE] => RESPONDER
    [PHP_SELF] => /kanaeru/rep.php
    [REQUEST_TIME_FLOAT] => 1728986194.2926
    [REQUEST_TIME] => 1728986194
)

Generated hash data: 56:item_jp_new_30:txn_670e3b8a992c24.97891316_7934_1728985994:1728986194:lionking
Hash: 7da94089571063b6556726f0ac021a99527b82c2e191d663a3a00f7fb2d89672API Response: API Success: Redirecting to thanks pageUser Environment Info:
IP Address: 147.92.179.110
Host Name / Provider: poker-110.line-apps.com
User Agent: facebookexternalhit/1.1;line-poker/1.0
Server Info: Array
(
    [PATH] => /usr/local/sbin:/usr/local/bin:/usr/sbin:/usr/bin
    [PWD] => /home/userfastcgi/heartf/heartf.com
    [SHLVL] => 0
    [SCRIPT_NAME] => /kanaeru/rep.php
    [REQUEST_URI] => /kanaeru/rep.php?user_id=2&price=660&item_name=item_jp_new_12&transaction_id=txn_670b39457fbaa0.72737990_7085_1728788805&callback=my
    [QUERY_STRING] => user_id=2&price=660&item_name=item_jp_new_12&transaction_id=txn_670b39457fbaa0.72737990_7085_1728788805&callback=my
    [REQUEST_METHOD] => GET
    [SERVER_PROTOCOL] => HTTP/1.1
    [GATEWAY_INTERFACE] => CGI/1.1
    [REMOTE_PORT] => 44042
    [SCRIPT_FILENAME] => /home/heartf/heartf.com/public_html/school/kanaeru/rep.php
    [SERVER_ADMIN] => webmaster@heartf.com
    [CONTEXT_DOCUMENT_ROOT] => /home/heartf/heartf.com/public_html/school
    [CONTEXT_PREFIX] => 
    [REQUEST_SCHEME] => https
    [DOCUMENT_ROOT] => /home/heartf/heartf.com/public_html/school
    [REMOTE_ADDR] => 147.92.179.110
    [SERVER_PORT] => 443
    [SERVER_ADDR] => 103.141.97.55
    [SERVER_NAME] => school.heartf.com
    [SERVER_SOFTWARE] => Apache
    [SERVER_SIGNATURE] => 
    [HTTP_ACCEPT] => */*
    [HTTP_USER_AGENT] => facebookexternalhit/1.1;line-poker/1.0
    [HTTP_ACCEPT_LANGUAGE] => ja
    [CONTENT_LENGTH] => 0
    [HTTP_CONNECTION] => close
    [HTTP_X_FILE_TYPE] => normal
    [HTTP_X_UA_DEVICE] => pc
    [HTTP_X_FAILURE_CACHE_TIME] => 0
    [HTTP_X_ACCEL_EXPIRES] => 60
    [HTTP_X_WP_ACCESS] => 0
    [HTTP_X_SERVER_ADDRESS] => 103.141.97.55
    [HTTP_X_REAL_IP] => 147.92.179.110
    [HTTP_X_FORWARDED_SSL] => on
    [HTTP_X_FORWARDED_PORT] => 443
    [HTTP_X_FORWARDED_HOST] => school.heartf.com
    [HTTP_X_FORWARDED_PROTO] => https
    [HTTP_X_FORWARDED_FOR] => 147.92.179.110
    [HTTP_HOST] => school.heartf.com
    [AllowRestApi] => 1
    [Ngx_Cache_StaticMode] => 1
    [Ngx_Cache_NormalFile] => 1
    [FailureCacheTime] => 0
    [HTTPS] => on
    [UNIQUE_ID] => Zw-qIx4oSaTzd9t1kJP3FgAAAPQ
    [MEF_PROXY_ADDR] => 103.141.97.55
    [FCGI_ROLE] => RESPONDER
    [PHP_SELF] => /kanaeru/rep.php
    [REQUEST_TIME_FLOAT] => 1729079843.3179
    [REQUEST_TIME] => 1729079843
)

Generated hash data: 2:item_jp_new_12:txn_670b39457fbaa0.72737990_7085_1728788805:1729079843:lionking
Hash: eb30d63aefa2c220595789342e93c7a5663120b2f11c56e1e9067683d57a4468API Response: API Response Error: {"url":"/api/creditsadd","statusCode":500,"statusMessage":"CS_002","message":"CS_002","stack":""}User Environment Info:
IP Address: 147.92.179.113
Host Name / Provider: poker-113.line-apps.com
User Agent: facebookexternalhit/1.1;line-poker/1.0
Server Info: Array
(
    [PATH] => /usr/local/sbin:/usr/local/bin:/usr/sbin:/usr/bin
    [PWD] => /home/userfastcgi/heartf/heartf.com
    [SHLVL] => 0
    [SCRIPT_NAME] => /kanaeru/rep.php
    [REQUEST_URI] => /kanaeru/rep.php?user_id=2&price=660&item_name=item_jp_new_12&transaction_id=txn_670b39457fbaa0.72737990_7085_1728788805
    [QUERY_STRING] => user_id=2&price=660&item_name=item_jp_new_12&transaction_id=txn_670b39457fbaa0.72737990_7085_1728788805
    [REQUEST_METHOD] => GET
    [SERVER_PROTOCOL] => HTTP/1.1
    [GATEWAY_INTERFACE] => CGI/1.1
    [REMOTE_PORT] => 43676
    [SCRIPT_FILENAME] => /home/heartf/heartf.com/public_html/school/kanaeru/rep.php
    [SERVER_ADMIN] => webmaster@heartf.com
    [CONTEXT_DOCUMENT_ROOT] => /home/heartf/heartf.com/public_html/school
    [CONTEXT_PREFIX] => 
    [REQUEST_SCHEME] => https
    [DOCUMENT_ROOT] => /home/heartf/heartf.com/public_html/school
    [REMOTE_ADDR] => 147.92.179.113
    [SERVER_PORT] => 443
    [SERVER_ADDR] => 103.141.97.55
    [SERVER_NAME] => school.heartf.com
    [SERVER_SOFTWARE] => Apache
    [SERVER_SIGNATURE] => 
    [HTTP_ACCEPT] => */*
    [HTTP_USER_AGENT] => facebookexternalhit/1.1;line-poker/1.0
    [HTTP_ACCEPT_LANGUAGE] => ja
    [CONTENT_LENGTH] => 0
    [HTTP_CONNECTION] => close
    [HTTP_X_FILE_TYPE] => normal
    [HTTP_X_UA_DEVICE] => pc
    [HTTP_X_FAILURE_CACHE_TIME] => 0
    [HTTP_X_ACCEL_EXPIRES] => 60
    [HTTP_X_WP_ACCESS] => 0
    [HTTP_X_SERVER_ADDRESS] => 103.141.97.55
    [HTTP_X_REAL_IP] => 147.92.179.113
    [HTTP_X_FORWARDED_SSL] => on
    [HTTP_X_FORWARDED_PORT] => 443
    [HTTP_X_FORWARDED_HOST] => school.heartf.com
    [HTTP_X_FORWARDED_PROTO] => https
    [HTTP_X_FORWARDED_FOR] => 147.92.179.113
    [HTTP_HOST] => school.heartf.com
    [AllowRestApi] => 1
    [Ngx_Cache_StaticMode] => 1
    [Ngx_Cache_NormalFile] => 1
    [FailureCacheTime] => 0
    [HTTPS] => on
    [UNIQUE_ID] => ZxB966ZbSq0qF5WZ4ig5KwAAAlg
    [MEF_PROXY_ADDR] => 103.141.97.55
    [FCGI_ROLE] => RESPONDER
    [PHP_SELF] => /kanaeru/rep.php
    [REQUEST_TIME_FLOAT] => 1729134059.3649
    [REQUEST_TIME] => 1729134059
)

Generated hash data: 2:item_jp_new_12:txn_670b39457fbaa0.72737990_7085_1728788805:1729134059:lionking
Hash: 5797075699e217f1ba120998fbb474872139af1efce9d056a6264b07ec8952bcAPI Response: API Response Error: {"url":"/api/creditsadd","statusCode":500,"statusMessage":"CS_002","message":"CS_002","stack":""}User Environment Info:
IP Address: 59.129.225.81
Host Name / Provider: KD059129225081.ppp-bb.dion.ne.jp
User Agent: Mozilla/5.0 (Macintosh; Intel Mac OS X 10_15_7) AppleWebKit/537.36 (KHTML, like Gecko) Chrome/127.0.0.0 Safari/537.36
Server Info: Array
(
    [PATH] => /usr/local/sbin:/usr/local/bin:/usr/sbin:/usr/bin
    [PWD] => /home/userfastcgi/heartf/heartf.com
    [SHLVL] => 0
    [SCRIPT_NAME] => /kanaeru/rep.php
    [REQUEST_URI] => /kanaeru/rep.php?user_id=2&price=660&item_name=item_jp_new_12&transaction_id=txn_670b39457fbaa0.72737990_7085_1728788805
    [QUERY_STRING] => user_id=2&price=660&item_name=item_jp_new_12&transaction_id=txn_670b39457fbaa0.72737990_7085_1728788805
    [REQUEST_METHOD] => GET
    [SERVER_PROTOCOL] => HTTP/1.1
    [GATEWAY_INTERFACE] => CGI/1.1
    [REMOTE_PORT] => 44438
    [SCRIPT_FILENAME] => /home/heartf/heartf.com/public_html/school/kanaeru/rep.php
    [SERVER_ADMIN] => webmaster@heartf.com
    [CONTEXT_DOCUMENT_ROOT] => /home/heartf/heartf.com/public_html/school
    [CONTEXT_PREFIX] => 
    [REQUEST_SCHEME] => https
    [DOCUMENT_ROOT] => /home/heartf/heartf.com/public_html/school
    [REMOTE_ADDR] => 59.129.225.81
    [SERVER_PORT] => 443
    [SERVER_ADDR] => 103.141.97.55
    [SERVER_NAME] => school.heartf.com
    [SERVER_SOFTWARE] => Apache
    [SERVER_SIGNATURE] => 
    [HTTP_COOKIE] => _ga_XV0DYRRV50=GS1.2.1710086516.10.1.1710088055.0.0.0; _ga_KKDS2Y063Q=GS1.1.1713287075.2.0.1713287075.60.0.0; _ga_TF7VQ3P4WK=GS1.1.1714084006.2.0.1714084006.0.0.0; _ga_KD8MNG8J43=GS1.1.1717313420.1.1.1717313878.0.0.0; _ga_ZQKCLRKB5Q=GS1.1.1717351745.9.0.1717351745.0.0.0; _ga_YEYDQZ3W8X=GS1.1.1719220372.1.1.1719220390.0.0.0; _ga_7DRL21B865=GS1.1.1720872003.23.0.1720872003.0.0.0; _ga_ZV0WQXHT00=GS1.1.1722233105.2.0.1722233105.0.0.0; _ga_4GVF9RW05T=GS1.1.1722522285.2.0.1722522298.0.0.0; _ga_PWQM3ESTQV=GS1.1.1723017405.5.1.1723018616.0.0.0; _ga_4PK6XBV3BP=GS1.1.1723017255.7.1.1723018626.0.0.0; _ga_24KCBZETC9=GS1.1.1723406958.52.0.1723406958.0.0.0; _ga_59MKZTFML1=GS1.1.1727270789.28.1.1727270799.0.0.0; _ga_0MQS3FYDHL=GS1.2.1727424687.412.1.1727424687.60.0.0; _ga_M2QG0JN89S=GS1.1.1727424687.2.0.1727424695.0.0.0; _gcl_au=1.1.1163650030.1727512173; _clck=bt70y4%7C2%7Cfpk%7C0%7C1567; _fbp=fb.1.1727512174353.581348137187152189; _ga_W99M1L8DL1=GS1.1.1727512173.1.0.1727512190.0.0.0; _ga_LX121NPD7K=GS1.1.1727550958.155.1.1727551059.60.0.2070806829; _ga_DN9TZ3Q2LG=GS1.1.1727550958.780.1.1727551059.0.0.0; _ga_65VNZXJB15=GS1.1.1728713885.1.1.1728714015.0.0.0; _ga=GA1.2.1820271897.1664403588; QHMSSID1=44ade7ab2acff0ecb452c90cb7e71651; _ga_HE2HZGS8HL=GS1.2.1728754716.40.1.1728754716.0.0.0
    [HTTP_PRIORITY] => u=0, i
    [HTTP_ACCEPT_LANGUAGE] => en-US,en;q=0.9,ja-JP;q=0.8,ja;q=0.7
    [HTTP_SEC_FETCH_DEST] => document
    [HTTP_SEC_FETCH_USER] => ?1
    [HTTP_SEC_FETCH_MODE] => navigate
    [HTTP_SEC_FETCH_SITE] => none
    [HTTP_ACCEPT] => text/html,application/xhtml+xml,application/xml;q=0.9,image/avif,image/webp,image/apng,*/*;q=0.8,application/signed-exchange;v=b3;q=0.7
    [HTTP_USER_AGENT] => Mozilla/5.0 (Macintosh; Intel Mac OS X 10_15_7) AppleWebKit/537.36 (KHTML, like Gecko) Chrome/127.0.0.0 Safari/537.36
    [HTTP_UPGRADE_INSECURE_REQUESTS] => 1
    [HTTP_SEC_CH_UA_PLATFORM] => "macOS"
    [HTTP_SEC_CH_UA_MOBILE] => ?0
    [HTTP_SEC_CH_UA] => "Not)A;Brand";v="99", "Google Chrome";v="127", "Chromium";v="127"
    [HTTP_CONNECTION] => close
    [HTTP_X_FILE_TYPE] => normal
    [HTTP_X_UA_DEVICE] => pc
    [HTTP_X_FAILURE_CACHE_TIME] => 0
    [HTTP_X_ACCEL_EXPIRES] => 60
    [HTTP_X_WP_ACCESS] => 0
    [HTTP_X_SERVER_ADDRESS] => 103.141.97.55
    [HTTP_X_REAL_IP] => 59.129.225.81
    [HTTP_X_FORWARDED_SSL] => on
    [HTTP_X_FORWARDED_PORT] => 443
    [HTTP_X_FORWARDED_HOST] => school.heartf.com
    [HTTP_X_FORWARDED_PROTO] => https
    [HTTP_X_FORWARDED_FOR] => 59.129.225.81
    [HTTP_HOST] => school.heartf.com
    [AllowRestApi] => 1
    [Ngx_Cache_StaticMode] => 1
    [Ngx_Cache_NormalFile] => 1
    [FailureCacheTime] => 0
    [HTTPS] => on
    [UNIQUE_ID] => ZxHQ8X_s2-9VFgSbHKjASgAAAUM
    [MEF_PROXY_ADDR] => 103.141.97.55
    [FCGI_ROLE] => RESPONDER
    [PHP_SELF] => /kanaeru/rep.php
    [REQUEST_TIME_FLOAT] => 1729220849.6903
    [REQUEST_TIME] => 1729220849
)

Generated hash data: 2:item_jp_new_12:txn_670b39457fbaa0.72737990_7085_1728788805:1729220849:lionking
Hash: 50aa992da747804f56a2d64e20dd67e9cb976c1785fa1207812458d4fb628c69API Response: API Response Error: {"url":"/api/creditsadd","statusCode":500,"statusMessage":"CS_002","message":"CS_002","stack":""}User Environment Info:
IP Address: 49.97.14.91
Host Name / Provider: sp49-97-14-91.msc.spmode.ne.jp
User Agent: Mozilla/5.0 (Windows NT 10.0; Win64; x64) AppleWebKit/537.36 (KHTML, like Gecko) Chrome/130.0.0.0 Safari/537.36 Edg/130.0.0.0
Server Info: Array
(
    [PATH] => /usr/local/sbin:/usr/local/bin:/usr/sbin:/usr/bin
    [PWD] => /home/userfastcgi/heartf/heartf.com
    [SHLVL] => 0
    [SCRIPT_NAME] => /kanaeru/rep.php
    [REQUEST_URI] => /kanaeru/rep.php?user_id=25&price=5500&item_name=item_jp_new_100&transaction_id=txn_67137bd4278cb0.72125801_7851_1729330132&callback=my
    [QUERY_STRING] => user_id=25&price=5500&item_name=item_jp_new_100&transaction_id=txn_67137bd4278cb0.72125801_7851_1729330132&callback=my
    [REQUEST_METHOD] => GET
    [SERVER_PROTOCOL] => HTTP/1.1
    [GATEWAY_INTERFACE] => CGI/1.1
    [REMOTE_PORT] => 51994
    [SCRIPT_FILENAME] => /home/heartf/heartf.com/public_html/school/kanaeru/rep.php
    [SERVER_ADMIN] => webmaster@heartf.com
    [CONTEXT_DOCUMENT_ROOT] => /home/heartf/heartf.com/public_html/school
    [CONTEXT_PREFIX] => 
    [REQUEST_SCHEME] => https
    [DOCUMENT_ROOT] => /home/heartf/heartf.com/public_html/school
    [REMOTE_ADDR] => 49.97.14.91
    [SERVER_PORT] => 443
    [SERVER_ADDR] => 103.141.97.55
    [SERVER_NAME] => school.heartf.com
    [SERVER_SOFTWARE] => Apache
    [SERVER_SIGNATURE] => 
    [HTTP_COOKIE] => _ga_7DRL21B865=GS1.1.1705736571.2.0.1705736580.0.0.0; _ga_LX121NPD7K=GS1.1.1706690549.2.1.1706690744.47.0.1195379158; _ga_DN9TZ3Q2LG=GS1.1.1706690549.2.1.1706690744.0.0.0; _ga_HE2HZGS8HL=GS1.2.1711198895.8.1.1711199628.0.0.0; _gcl_au=1.1.112300031.1721883560; _ga=GA1.1.1323390995.1703293715; _fbp=fb.1.1721883560031.85339241371627929; _clck=87vgjk%7C2%7Cfnr%7C0%7C1667; _ga_W99M1L8DL1=GS1.1.1721883559.1.0.1721883569.0.0.0
    [HTTP_PRIORITY] => u=0, i
    [HTTP_ACCEPT_LANGUAGE] => ja,en;q=0.9,en-GB;q=0.8,en-US;q=0.7
    [HTTP_REFERER] => https://secure.telecomcredit.co.jp/
    [HTTP_SEC_CH_UA_PLATFORM] => "Windows"
    [HTTP_SEC_CH_UA_MOBILE] => ?0
    [HTTP_SEC_CH_UA] => "Chromium";v="130", "Microsoft Edge";v="130", "Not?A_Brand";v="99"
    [HTTP_SEC_FETCH_DEST] => document
    [HTTP_SEC_FETCH_USER] => ?1
    [HTTP_SEC_FETCH_MODE] => navigate
    [HTTP_SEC_FETCH_SITE] => cross-site
    [HTTP_ACCEPT] => text/html,application/xhtml+xml,application/xml;q=0.9,image/avif,image/webp,image/apng,*/*;q=0.8,application/signed-exchange;v=b3;q=0.7
    [HTTP_USER_AGENT] => Mozilla/5.0 (Windows NT 10.0; Win64; x64) AppleWebKit/537.36 (KHTML, like Gecko) Chrome/130.0.0.0 Safari/537.36 Edg/130.0.0.0
    [HTTP_UPGRADE_INSECURE_REQUESTS] => 1
    [HTTP_CACHE_CONTROL] => max-age=0
    [HTTP_CONNECTION] => close
    [HTTP_X_FILE_TYPE] => normal
    [HTTP_X_UA_DEVICE] => pc
    [HTTP_X_FAILURE_CACHE_TIME] => 0
    [HTTP_X_ACCEL_EXPIRES] => 60
    [HTTP_X_WP_ACCESS] => 0
    [HTTP_X_SERVER_ADDRESS] => 103.141.97.55
    [HTTP_X_REAL_IP] => 49.97.14.91
    [HTTP_X_FORWARDED_SSL] => on
    [HTTP_X_FORWARDED_PORT] => 443
    [HTTP_X_FORWARDED_HOST] => school.heartf.com
    [HTTP_X_FORWARDED_PROTO] => https
    [HTTP_X_FORWARDED_FOR] => 49.97.14.91
    [HTTP_HOST] => school.heartf.com
    [AllowRestApi] => 1
    [Ngx_Cache_StaticMode] => 1
    [Ngx_Cache_NormalFile] => 1
    [FailureCacheTime] => 0
    [HTTPS] => on
    [UNIQUE_ID] => ZxN8NobsUKjXYZDGwV7cvwAAAb4
    [MEF_PROXY_ADDR] => 103.141.97.55
    [FCGI_ROLE] => RESPONDER
    [PHP_SELF] => /kanaeru/rep.php
    [REQUEST_TIME_FLOAT] => 1729330230.2054
    [REQUEST_TIME] => 1729330230
)

Generated hash data: 25:item_jp_new_100:txn_67137bd4278cb0.72125801_7851_1729330132:1729330230:lionking
Hash: 08a342372f39210bb9734d3513fcef1dff133120ffee327245fa4704c60bce98API Response: API Success: Redirecting to thanks pageUser Environment Info:
IP Address: 49.97.14.91
Host Name / Provider: sp49-97-14-91.msc.spmode.ne.jp
User Agent: Mozilla/5.0 (Windows NT 10.0; Win64; x64) AppleWebKit/537.36 (KHTML, like Gecko) Chrome/130.0.0.0 Safari/537.36 Edg/130.0.0.0
Server Info: Array
(
    [PATH] => /usr/local/sbin:/usr/local/bin:/usr/sbin:/usr/bin
    [PWD] => /home/userfastcgi/heartf/heartf.com
    [SHLVL] => 0
    [SCRIPT_NAME] => /kanaeru/rep.php
    [REQUEST_URI] => /kanaeru/rep.php?user_id=25&price=5500&item_name=item_jp_new_100&transaction_id=txn_6718f71d690157.86366794_2770_1729689373&callback=my
    [QUERY_STRING] => user_id=25&price=5500&item_name=item_jp_new_100&transaction_id=txn_6718f71d690157.86366794_2770_1729689373&callback=my
    [REQUEST_METHOD] => GET
    [SERVER_PROTOCOL] => HTTP/1.1
    [GATEWAY_INTERFACE] => CGI/1.1
    [REMOTE_PORT] => 42748
    [SCRIPT_FILENAME] => /home/heartf/heartf.com/public_html/school/kanaeru/rep.php
    [SERVER_ADMIN] => webmaster@heartf.com
    [CONTEXT_DOCUMENT_ROOT] => /home/heartf/heartf.com/public_html/school
    [CONTEXT_PREFIX] => 
    [REQUEST_SCHEME] => https
    [DOCUMENT_ROOT] => /home/heartf/heartf.com/public_html/school
    [REMOTE_ADDR] => 49.97.14.91
    [SERVER_PORT] => 443
    [SERVER_ADDR] => 103.141.97.55
    [SERVER_NAME] => school.heartf.com
    [SERVER_SOFTWARE] => Apache
    [SERVER_SIGNATURE] => 
    [HTTP_COOKIE] => _ga_7DRL21B865=GS1.1.1705736571.2.0.1705736580.0.0.0; _ga_LX121NPD7K=GS1.1.1706690549.2.1.1706690744.47.0.1195379158; _ga_DN9TZ3Q2LG=GS1.1.1706690549.2.1.1706690744.0.0.0; _ga_HE2HZGS8HL=GS1.2.1711198895.8.1.1711199628.0.0.0; _ga=GA1.1.1323390995.1703293715; _clck=87vgjk%7C2%7Cfnr%7C0%7C1667; _ga_W99M1L8DL1=GS1.1.1721883559.1.0.1721883569.0.0.0
    [HTTP_PRIORITY] => u=0, i
    [HTTP_ACCEPT_LANGUAGE] => ja,en;q=0.9,en-GB;q=0.8,en-US;q=0.7
    [HTTP_REFERER] => https://secure.telecomcredit.co.jp/
    [HTTP_SEC_CH_UA_PLATFORM] => "Windows"
    [HTTP_SEC_CH_UA_MOBILE] => ?0
    [HTTP_SEC_CH_UA] => "Chromium";v="130", "Microsoft Edge";v="130", "Not?A_Brand";v="99"
    [HTTP_SEC_FETCH_DEST] => document
    [HTTP_SEC_FETCH_USER] => ?1
    [HTTP_SEC_FETCH_MODE] => navigate
    [HTTP_SEC_FETCH_SITE] => cross-site
    [HTTP_ACCEPT] => text/html,application/xhtml+xml,application/xml;q=0.9,image/avif,image/webp,image/apng,*/*;q=0.8,application/signed-exchange;v=b3;q=0.7
    [HTTP_USER_AGENT] => Mozilla/5.0 (Windows NT 10.0; Win64; x64) AppleWebKit/537.36 (KHTML, like Gecko) Chrome/130.0.0.0 Safari/537.36 Edg/130.0.0.0
    [HTTP_UPGRADE_INSECURE_REQUESTS] => 1
    [HTTP_CACHE_CONTROL] => max-age=0
    [HTTP_CONNECTION] => close
    [HTTP_X_FILE_TYPE] => normal
    [HTTP_X_UA_DEVICE] => pc
    [HTTP_X_FAILURE_CACHE_TIME] => 0
    [HTTP_X_ACCEL_EXPIRES] => 60
    [HTTP_X_WP_ACCESS] => 0
    [HTTP_X_SERVER_ADDRESS] => 103.141.97.55
    [HTTP_X_REAL_IP] => 49.97.14.91
    [HTTP_X_FORWARDED_SSL] => on
    [HTTP_X_FORWARDED_PORT] => 443
    [HTTP_X_FORWARDED_HOST] => school.heartf.com
    [HTTP_X_FORWARDED_PROTO] => https
    [HTTP_X_FORWARDED_FOR] => 49.97.14.91
    [HTTP_HOST] => school.heartf.com
    [AllowRestApi] => 1
    [Ngx_Cache_StaticMode] => 1
    [Ngx_Cache_NormalFile] => 1
    [FailureCacheTime] => 0
    [HTTPS] => on
    [UNIQUE_ID] => Zxj3VxonTWoqCUaHuQhgMgAAAJw
    [MEF_PROXY_ADDR] => 103.141.97.55
    [FCGI_ROLE] => RESPONDER
    [PHP_SELF] => /kanaeru/rep.php
    [REQUEST_TIME_FLOAT] => 1729689431.1043
    [REQUEST_TIME] => 1729689431
)

Generated hash data: 25:item_jp_new_100:txn_6718f71d690157.86366794_2770_1729689373:1729689431:lionking
Hash: 51f182938b18f0a84544e0c852b53e0a4f1c06c9dae36d6821f2be807ba9d728API Response: API Success: Redirecting to thanks pageUser Environment Info:
IP Address: 49.97.14.194
Host Name / Provider: sp49-97-14-194.msc.spmode.ne.jp
User Agent: Mozilla/5.0 (Windows NT 10.0; Win64; x64) AppleWebKit/537.36 (KHTML, like Gecko) Chrome/130.0.0.0 Safari/537.36 Edg/130.0.0.0
Server Info: Array
(
    [PATH] => /usr/local/sbin:/usr/local/bin:/usr/sbin:/usr/bin
    [PWD] => /home/userfastcgi/heartf/heartf.com
    [SHLVL] => 0
    [SCRIPT_NAME] => /kanaeru/rep.php
    [REQUEST_URI] => /kanaeru/rep.php?user_id=25&price=5500&item_name=item_jp_new_100&transaction_id=txn_671b62259de9c7.87972095_7319_1729847845&callback=my
    [QUERY_STRING] => user_id=25&price=5500&item_name=item_jp_new_100&transaction_id=txn_671b62259de9c7.87972095_7319_1729847845&callback=my
    [REQUEST_METHOD] => GET
    [SERVER_PROTOCOL] => HTTP/1.1
    [GATEWAY_INTERFACE] => CGI/1.1
    [REMOTE_PORT] => 44080
    [SCRIPT_FILENAME] => /home/heartf/heartf.com/public_html/school/kanaeru/rep.php
    [SERVER_ADMIN] => webmaster@heartf.com
    [CONTEXT_DOCUMENT_ROOT] => /home/heartf/heartf.com/public_html/school
    [CONTEXT_PREFIX] => 
    [REQUEST_SCHEME] => https
    [DOCUMENT_ROOT] => /home/heartf/heartf.com/public_html/school
    [REMOTE_ADDR] => 49.97.14.194
    [SERVER_PORT] => 443
    [SERVER_ADDR] => 103.141.97.55
    [SERVER_NAME] => school.heartf.com
    [SERVER_SOFTWARE] => Apache
    [SERVER_SIGNATURE] => 
    [HTTP_COOKIE] => _ga_7DRL21B865=GS1.1.1705736571.2.0.1705736580.0.0.0; _ga_LX121NPD7K=GS1.1.1706690549.2.1.1706690744.47.0.1195379158; _ga_DN9TZ3Q2LG=GS1.1.1706690549.2.1.1706690744.0.0.0; _ga_HE2HZGS8HL=GS1.2.1711198895.8.1.1711199628.0.0.0; _ga=GA1.1.1323390995.1703293715; _clck=87vgjk%7C2%7Cfnr%7C0%7C1667; _ga_W99M1L8DL1=GS1.1.1721883559.1.0.1721883569.0.0.0
    [HTTP_PRIORITY] => u=0, i
    [HTTP_ACCEPT_LANGUAGE] => ja,en;q=0.9,en-GB;q=0.8,en-US;q=0.7
    [HTTP_REFERER] => https://secure.telecomcredit.co.jp/
    [HTTP_SEC_CH_UA_PLATFORM] => "Windows"
    [HTTP_SEC_CH_UA_MOBILE] => ?0
    [HTTP_SEC_CH_UA] => "Chromium";v="130", "Microsoft Edge";v="130", "Not?A_Brand";v="99"
    [HTTP_SEC_FETCH_DEST] => document
    [HTTP_SEC_FETCH_USER] => ?1
    [HTTP_SEC_FETCH_MODE] => navigate
    [HTTP_SEC_FETCH_SITE] => cross-site
    [HTTP_ACCEPT] => text/html,application/xhtml+xml,application/xml;q=0.9,image/avif,image/webp,image/apng,*/*;q=0.8,application/signed-exchange;v=b3;q=0.7
    [HTTP_USER_AGENT] => Mozilla/5.0 (Windows NT 10.0; Win64; x64) AppleWebKit/537.36 (KHTML, like Gecko) Chrome/130.0.0.0 Safari/537.36 Edg/130.0.0.0
    [HTTP_UPGRADE_INSECURE_REQUESTS] => 1
    [HTTP_CACHE_CONTROL] => max-age=0
    [HTTP_CONNECTION] => close
    [HTTP_X_FILE_TYPE] => normal
    [HTTP_X_UA_DEVICE] => pc
    [HTTP_X_FAILURE_CACHE_TIME] => 0
    [HTTP_X_ACCEL_EXPIRES] => 60
    [HTTP_X_WP_ACCESS] => 0
    [HTTP_X_SERVER_ADDRESS] => 103.141.97.55
    [HTTP_X_REAL_IP] => 49.97.14.194
    [HTTP_X_FORWARDED_SSL] => on
    [HTTP_X_FORWARDED_PORT] => 443
    [HTTP_X_FORWARDED_HOST] => school.heartf.com
    [HTTP_X_FORWARDED_PROTO] => https
    [HTTP_X_FORWARDED_FOR] => 49.97.14.194
    [HTTP_HOST] => school.heartf.com
    [AllowRestApi] => 1
    [Ngx_Cache_StaticMode] => 1
    [Ngx_Cache_NormalFile] => 1
    [FailureCacheTime] => 0
    [HTTPS] => on
    [UNIQUE_ID] => ZxticLHyVV4dj4UDS_fbLgAAAQc
    [MEF_PROXY_ADDR] => 103.141.97.55
    [FCGI_ROLE] => RESPONDER
    [PHP_SELF] => /kanaeru/rep.php
    [REQUEST_TIME_FLOAT] => 1729847920.3238
    [REQUEST_TIME] => 1729847920
)

Generated hash data: 25:item_jp_new_100:txn_671b62259de9c7.87972095_7319_1729847845:1729847920:lionking
Hash: d8be64217e8f1851eff96d1a7cb67db02c21cc33a97c85b56a108bb6fb5f0a97API Response: API Success: Redirecting to thanks pageUser Environment Info:
IP Address: 49.97.14.194
Host Name / Provider: sp49-97-14-194.msc.spmode.ne.jp
User Agent: Mozilla/5.0 (Windows NT 10.0; Win64; x64) AppleWebKit/537.36 (KHTML, like Gecko) Chrome/130.0.0.0 Safari/537.36 Edg/130.0.0.0
Server Info: Array
(
    [PATH] => /usr/local/sbin:/usr/local/bin:/usr/sbin:/usr/bin
    [PWD] => /home/userfastcgi/heartf/heartf.com
    [SHLVL] => 0
    [SCRIPT_NAME] => /kanaeru/rep.php
    [REQUEST_URI] => /kanaeru/rep.php?user_id=25&price=5500&item_name=item_jp_new_100&transaction_id=txn_6720a7ea7aaae7.64936842_5900_1730193386&callback=my
    [QUERY_STRING] => user_id=25&price=5500&item_name=item_jp_new_100&transaction_id=txn_6720a7ea7aaae7.64936842_5900_1730193386&callback=my
    [REQUEST_METHOD] => GET
    [SERVER_PROTOCOL] => HTTP/1.1
    [GATEWAY_INTERFACE] => CGI/1.1
    [REMOTE_PORT] => 38556
    [SCRIPT_FILENAME] => /home/heartf/heartf.com/public_html/school/kanaeru/rep.php
    [SERVER_ADMIN] => webmaster@heartf.com
    [CONTEXT_DOCUMENT_ROOT] => /home/heartf/heartf.com/public_html/school
    [CONTEXT_PREFIX] => 
    [REQUEST_SCHEME] => https
    [DOCUMENT_ROOT] => /home/heartf/heartf.com/public_html/school
    [REMOTE_ADDR] => 49.97.14.194
    [SERVER_PORT] => 443
    [SERVER_ADDR] => 103.141.97.55
    [SERVER_NAME] => school.heartf.com
    [SERVER_SOFTWARE] => Apache
    [SERVER_SIGNATURE] => 
    [HTTP_COOKIE] => _ga_7DRL21B865=GS1.1.1705736571.2.0.1705736580.0.0.0; _ga_LX121NPD7K=GS1.1.1706690549.2.1.1706690744.47.0.1195379158; _ga_DN9TZ3Q2LG=GS1.1.1706690549.2.1.1706690744.0.0.0; _ga_HE2HZGS8HL=GS1.2.1711198895.8.1.1711199628.0.0.0; _ga=GA1.1.1323390995.1703293715; _clck=87vgjk%7C2%7Cfnr%7C0%7C1667; _ga_W99M1L8DL1=GS1.1.1721883559.1.0.1721883569.0.0.0
    [HTTP_PRIORITY] => u=0, i
    [HTTP_ACCEPT_LANGUAGE] => ja,en;q=0.9,en-GB;q=0.8,en-US;q=0.7
    [HTTP_REFERER] => https://secure.telecomcredit.co.jp/
    [HTTP_SEC_CH_UA_PLATFORM] => "Windows"
    [HTTP_SEC_CH_UA_MOBILE] => ?0
    [HTTP_SEC_CH_UA] => "Chromium";v="130", "Microsoft Edge";v="130", "Not?A_Brand";v="99"
    [HTTP_SEC_FETCH_DEST] => document
    [HTTP_SEC_FETCH_USER] => ?1
    [HTTP_SEC_FETCH_MODE] => navigate
    [HTTP_SEC_FETCH_SITE] => cross-site
    [HTTP_ACCEPT] => text/html,application/xhtml+xml,application/xml;q=0.9,image/avif,image/webp,image/apng,*/*;q=0.8,application/signed-exchange;v=b3;q=0.7
    [HTTP_USER_AGENT] => Mozilla/5.0 (Windows NT 10.0; Win64; x64) AppleWebKit/537.36 (KHTML, like Gecko) Chrome/130.0.0.0 Safari/537.36 Edg/130.0.0.0
    [HTTP_UPGRADE_INSECURE_REQUESTS] => 1
    [HTTP_CACHE_CONTROL] => max-age=0
    [HTTP_CONNECTION] => close
    [HTTP_X_FILE_TYPE] => normal
    [HTTP_X_UA_DEVICE] => pc
    [HTTP_X_FAILURE_CACHE_TIME] => 0
    [HTTP_X_ACCEL_EXPIRES] => 60
    [HTTP_X_WP_ACCESS] => 0
    [HTTP_X_SERVER_ADDRESS] => 103.141.97.55
    [HTTP_X_REAL_IP] => 49.97.14.194
    [HTTP_X_FORWARDED_SSL] => on
    [HTTP_X_FORWARDED_PORT] => 443
    [HTTP_X_FORWARDED_HOST] => school.heartf.com
    [HTTP_X_FORWARDED_PROTO] => https
    [HTTP_X_FORWARDED_FOR] => 49.97.14.194
    [HTTP_HOST] => school.heartf.com
    [AllowRestApi] => 1
    [Ngx_Cache_StaticMode] => 1
    [Ngx_Cache_NormalFile] => 1
    [FailureCacheTime] => 0
    [HTTPS] => on
    [UNIQUE_ID] => ZyCoB5pL8y88tvGTc8984AAAAEc
    [MEF_PROXY_ADDR] => 103.141.97.55
    [FCGI_ROLE] => RESPONDER
    [PHP_SELF] => /kanaeru/rep.php
    [REQUEST_TIME_FLOAT] => 1730193415.8883
    [REQUEST_TIME] => 1730193415
)

Generated hash data: 25:item_jp_new_100:txn_6720a7ea7aaae7.64936842_5900_1730193386:1730193415:lionking
Hash: 09a9b910c294c27410b1a2a0e4e9e78204067fe560d282c19fb110e537f4d6f1API Response: API Success: Redirecting to thanks pageUser Environment Info:
IP Address: 147.92.179.105
Host Name / Provider: poker-105.line-apps.com
User Agent: facebookexternalhit/1.1;line-poker/1.0
Server Info: Array
(
    [PATH] => /usr/local/sbin:/usr/local/bin:/usr/sbin:/usr/bin
    [PWD] => /home/userfastcgi/heartf/heartf.com
    [SHLVL] => 0
    [SCRIPT_NAME] => /kanaeru/rep.php
    [REQUEST_URI] => /kanaeru/rep.php?user_id=2&price=660&item_name=item_jp_new_12&transaction_id=txn_670b39457fbaa0.72737990_7085_1728788805
    [QUERY_STRING] => user_id=2&price=660&item_name=item_jp_new_12&transaction_id=txn_670b39457fbaa0.72737990_7085_1728788805
    [REQUEST_METHOD] => GET
    [SERVER_PROTOCOL] => HTTP/1.1
    [GATEWAY_INTERFACE] => CGI/1.1
    [REMOTE_PORT] => 50502
    [SCRIPT_FILENAME] => /home/heartf/heartf.com/public_html/school/kanaeru/rep.php
    [SERVER_ADMIN] => webmaster@heartf.com
    [CONTEXT_DOCUMENT_ROOT] => /home/heartf/heartf.com/public_html/school
    [CONTEXT_PREFIX] => 
    [REQUEST_SCHEME] => https
    [DOCUMENT_ROOT] => /home/heartf/heartf.com/public_html/school
    [REMOTE_ADDR] => 147.92.179.105
    [SERVER_PORT] => 443
    [SERVER_ADDR] => 103.141.97.55
    [SERVER_NAME] => school.heartf.com
    [SERVER_SOFTWARE] => Apache
    [SERVER_SIGNATURE] => 
    [HTTP_ACCEPT] => */*
    [HTTP_USER_AGENT] => facebookexternalhit/1.1;line-poker/1.0
    [HTTP_ACCEPT_LANGUAGE] => ja
    [CONTENT_LENGTH] => 0
    [HTTP_CONNECTION] => close
    [HTTP_X_FILE_TYPE] => normal
    [HTTP_X_UA_DEVICE] => pc
    [HTTP_X_FAILURE_CACHE_TIME] => 0
    [HTTP_X_ACCEL_EXPIRES] => 60
    [HTTP_X_WP_ACCESS] => 0
    [HTTP_X_SERVER_ADDRESS] => 103.141.97.55
    [HTTP_X_REAL_IP] => 147.92.179.105
    [HTTP_X_FORWARDED_SSL] => on
    [HTTP_X_FORWARDED_PORT] => 443
    [HTTP_X_FORWARDED_HOST] => school.heartf.com
    [HTTP_X_FORWARDED_PROTO] => https
    [HTTP_X_FORWARDED_FOR] => 147.92.179.105
    [HTTP_HOST] => school.heartf.com
    [AllowRestApi] => 1
    [Ngx_Cache_StaticMode] => 1
    [Ngx_Cache_NormalFile] => 1
    [FailureCacheTime] => 0
    [HTTPS] => on
    [UNIQUE_ID] => ZyIljzRcn7MrZzn3yRm_jAAAAJI
    [MEF_PROXY_ADDR] => 103.141.97.55
    [FCGI_ROLE] => RESPONDER
    [PHP_SELF] => /kanaeru/rep.php
    [REQUEST_TIME_FLOAT] => 1730291087.9232
    [REQUEST_TIME] => 1730291087
)

Generated hash data: 2:item_jp_new_12:txn_670b39457fbaa0.72737990_7085_1728788805:1730291087:lionking
Hash: 27d0f7ec8291bf138f8f4546195d89112fd0d65422215057f3ec047d661537eaAPI Response: API Response Error: {"url":"/api/creditsadd","statusCode":500,"statusMessage":"CS_002","message":"CS_002","stack":""}User Environment Info:
IP Address: 49.97.14.194
Host Name / Provider: sp49-97-14-194.msc.spmode.ne.jp
User Agent: Mozilla/5.0 (Windows NT 10.0; Win64; x64) AppleWebKit/537.36 (KHTML, like Gecko) Chrome/130.0.0.0 Safari/537.36 Edg/130.0.0.0
Server Info: Array
(
    [PATH] => /usr/local/sbin:/usr/local/bin:/usr/sbin:/usr/bin
    [PWD] => /home/userfastcgi/heartf/heartf.com
    [SHLVL] => 0
    [SCRIPT_NAME] => /kanaeru/rep.php
    [REQUEST_URI] => /kanaeru/rep.php?user_id=25&price=5500&item_name=item_jp_new_100&transaction_id=txn_6723511f283cc6.06672833_1703_1730367775&callback=my
    [QUERY_STRING] => user_id=25&price=5500&item_name=item_jp_new_100&transaction_id=txn_6723511f283cc6.06672833_1703_1730367775&callback=my
    [REQUEST_METHOD] => GET
    [SERVER_PROTOCOL] => HTTP/1.1
    [GATEWAY_INTERFACE] => CGI/1.1
    [REMOTE_PORT] => 48154
    [SCRIPT_FILENAME] => /home/heartf/heartf.com/public_html/school/kanaeru/rep.php
    [SERVER_ADMIN] => webmaster@heartf.com
    [CONTEXT_DOCUMENT_ROOT] => /home/heartf/heartf.com/public_html/school
    [CONTEXT_PREFIX] => 
    [REQUEST_SCHEME] => https
    [DOCUMENT_ROOT] => /home/heartf/heartf.com/public_html/school
    [REMOTE_ADDR] => 49.97.14.194
    [SERVER_PORT] => 443
    [SERVER_ADDR] => 103.141.97.55
    [SERVER_NAME] => school.heartf.com
    [SERVER_SOFTWARE] => Apache
    [SERVER_SIGNATURE] => 
    [HTTP_COOKIE] => _ga_7DRL21B865=GS1.1.1705736571.2.0.1705736580.0.0.0; _ga_LX121NPD7K=GS1.1.1706690549.2.1.1706690744.47.0.1195379158; _ga_DN9TZ3Q2LG=GS1.1.1706690549.2.1.1706690744.0.0.0; _ga_HE2HZGS8HL=GS1.2.1711198895.8.1.1711199628.0.0.0; _ga=GA1.1.1323390995.1703293715; _clck=87vgjk%7C2%7Cfnr%7C0%7C1667; _ga_W99M1L8DL1=GS1.1.1721883559.1.0.1721883569.0.0.0
    [HTTP_PRIORITY] => u=0, i
    [HTTP_ACCEPT_LANGUAGE] => ja,en;q=0.9,en-GB;q=0.8,en-US;q=0.7
    [HTTP_REFERER] => https://secure.telecomcredit.co.jp/
    [HTTP_SEC_CH_UA_PLATFORM] => "Windows"
    [HTTP_SEC_CH_UA_MOBILE] => ?0
    [HTTP_SEC_CH_UA] => "Chromium";v="130", "Microsoft Edge";v="130", "Not?A_Brand";v="99"
    [HTTP_SEC_FETCH_DEST] => document
    [HTTP_SEC_FETCH_USER] => ?1
    [HTTP_SEC_FETCH_MODE] => navigate
    [HTTP_SEC_FETCH_SITE] => cross-site
    [HTTP_ACCEPT] => text/html,application/xhtml+xml,application/xml;q=0.9,image/avif,image/webp,image/apng,*/*;q=0.8,application/signed-exchange;v=b3;q=0.7
    [HTTP_USER_AGENT] => Mozilla/5.0 (Windows NT 10.0; Win64; x64) AppleWebKit/537.36 (KHTML, like Gecko) Chrome/130.0.0.0 Safari/537.36 Edg/130.0.0.0
    [HTTP_UPGRADE_INSECURE_REQUESTS] => 1
    [HTTP_CACHE_CONTROL] => max-age=0
    [HTTP_CONNECTION] => close
    [HTTP_X_FILE_TYPE] => normal
    [HTTP_X_UA_DEVICE] => pc
    [HTTP_X_FAILURE_CACHE_TIME] => 0
    [HTTP_X_ACCEL_EXPIRES] => 60
    [HTTP_X_WP_ACCESS] => 0
    [HTTP_X_SERVER_ADDRESS] => 103.141.97.55
    [HTTP_X_REAL_IP] => 49.97.14.194
    [HTTP_X_FORWARDED_SSL] => on
    [HTTP_X_FORWARDED_PORT] => 443
    [HTTP_X_FORWARDED_HOST] => school.heartf.com
    [HTTP_X_FORWARDED_PROTO] => https
    [HTTP_X_FORWARDED_FOR] => 49.97.14.194
    [HTTP_HOST] => school.heartf.com
    [AllowRestApi] => 1
    [Ngx_Cache_StaticMode] => 1
    [Ngx_Cache_NormalFile] => 1
    [FailureCacheTime] => 0
    [HTTPS] => on
    [UNIQUE_ID] => ZyNRQ8MZHUaLBXbJXlLwhwAAAkU
    [MEF_PROXY_ADDR] => 103.141.97.55
    [FCGI_ROLE] => RESPONDER
    [PHP_SELF] => /kanaeru/rep.php
    [REQUEST_TIME_FLOAT] => 1730367811.2803
    [REQUEST_TIME] => 1730367811
)

Generated hash data: 25:item_jp_new_100:txn_6723511f283cc6.06672833_1703_1730367775:1730367811:lionking
Hash: 54c90ceada66c192aaeaaca6363e15614c23df9a8efbac040a99a4d301dd0277API Response: API Success: Redirecting to thanks pageUser Environment Info:
IP Address: 49.97.14.194
Host Name / Provider: sp49-97-14-194.msc.spmode.ne.jp
User Agent: Mozilla/5.0 (Windows NT 10.0; Win64; x64) AppleWebKit/537.36 (KHTML, like Gecko) Chrome/130.0.0.0 Safari/537.36 Edg/130.0.0.0
Server Info: Array
(
    [PATH] => /usr/local/sbin:/usr/local/bin:/usr/sbin:/usr/bin
    [PWD] => /home/userfastcgi/heartf/heartf.com
    [SHLVL] => 0
    [SCRIPT_NAME] => /kanaeru/rep.php
    [REQUEST_URI] => /kanaeru/rep.php?user_id=25&price=5500&item_name=item_jp_new_100&transaction_id=txn_6728ca7c7ef221.55513081_8212_1730726524&callback=my
    [QUERY_STRING] => user_id=25&price=5500&item_name=item_jp_new_100&transaction_id=txn_6728ca7c7ef221.55513081_8212_1730726524&callback=my
    [REQUEST_METHOD] => GET
    [SERVER_PROTOCOL] => HTTP/1.1
    [GATEWAY_INTERFACE] => CGI/1.1
    [REMOTE_PORT] => 37146
    [SCRIPT_FILENAME] => /home/heartf/heartf.com/public_html/school/kanaeru/rep.php
    [SERVER_ADMIN] => webmaster@heartf.com
    [CONTEXT_DOCUMENT_ROOT] => /home/heartf/heartf.com/public_html/school
    [CONTEXT_PREFIX] => 
    [REQUEST_SCHEME] => https
    [DOCUMENT_ROOT] => /home/heartf/heartf.com/public_html/school
    [REMOTE_ADDR] => 49.97.14.194
    [SERVER_PORT] => 443
    [SERVER_ADDR] => 103.141.97.55
    [SERVER_NAME] => school.heartf.com
    [SERVER_SOFTWARE] => Apache
    [SERVER_SIGNATURE] => 
    [HTTP_COOKIE] => _ga_7DRL21B865=GS1.1.1705736571.2.0.1705736580.0.0.0; _ga_LX121NPD7K=GS1.1.1706690549.2.1.1706690744.47.0.1195379158; _ga_DN9TZ3Q2LG=GS1.1.1706690549.2.1.1706690744.0.0.0; _ga_HE2HZGS8HL=GS1.2.1711198895.8.1.1711199628.0.0.0; _ga=GA1.1.1323390995.1703293715; _clck=87vgjk%7C2%7Cfnr%7C0%7C1667; _ga_W99M1L8DL1=GS1.1.1721883559.1.0.1721883569.0.0.0
    [HTTP_PRIORITY] => u=0, i
    [HTTP_ACCEPT_LANGUAGE] => ja,en;q=0.9,en-GB;q=0.8,en-US;q=0.7
    [HTTP_REFERER] => https://secure.telecomcredit.co.jp/
    [HTTP_SEC_CH_UA_PLATFORM] => "Windows"
    [HTTP_SEC_CH_UA_MOBILE] => ?0
    [HTTP_SEC_CH_UA] => "Chromium";v="130", "Microsoft Edge";v="130", "Not?A_Brand";v="99"
    [HTTP_SEC_FETCH_DEST] => document
    [HTTP_SEC_FETCH_USER] => ?1
    [HTTP_SEC_FETCH_MODE] => navigate
    [HTTP_SEC_FETCH_SITE] => cross-site
    [HTTP_ACCEPT] => text/html,application/xhtml+xml,application/xml;q=0.9,image/avif,image/webp,image/apng,*/*;q=0.8,application/signed-exchange;v=b3;q=0.7
    [HTTP_USER_AGENT] => Mozilla/5.0 (Windows NT 10.0; Win64; x64) AppleWebKit/537.36 (KHTML, like Gecko) Chrome/130.0.0.0 Safari/537.36 Edg/130.0.0.0
    [HTTP_UPGRADE_INSECURE_REQUESTS] => 1
    [HTTP_CACHE_CONTROL] => max-age=0
    [HTTP_CONNECTION] => close
    [HTTP_X_FILE_TYPE] => normal
    [HTTP_X_UA_DEVICE] => pc
    [HTTP_X_FAILURE_CACHE_TIME] => 0
    [HTTP_X_ACCEL_EXPIRES] => 60
    [HTTP_X_WP_ACCESS] => 0
    [HTTP_X_SERVER_ADDRESS] => 103.141.97.55
    [HTTP_X_REAL_IP] => 49.97.14.194
    [HTTP_X_FORWARDED_SSL] => on
    [HTTP_X_FORWARDED_PORT] => 443
    [HTTP_X_FORWARDED_HOST] => school.heartf.com
    [HTTP_X_FORWARDED_PROTO] => https
    [HTTP_X_FORWARDED_FOR] => 49.97.14.194
    [HTTP_HOST] => school.heartf.com
    [AllowRestApi] => 1
    [Ngx_Cache_StaticMode] => 1
    [Ngx_Cache_NormalFile] => 1
    [FailureCacheTime] => 0
    [HTTPS] => on
    [UNIQUE_ID] => ZyjKolKDuMLFeC-KJ0wkvAAAAGo
    [MEF_PROXY_ADDR] => 103.141.97.55
    [FCGI_ROLE] => RESPONDER
    [PHP_SELF] => /kanaeru/rep.php
    [REQUEST_TIME_FLOAT] => 1730726562.7331
    [REQUEST_TIME] => 1730726562
)

Generated hash data: 25:item_jp_new_100:txn_6728ca7c7ef221.55513081_8212_1730726524:1730726562:lionking
Hash: aa3a6f598e1cd3a0e400f3eb42a116217bf50a7f5370e621f6f5ff647d52b10aAPI Response: API Success: Redirecting to thanks pageUser Environment Info:
IP Address: 49.97.14.194
Host Name / Provider: sp49-97-14-194.msc.spmode.ne.jp
User Agent: Mozilla/5.0 (Windows NT 10.0; Win64; x64) AppleWebKit/537.36 (KHTML, like Gecko) Chrome/130.0.0.0 Safari/537.36 Edg/130.0.0.0
Server Info: Array
(
    [PATH] => /usr/local/sbin:/usr/local/bin:/usr/sbin:/usr/bin
    [PWD] => /home/userfastcgi/heartf/heartf.com
    [SHLVL] => 0
    [SCRIPT_NAME] => /kanaeru/rep.php
    [REQUEST_URI] => /kanaeru/rep.php?user_id=25&price=5500&item_name=item_jp_new_100&transaction_id=txn_672c8bae4b74d0.95857034_8173_1730972590&callback=my
    [QUERY_STRING] => user_id=25&price=5500&item_name=item_jp_new_100&transaction_id=txn_672c8bae4b74d0.95857034_8173_1730972590&callback=my
    [REQUEST_METHOD] => GET
    [SERVER_PROTOCOL] => HTTP/1.1
    [GATEWAY_INTERFACE] => CGI/1.1
    [REMOTE_PORT] => 40104
    [SCRIPT_FILENAME] => /home/heartf/heartf.com/public_html/school/kanaeru/rep.php
    [SERVER_ADMIN] => webmaster@heartf.com
    [CONTEXT_DOCUMENT_ROOT] => /home/heartf/heartf.com/public_html/school
    [CONTEXT_PREFIX] => 
    [REQUEST_SCHEME] => https
    [DOCUMENT_ROOT] => /home/heartf/heartf.com/public_html/school
    [REMOTE_ADDR] => 49.97.14.194
    [SERVER_PORT] => 443
    [SERVER_ADDR] => 103.141.97.55
    [SERVER_NAME] => school.heartf.com
    [SERVER_SOFTWARE] => Apache
    [SERVER_SIGNATURE] => 
    [HTTP_COOKIE] => _ga_7DRL21B865=GS1.1.1705736571.2.0.1705736580.0.0.0; _ga_LX121NPD7K=GS1.1.1706690549.2.1.1706690744.47.0.1195379158; _ga_DN9TZ3Q2LG=GS1.1.1706690549.2.1.1706690744.0.0.0; _ga_HE2HZGS8HL=GS1.2.1711198895.8.1.1711199628.0.0.0; _ga=GA1.1.1323390995.1703293715; _clck=87vgjk%7C2%7Cfnr%7C0%7C1667; _ga_W99M1L8DL1=GS1.1.1721883559.1.0.1721883569.0.0.0
    [HTTP_PRIORITY] => u=0, i
    [HTTP_ACCEPT_LANGUAGE] => ja,en;q=0.9,en-GB;q=0.8,en-US;q=0.7
    [HTTP_REFERER] => https://secure.telecomcredit.co.jp/
    [HTTP_SEC_CH_UA_PLATFORM] => "Windows"
    [HTTP_SEC_CH_UA_MOBILE] => ?0
    [HTTP_SEC_CH_UA] => "Chromium";v="130", "Microsoft Edge";v="130", "Not?A_Brand";v="99"
    [HTTP_SEC_FETCH_DEST] => document
    [HTTP_SEC_FETCH_USER] => ?1
    [HTTP_SEC_FETCH_MODE] => navigate
    [HTTP_SEC_FETCH_SITE] => cross-site
    [HTTP_ACCEPT] => text/html,application/xhtml+xml,application/xml;q=0.9,image/avif,image/webp,image/apng,*/*;q=0.8,application/signed-exchange;v=b3;q=0.7
    [HTTP_USER_AGENT] => Mozilla/5.0 (Windows NT 10.0; Win64; x64) AppleWebKit/537.36 (KHTML, like Gecko) Chrome/130.0.0.0 Safari/537.36 Edg/130.0.0.0
    [HTTP_UPGRADE_INSECURE_REQUESTS] => 1
    [HTTP_CACHE_CONTROL] => max-age=0
    [HTTP_CONNECTION] => close
    [HTTP_X_FILE_TYPE] => normal
    [HTTP_X_UA_DEVICE] => pc
    [HTTP_X_FAILURE_CACHE_TIME] => 0
    [HTTP_X_ACCEL_EXPIRES] => 60
    [HTTP_X_WP_ACCESS] => 0
    [HTTP_X_SERVER_ADDRESS] => 103.141.97.55
    [HTTP_X_REAL_IP] => 49.97.14.194
    [HTTP_X_FORWARDED_SSL] => on
    [HTTP_X_FORWARDED_PORT] => 443
    [HTTP_X_FORWARDED_HOST] => school.heartf.com
    [HTTP_X_FORWARDED_PROTO] => https
    [HTTP_X_FORWARDED_FOR] => 49.97.14.194
    [HTTP_HOST] => school.heartf.com
    [AllowRestApi] => 1
    [Ngx_Cache_StaticMode] => 1
    [Ngx_Cache_NormalFile] => 1
    [FailureCacheTime] => 0
    [HTTPS] => on
    [UNIQUE_ID] => ZyyNdU-_bsbEkE96-iTptAAAAAo
    [MEF_PROXY_ADDR] => 103.141.97.55
    [FCGI_ROLE] => RESPONDER
    [PHP_SELF] => /kanaeru/rep.php
    [REQUEST_TIME_FLOAT] => 1730973045.3044
    [REQUEST_TIME] => 1730973045
)

Generated hash data: 25:item_jp_new_100:txn_672c8bae4b74d0.95857034_8173_1730972590:1730973045:lionking
Hash: 9817a61d5eb232fac1200d15a864a623164af22ac8da23e6509a4feb8b8a6059API Response: API Success: Redirecting to thanks pageUser Environment Info:
IP Address: 1.75.157.183
Host Name / Provider: sp1-75-157-183.msc.spmode.ne.jp
User Agent: Mozilla/5.0 (Windows NT 10.0; Win64; x64) AppleWebKit/537.36 (KHTML, like Gecko) Chrome/130.0.0.0 Safari/537.36 Edg/130.0.0.0
Server Info: Array
(
    [PATH] => /usr/local/sbin:/usr/local/bin:/usr/sbin:/usr/bin
    [PWD] => /home/userfastcgi/heartf/heartf.com
    [SHLVL] => 0
    [SCRIPT_NAME] => /kanaeru/rep.php
    [REQUEST_URI] => /kanaeru/rep.php?user_id=25&price=5500&item_name=item_jp_new_100&transaction_id=txn_673209e0ba2ff2.63332116_6575_1731332576&callback=my
    [QUERY_STRING] => user_id=25&price=5500&item_name=item_jp_new_100&transaction_id=txn_673209e0ba2ff2.63332116_6575_1731332576&callback=my
    [REQUEST_METHOD] => GET
    [SERVER_PROTOCOL] => HTTP/1.1
    [GATEWAY_INTERFACE] => CGI/1.1
    [REMOTE_PORT] => 52724
    [SCRIPT_FILENAME] => /home/heartf/heartf.com/public_html/school/kanaeru/rep.php
    [SERVER_ADMIN] => webmaster@heartf.com
    [CONTEXT_DOCUMENT_ROOT] => /home/heartf/heartf.com/public_html/school
    [CONTEXT_PREFIX] => 
    [REQUEST_SCHEME] => https
    [DOCUMENT_ROOT] => /home/heartf/heartf.com/public_html/school
    [REMOTE_ADDR] => 1.75.157.183
    [SERVER_PORT] => 443
    [SERVER_ADDR] => 103.141.97.55
    [SERVER_NAME] => school.heartf.com
    [SERVER_SOFTWARE] => Apache
    [SERVER_SIGNATURE] => 
    [HTTP_COOKIE] => _ga_7DRL21B865=GS1.1.1705736571.2.0.1705736580.0.0.0; _ga_LX121NPD7K=GS1.1.1706690549.2.1.1706690744.47.0.1195379158; _ga_DN9TZ3Q2LG=GS1.1.1706690549.2.1.1706690744.0.0.0; _ga_HE2HZGS8HL=GS1.2.1711198895.8.1.1711199628.0.0.0; _ga=GA1.1.1323390995.1703293715; _clck=87vgjk%7C2%7Cfnr%7C0%7C1667; _ga_W99M1L8DL1=GS1.1.1721883559.1.0.1721883569.0.0.0
    [HTTP_PRIORITY] => u=0, i
    [HTTP_ACCEPT_LANGUAGE] => ja,en;q=0.9,en-GB;q=0.8,en-US;q=0.7
    [HTTP_REFERER] => https://secure.telecomcredit.co.jp/
    [HTTP_SEC_CH_UA_PLATFORM] => "Windows"
    [HTTP_SEC_CH_UA_MOBILE] => ?0
    [HTTP_SEC_CH_UA] => "Chromium";v="130", "Microsoft Edge";v="130", "Not?A_Brand";v="99"
    [HTTP_SEC_FETCH_DEST] => document
    [HTTP_SEC_FETCH_USER] => ?1
    [HTTP_SEC_FETCH_MODE] => navigate
    [HTTP_SEC_FETCH_SITE] => cross-site
    [HTTP_ACCEPT] => text/html,application/xhtml+xml,application/xml;q=0.9,image/avif,image/webp,image/apng,*/*;q=0.8,application/signed-exchange;v=b3;q=0.7
    [HTTP_USER_AGENT] => Mozilla/5.0 (Windows NT 10.0; Win64; x64) AppleWebKit/537.36 (KHTML, like Gecko) Chrome/130.0.0.0 Safari/537.36 Edg/130.0.0.0
    [HTTP_UPGRADE_INSECURE_REQUESTS] => 1
    [HTTP_CACHE_CONTROL] => max-age=0
    [HTTP_CONNECTION] => close
    [HTTP_X_FILE_TYPE] => normal
    [HTTP_X_UA_DEVICE] => pc
    [HTTP_X_FAILURE_CACHE_TIME] => 0
    [HTTP_X_ACCEL_EXPIRES] => 60
    [HTTP_X_WP_ACCESS] => 0
    [HTTP_X_SERVER_ADDRESS] => 103.141.97.55
    [HTTP_X_REAL_IP] => 1.75.157.183
    [HTTP_X_FORWARDED_SSL] => on
    [HTTP_X_FORWARDED_PORT] => 443
    [HTTP_X_FORWARDED_HOST] => school.heartf.com
    [HTTP_X_FORWARDED_PROTO] => https
    [HTTP_X_FORWARDED_FOR] => 1.75.157.183
    [HTTP_HOST] => school.heartf.com
    [AllowRestApi] => 1
    [Ngx_Cache_StaticMode] => 1
    [Ngx_Cache_NormalFile] => 1
    [FailureCacheTime] => 0
    [HTTPS] => on
    [UNIQUE_ID] => ZzIKOW8E6OYafI4hVUNiegAAAV0
    [MEF_PROXY_ADDR] => 103.141.97.55
    [FCGI_ROLE] => RESPONDER
    [PHP_SELF] => /kanaeru/rep.php
    [REQUEST_TIME_FLOAT] => 1731332665.274
    [REQUEST_TIME] => 1731332665
)

Generated hash data: 25:item_jp_new_100:txn_673209e0ba2ff2.63332116_6575_1731332576:1731332665:lionking
Hash: 77cc23f9dfc2d8831cfc5b33d6a4c43ee93db72cefcbbe66e30d71d620b9fe84API Response: API Success: Redirecting to thanks pageUser Environment Info:
IP Address: 219.104.128.116
Host Name / Provider: madb688074.ap.nuro.jp
User Agent: Mozilla/5.0 (Linux; Android 10; K) AppleWebKit/537.36 (KHTML, like Gecko) Chrome/130.0.0.0 Mobile Safari/537.36
Server Info: Array
(
    [PATH] => /usr/local/sbin:/usr/local/bin:/usr/sbin:/usr/bin
    [PWD] => /home/userfastcgi/heartf/heartf.com
    [SHLVL] => 0
    [SCRIPT_NAME] => /kanaeru/rep.php
    [REQUEST_URI] => /kanaeru/rep.php?user_id=6&price=1650&item_name=item_jp_new_30&transaction_id=txn_673acee68318a0.76663470_8611_1731907302&callback=num%2Fdetail
    [QUERY_STRING] => user_id=6&price=1650&item_name=item_jp_new_30&transaction_id=txn_673acee68318a0.76663470_8611_1731907302&callback=num%2Fdetail
    [REQUEST_METHOD] => GET
    [SERVER_PROTOCOL] => HTTP/1.1
    [GATEWAY_INTERFACE] => CGI/1.1
    [REMOTE_PORT] => 53932
    [SCRIPT_FILENAME] => /home/heartf/heartf.com/public_html/school/kanaeru/rep.php
    [SERVER_ADMIN] => webmaster@heartf.com
    [CONTEXT_DOCUMENT_ROOT] => /home/heartf/heartf.com/public_html/school
    [CONTEXT_PREFIX] => 
    [REQUEST_SCHEME] => https
    [DOCUMENT_ROOT] => /home/heartf/heartf.com/public_html/school
    [REMOTE_ADDR] => 219.104.128.116
    [SERVER_PORT] => 443
    [SERVER_ADDR] => 103.141.97.55
    [SERVER_NAME] => school.heartf.com
    [SERVER_SOFTWARE] => Apache
    [SERVER_SIGNATURE] => 
    [HTTP_COOKIE] => _ga_M2QG0JN89S=GS1.1.1716264483.3.1.1716265351.0.0.0; _ga_ZQKCLRKB5Q=GS1.1.1721108296.4.1.1721108358.0.0.0; _ga_V61N4QB68M=GS1.1.1721108437.3.1.1721108477.0.0.0; _ga_59MKZTFML1=GS1.1.1721387897.2.0.1721387897.0.0.0; _ga_ZKNBTVGEJE=GS1.1.1725174718.12.1.1725174891.0.0.0; _ga_PWQM3ESTQV=GS1.1.1726156397.3.1.1726156492.0.0.0; _ga_HE2HZGS8HL=GS1.2.1726477417.117.1.1726477417.0.0.0; _ga_4PK6XBV3BP=GS1.1.1728909494.1.0.1728909500.0.0.0; _ga_KD8MNG8J43=GS1.1.1728909514.2.0.1728909514.0.0.0; _ga_7DRL21B865=GS1.1.1730190195.82.0.1730190199.0.0.0; _ga_24KCBZETC9=GS1.1.1730452952.6.0.1730452953.0.0.0; _gid=GA1.2.1873298292.1730981773; _ga_TF7VQ3P4WK=GS1.1.1731203403.32.1.1731203954.0.0.0; _ga_0MQS3FYDHL=GS1.2.1731203404.49.1.1731203954.17.0.0; _gcl_au=1.1.1356032307.1731230586; _fbp=fb.1.1731230586310.904334513270286233; _ga_W99M1L8DL1=GS1.1.1731230586.1.1.1731230628.0.0.0; _ga_LX121NPD7K=GS1.1.1731851833.436.1.1731851908.60.0.66554788; _ga_DN9TZ3Q2LG=GS1.1.1731851833.483.1.1731851908.0.0.0; _ga_65VNZXJB15=GS1.1.1731851918.254.0.1731851918.0.0.0; _ga=GA1.1.1093266215.1651224653
    [HTTP_PRIORITY] => u=0, i
    [HTTP_ACCEPT_LANGUAGE] => ja-JP,ja;q=0.9,en-US;q=0.8,en;q=0.7
    [HTTP_REFERER] => https://secure.telecomcredit.co.jp/
    [HTTP_SEC_CH_UA_PLATFORM] => "Android"
    [HTTP_SEC_CH_UA_MOBILE] => ?1
    [HTTP_SEC_CH_UA] => "Chromium";v="130", "Google Chrome";v="130", "Not?A_Brand";v="99"
    [HTTP_SEC_FETCH_DEST] => document
    [HTTP_SEC_FETCH_MODE] => navigate
    [HTTP_SEC_FETCH_SITE] => cross-site
    [HTTP_ACCEPT] => text/html,application/xhtml+xml,application/xml;q=0.9,image/avif,image/webp,image/apng,*/*;q=0.8,application/signed-exchange;v=b3;q=0.7
    [HTTP_USER_AGENT] => Mozilla/5.0 (Linux; Android 10; K) AppleWebKit/537.36 (KHTML, like Gecko) Chrome/130.0.0.0 Mobile Safari/537.36
    [HTTP_UPGRADE_INSECURE_REQUESTS] => 1
    [HTTP_CACHE_CONTROL] => max-age=0
    [HTTP_CONNECTION] => close
    [HTTP_X_FILE_TYPE] => normal
    [HTTP_X_UA_DEVICE] => smartphone
    [HTTP_X_FAILURE_CACHE_TIME] => 0
    [HTTP_X_ACCEL_EXPIRES] => 60
    [HTTP_X_WP_ACCESS] => 0
    [HTTP_X_SERVER_ADDRESS] => 103.141.97.55
    [HTTP_X_REAL_IP] => 219.104.128.116
    [HTTP_X_FORWARDED_SSL] => on
    [HTTP_X_FORWARDED_PORT] => 443
    [HTTP_X_FORWARDED_HOST] => school.heartf.com
    [HTTP_X_FORWARDED_PROTO] => https
    [HTTP_X_FORWARDED_FOR] => 219.104.128.116
    [HTTP_HOST] => school.heartf.com
    [AllowRestApi] => 1
    [Ngx_Cache_StaticMode] => 1
    [Ngx_Cache_NormalFile] => 1
    [FailureCacheTime] => 0
    [HTTPS] => on
    [UNIQUE_ID] => ZzrP2j_RKmMrLdvc7qp2GgAAAOs
    [MEF_PROXY_ADDR] => 103.141.97.55
    [FCGI_ROLE] => RESPONDER
    [PHP_SELF] => /kanaeru/rep.php
    [REQUEST_TIME_FLOAT] => 1731907546.0774
    [REQUEST_TIME] => 1731907546
)

Generated hash data: 6:item_jp_new_30:txn_673acee68318a0.76663470_8611_1731907302:1731907546:lionking
Hash: 27a70e99b2a1bb790effadc96d4e67dfb5e78416623a2f197d5c9cf283c53eaeAPI Response: API Success: Redirecting to thanks pageUser Environment Info:
IP Address: 1.75.157.183
Host Name / Provider: sp1-75-157-183.msc.spmode.ne.jp
User Agent: Mozilla/5.0 (Windows NT 10.0; Win64; x64) AppleWebKit/537.36 (KHTML, like Gecko) Chrome/131.0.0.0 Safari/537.36 Edg/131.0.0.0
Server Info: Array
(
    [PATH] => /usr/local/sbin:/usr/local/bin:/usr/sbin:/usr/bin
    [PWD] => /home/userfastcgi/heartf/heartf.com
    [SHLVL] => 0
    [SCRIPT_NAME] => /kanaeru/rep.php
    [REQUEST_URI] => /kanaeru/rep.php?user_id=25&price=5500&item_name=item_jp_new_100&transaction_id=txn_673dae0e009a81.36436092_9871_1732095502&callback=my
    [QUERY_STRING] => user_id=25&price=5500&item_name=item_jp_new_100&transaction_id=txn_673dae0e009a81.36436092_9871_1732095502&callback=my
    [REQUEST_METHOD] => GET
    [SERVER_PROTOCOL] => HTTP/1.1
    [GATEWAY_INTERFACE] => CGI/1.1
    [REMOTE_PORT] => 53594
    [SCRIPT_FILENAME] => /home/heartf/heartf.com/public_html/school/kanaeru/rep.php
    [SERVER_ADMIN] => webmaster@heartf.com
    [CONTEXT_DOCUMENT_ROOT] => /home/heartf/heartf.com/public_html/school
    [CONTEXT_PREFIX] => 
    [REQUEST_SCHEME] => https
    [DOCUMENT_ROOT] => /home/heartf/heartf.com/public_html/school
    [REMOTE_ADDR] => 1.75.157.183
    [SERVER_PORT] => 443
    [SERVER_ADDR] => 103.141.97.55
    [SERVER_NAME] => school.heartf.com
    [SERVER_SOFTWARE] => Apache
    [SERVER_SIGNATURE] => 
    [HTTP_COOKIE] => _ga_7DRL21B865=GS1.1.1705736571.2.0.1705736580.0.0.0; _ga_LX121NPD7K=GS1.1.1706690549.2.1.1706690744.47.0.1195379158; _ga_DN9TZ3Q2LG=GS1.1.1706690549.2.1.1706690744.0.0.0; _ga_HE2HZGS8HL=GS1.2.1711198895.8.1.1711199628.0.0.0; _ga=GA1.1.1323390995.1703293715; _clck=87vgjk%7C2%7Cfnr%7C0%7C1667; _ga_W99M1L8DL1=GS1.1.1721883559.1.0.1721883569.0.0.0
    [HTTP_PRIORITY] => u=0, i
    [HTTP_ACCEPT_LANGUAGE] => ja,en;q=0.9,en-GB;q=0.8,en-US;q=0.7
    [HTTP_REFERER] => https://secure.telecomcredit.co.jp/
    [HTTP_SEC_CH_UA_PLATFORM] => "Windows"
    [HTTP_SEC_CH_UA_MOBILE] => ?0
    [HTTP_SEC_CH_UA] => "Microsoft Edge";v="131", "Chromium";v="131", "Not_A Brand";v="24"
    [HTTP_SEC_FETCH_DEST] => document
    [HTTP_SEC_FETCH_USER] => ?1
    [HTTP_SEC_FETCH_MODE] => navigate
    [HTTP_SEC_FETCH_SITE] => cross-site
    [HTTP_ACCEPT] => text/html,application/xhtml+xml,application/xml;q=0.9,image/avif,image/webp,image/apng,*/*;q=0.8,application/signed-exchange;v=b3;q=0.7
    [HTTP_USER_AGENT] => Mozilla/5.0 (Windows NT 10.0; Win64; x64) AppleWebKit/537.36 (KHTML, like Gecko) Chrome/131.0.0.0 Safari/537.36 Edg/131.0.0.0
    [HTTP_UPGRADE_INSECURE_REQUESTS] => 1
    [HTTP_CACHE_CONTROL] => max-age=0
    [HTTP_CONNECTION] => close
    [HTTP_X_FILE_TYPE] => normal
    [HTTP_X_UA_DEVICE] => pc
    [HTTP_X_FAILURE_CACHE_TIME] => 0
    [HTTP_X_ACCEL_EXPIRES] => 60
    [HTTP_X_WP_ACCESS] => 0
    [HTTP_X_SERVER_ADDRESS] => 103.141.97.55
    [HTTP_X_REAL_IP] => 1.75.157.183
    [HTTP_X_FORWARDED_SSL] => on
    [HTTP_X_FORWARDED_PORT] => 443
    [HTTP_X_FORWARDED_HOST] => school.heartf.com
    [HTTP_X_FORWARDED_PROTO] => https
    [HTTP_X_FORWARDED_FOR] => 1.75.157.183
    [HTTP_HOST] => school.heartf.com
    [AllowRestApi] => 1
    [Ngx_Cache_StaticMode] => 1
    [Ngx_Cache_NormalFile] => 1
    [FailureCacheTime] => 0
    [HTTPS] => on
    [UNIQUE_ID] => Zz2uRx8UNTboSRq6U-JuhgAAAKg
    [MEF_PROXY_ADDR] => 103.141.97.55
    [FCGI_ROLE] => RESPONDER
    [PHP_SELF] => /kanaeru/rep.php
    [REQUEST_TIME_FLOAT] => 1732095559.4738
    [REQUEST_TIME] => 1732095559
)

Generated hash data: 25:item_jp_new_100:txn_673dae0e009a81.36436092_9871_1732095502:1732095559:lionking
Hash: 193f216f71f374fb11552b6de8be968f4fc480d3a01e3ff837ad19160c798f0cAPI Response: API Success: Redirecting to thanks pageUser Environment Info:
IP Address: 1.75.156.115
Host Name / Provider: sp1-75-156-115.msc.spmode.ne.jp
User Agent: Mozilla/5.0 (Windows NT 10.0; Win64; x64) AppleWebKit/537.36 (KHTML, like Gecko) Chrome/131.0.0.0 Safari/537.36 Edg/131.0.0.0
Server Info: Array
(
    [PATH] => /usr/local/sbin:/usr/local/bin:/usr/sbin:/usr/bin
    [PWD] => /home/userfastcgi/heartf/heartf.com
    [SHLVL] => 0
    [SCRIPT_NAME] => /kanaeru/rep.php
    [REQUEST_URI] => /kanaeru/rep.php?user_id=25&price=5500&item_name=item_jp_new_100&transaction_id=txn_674454aaf3a129.54846459_9144_1732531370&callback=my
    [QUERY_STRING] => user_id=25&price=5500&item_name=item_jp_new_100&transaction_id=txn_674454aaf3a129.54846459_9144_1732531370&callback=my
    [REQUEST_METHOD] => GET
    [SERVER_PROTOCOL] => HTTP/1.1
    [GATEWAY_INTERFACE] => CGI/1.1
    [REMOTE_PORT] => 56382
    [SCRIPT_FILENAME] => /home/heartf/heartf.com/public_html/school/kanaeru/rep.php
    [SERVER_ADMIN] => webmaster@heartf.com
    [CONTEXT_DOCUMENT_ROOT] => /home/heartf/heartf.com/public_html/school
    [CONTEXT_PREFIX] => 
    [REQUEST_SCHEME] => https
    [DOCUMENT_ROOT] => /home/heartf/heartf.com/public_html/school
    [REMOTE_ADDR] => 1.75.156.115
    [SERVER_PORT] => 443
    [SERVER_ADDR] => 103.141.97.55
    [SERVER_NAME] => school.heartf.com
    [SERVER_SOFTWARE] => Apache
    [SERVER_SIGNATURE] => 
    [HTTP_COOKIE] => _ga_7DRL21B865=GS1.1.1705736571.2.0.1705736580.0.0.0; _ga_LX121NPD7K=GS1.1.1706690549.2.1.1706690744.47.0.1195379158; _ga_DN9TZ3Q2LG=GS1.1.1706690549.2.1.1706690744.0.0.0; _ga_HE2HZGS8HL=GS1.2.1711198895.8.1.1711199628.0.0.0; _ga=GA1.1.1323390995.1703293715; _clck=87vgjk%7C2%7Cfnr%7C0%7C1667; _ga_W99M1L8DL1=GS1.1.1721883559.1.0.1721883569.0.0.0
    [HTTP_PRIORITY] => u=0, i
    [HTTP_ACCEPT_LANGUAGE] => ja,en;q=0.9,en-GB;q=0.8,en-US;q=0.7
    [HTTP_REFERER] => https://secure.telecomcredit.co.jp/
    [HTTP_SEC_CH_UA_PLATFORM] => "Windows"
    [HTTP_SEC_CH_UA_MOBILE] => ?0
    [HTTP_SEC_CH_UA] => "Microsoft Edge";v="131", "Chromium";v="131", "Not_A Brand";v="24"
    [HTTP_SEC_FETCH_DEST] => document
    [HTTP_SEC_FETCH_USER] => ?1
    [HTTP_SEC_FETCH_MODE] => navigate
    [HTTP_SEC_FETCH_SITE] => cross-site
    [HTTP_ACCEPT] => text/html,application/xhtml+xml,application/xml;q=0.9,image/avif,image/webp,image/apng,*/*;q=0.8,application/signed-exchange;v=b3;q=0.7
    [HTTP_USER_AGENT] => Mozilla/5.0 (Windows NT 10.0; Win64; x64) AppleWebKit/537.36 (KHTML, like Gecko) Chrome/131.0.0.0 Safari/537.36 Edg/131.0.0.0
    [HTTP_UPGRADE_INSECURE_REQUESTS] => 1
    [HTTP_CACHE_CONTROL] => max-age=0
    [HTTP_CONNECTION] => close
    [HTTP_X_FILE_TYPE] => normal
    [HTTP_X_UA_DEVICE] => pc
    [HTTP_X_FAILURE_CACHE_TIME] => 0
    [HTTP_X_ACCEL_EXPIRES] => 60
    [HTTP_X_WP_ACCESS] => 0
    [HTTP_X_SERVER_ADDRESS] => 103.141.97.55
    [HTTP_X_REAL_IP] => 1.75.156.115
    [HTTP_X_FORWARDED_SSL] => on
    [HTTP_X_FORWARDED_PORT] => 443
    [HTTP_X_FORWARDED_HOST] => school.heartf.com
    [HTTP_X_FORWARDED_PROTO] => https
    [HTTP_X_FORWARDED_FOR] => 1.75.156.115
    [HTTP_HOST] => school.heartf.com
    [AllowRestApi] => 1
    [Ngx_Cache_StaticMode] => 1
    [Ngx_Cache_NormalFile] => 1
    [FailureCacheTime] => 0
    [HTTPS] => on
    [UNIQUE_ID] => Z0RU_n5-MTsXvLYwzHm_DAAAAPY
    [MEF_PROXY_ADDR] => 103.141.97.55
    [FCGI_ROLE] => RESPONDER
    [PHP_SELF] => /kanaeru/rep.php
    [REQUEST_TIME_FLOAT] => 1732531454.6441
    [REQUEST_TIME] => 1732531454
)

Generated hash data: 25:item_jp_new_100:txn_674454aaf3a129.54846459_9144_1732531370:1732531454:lionking
Hash: 4c81c2df626f38e58703345137a54d2d7d82ebabd8faab4d418a8c32148ce64bAPI Response: API Success: Redirecting to thanks pageUser Environment Info:
IP Address: 126.166.79.22
Host Name / Provider: pw126166079022.31.panda-world.ne.jp
User Agent: Mozilla/5.0 (iPhone; CPU iPhone OS 18_1_1 like Mac OS X) AppleWebKit/605.1.15 (KHTML, like Gecko) CriOS/131.0.6778.73 Mobile/15E148 Safari/604.1
Server Info: Array
(
    [PATH] => /usr/local/sbin:/usr/local/bin:/usr/sbin:/usr/bin
    [PWD] => /home/userfastcgi/heartf/heartf.com
    [SHLVL] => 0
    [SCRIPT_NAME] => /kanaeru/rep.php
    [REQUEST_URI] => /kanaeru/rep.php?user_id=96&price=660&item_name=item_jp_new_12&transaction_id=txn_67480e5697c1d7.09452585_9580_1732775510&callback=tq
    [QUERY_STRING] => user_id=96&price=660&item_name=item_jp_new_12&transaction_id=txn_67480e5697c1d7.09452585_9580_1732775510&callback=tq
    [REQUEST_METHOD] => GET
    [SERVER_PROTOCOL] => HTTP/1.1
    [GATEWAY_INTERFACE] => CGI/1.1
    [REMOTE_PORT] => 59856
    [SCRIPT_FILENAME] => /home/heartf/heartf.com/public_html/school/kanaeru/rep.php
    [SERVER_ADMIN] => webmaster@heartf.com
    [CONTEXT_DOCUMENT_ROOT] => /home/heartf/heartf.com/public_html/school
    [CONTEXT_PREFIX] => 
    [REQUEST_SCHEME] => https
    [DOCUMENT_ROOT] => /home/heartf/heartf.com/public_html/school
    [REMOTE_ADDR] => 126.166.79.22
    [SERVER_PORT] => 443
    [SERVER_ADDR] => 103.141.97.55
    [SERVER_NAME] => school.heartf.com
    [SERVER_SOFTWARE] => Apache
    [SERVER_SIGNATURE] => 
    [HTTP_SEC_FETCH_DEST] => document
    [HTTP_ACCEPT_LANGUAGE] => ja
    [HTTP_USER_AGENT] => Mozilla/5.0 (iPhone; CPU iPhone OS 18_1_1 like Mac OS X) AppleWebKit/605.1.15 (KHTML, like Gecko) CriOS/131.0.6778.73 Mobile/15E148 Safari/604.1
    [HTTP_SEC_FETCH_MODE] => navigate
    [HTTP_REFERER] => https://secure.telecomcredit.co.jp/
    [HTTP_SEC_FETCH_SITE] => cross-site
    [HTTP_ACCEPT] => text/html,application/xhtml+xml,application/xml;q=0.9,*/*;q=0.8
    [HTTP_CONNECTION] => close
    [HTTP_X_FILE_TYPE] => normal
    [HTTP_X_UA_DEVICE] => smartphone
    [HTTP_X_FAILURE_CACHE_TIME] => 0
    [HTTP_X_ACCEL_EXPIRES] => 60
    [HTTP_X_WP_ACCESS] => 0
    [HTTP_X_SERVER_ADDRESS] => 103.141.97.55
    [HTTP_X_REAL_IP] => 126.166.79.22
    [HTTP_X_FORWARDED_SSL] => on
    [HTTP_X_FORWARDED_PORT] => 443
    [HTTP_X_FORWARDED_HOST] => school.heartf.com
    [HTTP_X_FORWARDED_PROTO] => https
    [HTTP_X_FORWARDED_FOR] => 126.166.79.22
    [HTTP_HOST] => school.heartf.com
    [AllowRestApi] => 1
    [Ngx_Cache_StaticMode] => 1
    [Ngx_Cache_NormalFile] => 1
    [FailureCacheTime] => 0
    [HTTPS] => on
    [UNIQUE_ID] => Z0gOoj7tTA9seOF5l0JeaQAAAbA
    [MEF_PROXY_ADDR] => 103.141.97.55
    [FCGI_ROLE] => RESPONDER
    [PHP_SELF] => /kanaeru/rep.php
    [REQUEST_TIME_FLOAT] => 1732775586.9213
    [REQUEST_TIME] => 1732775586
)

Generated hash data: 96:item_jp_new_12:txn_67480e5697c1d7.09452585_9580_1732775510:1732775586:lionking
Hash: 152dc6800b114c7e3032cbdbd5632409d100d3dde47c06643e86cc5b16ea80efAPI Response: API Success: Redirecting to thanks pageUser Environment Info:
IP Address: 49.109.155.87
Host Name / Provider: sp49-109-155-87.tck02.spmode.ne.jp
User Agent: Mozilla/5.0 (Windows NT 10.0; Win64; x64) AppleWebKit/537.36 (KHTML, like Gecko) Chrome/131.0.0.0 Safari/537.36 Edg/131.0.0.0
Server Info: Array
(
    [PATH] => /usr/local/sbin:/usr/local/bin:/usr/sbin:/usr/bin
    [PWD] => /home/userfastcgi/heartf/heartf.com
    [SHLVL] => 0
    [SCRIPT_NAME] => /kanaeru/rep.php
    [REQUEST_URI] => /kanaeru/rep.php?user_id=25&price=5500&item_name=item_jp_new_100&transaction_id=txn_674adc33170600.53468666_5411_1732959283&callback=my
    [QUERY_STRING] => user_id=25&price=5500&item_name=item_jp_new_100&transaction_id=txn_674adc33170600.53468666_5411_1732959283&callback=my
    [REQUEST_METHOD] => GET
    [SERVER_PROTOCOL] => HTTP/1.1
    [GATEWAY_INTERFACE] => CGI/1.1
    [REMOTE_PORT] => 34848
    [SCRIPT_FILENAME] => /home/heartf/heartf.com/public_html/school/kanaeru/rep.php
    [SERVER_ADMIN] => webmaster@heartf.com
    [CONTEXT_DOCUMENT_ROOT] => /home/heartf/heartf.com/public_html/school
    [CONTEXT_PREFIX] => 
    [REQUEST_SCHEME] => https
    [DOCUMENT_ROOT] => /home/heartf/heartf.com/public_html/school
    [REMOTE_ADDR] => 49.109.155.87
    [SERVER_PORT] => 443
    [SERVER_ADDR] => 103.141.97.55
    [SERVER_NAME] => school.heartf.com
    [SERVER_SOFTWARE] => Apache
    [SERVER_SIGNATURE] => 
    [HTTP_COOKIE] => _ga_7DRL21B865=GS1.1.1705736571.2.0.1705736580.0.0.0; _ga_LX121NPD7K=GS1.1.1706690549.2.1.1706690744.47.0.1195379158; _ga_DN9TZ3Q2LG=GS1.1.1706690549.2.1.1706690744.0.0.0; _ga_HE2HZGS8HL=GS1.2.1711198895.8.1.1711199628.0.0.0; _ga=GA1.1.1323390995.1703293715; _clck=87vgjk%7C2%7Cfnr%7C0%7C1667; _ga_W99M1L8DL1=GS1.1.1721883559.1.0.1721883569.0.0.0
    [HTTP_PRIORITY] => u=0, i
    [HTTP_ACCEPT_LANGUAGE] => ja,en;q=0.9,en-GB;q=0.8,en-US;q=0.7
    [HTTP_REFERER] => https://secure.telecomcredit.co.jp/
    [HTTP_SEC_CH_UA_PLATFORM] => "Windows"
    [HTTP_SEC_CH_UA_MOBILE] => ?0
    [HTTP_SEC_CH_UA] => "Microsoft Edge";v="131", "Chromium";v="131", "Not_A Brand";v="24"
    [HTTP_SEC_FETCH_DEST] => document
    [HTTP_SEC_FETCH_USER] => ?1
    [HTTP_SEC_FETCH_MODE] => navigate
    [HTTP_SEC_FETCH_SITE] => cross-site
    [HTTP_ACCEPT] => text/html,application/xhtml+xml,application/xml;q=0.9,image/avif,image/webp,image/apng,*/*;q=0.8,application/signed-exchange;v=b3;q=0.7
    [HTTP_USER_AGENT] => Mozilla/5.0 (Windows NT 10.0; Win64; x64) AppleWebKit/537.36 (KHTML, like Gecko) Chrome/131.0.0.0 Safari/537.36 Edg/131.0.0.0
    [HTTP_UPGRADE_INSECURE_REQUESTS] => 1
    [HTTP_CACHE_CONTROL] => max-age=0
    [HTTP_CONNECTION] => close
    [HTTP_X_FILE_TYPE] => normal
    [HTTP_X_UA_DEVICE] => pc
    [HTTP_X_FAILURE_CACHE_TIME] => 0
    [HTTP_X_ACCEL_EXPIRES] => 60
    [HTTP_X_WP_ACCESS] => 0
    [HTTP_X_SERVER_ADDRESS] => 103.141.97.55
    [HTTP_X_REAL_IP] => 49.109.155.87
    [HTTP_X_FORWARDED_SSL] => on
    [HTTP_X_FORWARDED_PORT] => 443
    [HTTP_X_FORWARDED_HOST] => school.heartf.com
    [HTTP_X_FORWARDED_PROTO] => https
    [HTTP_X_FORWARDED_FOR] => 49.109.155.87
    [HTTP_HOST] => school.heartf.com
    [AllowRestApi] => 1
    [Ngx_Cache_StaticMode] => 1
    [Ngx_Cache_NormalFile] => 1
    [FailureCacheTime] => 0
    [HTTPS] => on
    [UNIQUE_ID] => Z0reYitY2W9SKhruIp0w-QAAAeY
    [MEF_PROXY_ADDR] => 103.141.97.55
    [FCGI_ROLE] => RESPONDER
    [PHP_SELF] => /kanaeru/rep.php
    [REQUEST_TIME_FLOAT] => 1732959842.7446
    [REQUEST_TIME] => 1732959842
)

Generated hash data: 25:item_jp_new_100:txn_674adc33170600.53468666_5411_1732959283:1732959842:lionking
Hash: 0fab8f8499dd7b3014d1ff4eaf162979954a7a74750b0eec5f7745c7e027f785API Response: API Success: Redirecting to thanks pageUser Environment Info:
IP Address: 49.109.146.185
Host Name / Provider: sp49-109-146-185.tck02.spmode.ne.jp
User Agent: Mozilla/5.0 (Windows NT 10.0; Win64; x64) AppleWebKit/537.36 (KHTML, like Gecko) Chrome/131.0.0.0 Safari/537.36 Edg/131.0.0.0
Server Info: Array
(
    [PATH] => /usr/local/sbin:/usr/local/bin:/usr/sbin:/usr/bin
    [PWD] => /home/userfastcgi/heartf/heartf.com
    [SHLVL] => 0
    [SCRIPT_NAME] => /kanaeru/rep.php
    [REQUEST_URI] => /kanaeru/rep.php?user_id=25&price=5500&item_name=item_jp_new_100&transaction_id=txn_675172b84376f4.08833170_6266_1733391032&callback=my
    [QUERY_STRING] => user_id=25&price=5500&item_name=item_jp_new_100&transaction_id=txn_675172b84376f4.08833170_6266_1733391032&callback=my
    [REQUEST_METHOD] => GET
    [SERVER_PROTOCOL] => HTTP/1.1
    [GATEWAY_INTERFACE] => CGI/1.1
    [REMOTE_PORT] => 55432
    [SCRIPT_FILENAME] => /home/heartf/heartf.com/public_html/school/kanaeru/rep.php
    [SERVER_ADMIN] => webmaster@heartf.com
    [CONTEXT_DOCUMENT_ROOT] => /home/heartf/heartf.com/public_html/school
    [CONTEXT_PREFIX] => 
    [REQUEST_SCHEME] => https
    [DOCUMENT_ROOT] => /home/heartf/heartf.com/public_html/school
    [REMOTE_ADDR] => 49.109.146.185
    [SERVER_PORT] => 443
    [SERVER_ADDR] => 103.141.97.55
    [SERVER_NAME] => school.heartf.com
    [SERVER_SOFTWARE] => Apache
    [SERVER_SIGNATURE] => 
    [HTTP_COOKIE] => _ga_7DRL21B865=GS1.1.1705736571.2.0.1705736580.0.0.0; _ga_LX121NPD7K=GS1.1.1706690549.2.1.1706690744.47.0.1195379158; _ga_DN9TZ3Q2LG=GS1.1.1706690549.2.1.1706690744.0.0.0; _ga_HE2HZGS8HL=GS1.2.1711198895.8.1.1711199628.0.0.0; _ga=GA1.1.1323390995.1703293715; _clck=87vgjk%7C2%7Cfnr%7C0%7C1667; _ga_W99M1L8DL1=GS1.1.1721883559.1.0.1721883569.0.0.0
    [HTTP_PRIORITY] => u=0, i
    [HTTP_ACCEPT_LANGUAGE] => ja,en;q=0.9,en-GB;q=0.8,en-US;q=0.7
    [HTTP_REFERER] => https://secure.telecomcredit.co.jp/
    [HTTP_SEC_CH_UA_PLATFORM] => "Windows"
    [HTTP_SEC_CH_UA_MOBILE] => ?0
    [HTTP_SEC_CH_UA] => "Microsoft Edge";v="131", "Chromium";v="131", "Not_A Brand";v="24"
    [HTTP_SEC_FETCH_DEST] => document
    [HTTP_SEC_FETCH_USER] => ?1
    [HTTP_SEC_FETCH_MODE] => navigate
    [HTTP_SEC_FETCH_SITE] => cross-site
    [HTTP_ACCEPT] => text/html,application/xhtml+xml,application/xml;q=0.9,image/avif,image/webp,image/apng,*/*;q=0.8,application/signed-exchange;v=b3;q=0.7
    [HTTP_USER_AGENT] => Mozilla/5.0 (Windows NT 10.0; Win64; x64) AppleWebKit/537.36 (KHTML, like Gecko) Chrome/131.0.0.0 Safari/537.36 Edg/131.0.0.0
    [HTTP_UPGRADE_INSECURE_REQUESTS] => 1
    [HTTP_CACHE_CONTROL] => max-age=0
    [HTTP_CONNECTION] => close
    [HTTP_X_FILE_TYPE] => normal
    [HTTP_X_UA_DEVICE] => pc
    [HTTP_X_FAILURE_CACHE_TIME] => 0
    [HTTP_X_ACCEL_EXPIRES] => 60
    [HTTP_X_WP_ACCESS] => 0
    [HTTP_X_SERVER_ADDRESS] => 103.141.97.55
    [HTTP_X_REAL_IP] => 49.109.146.185
    [HTTP_X_FORWARDED_SSL] => on
    [HTTP_X_FORWARDED_PORT] => 443
    [HTTP_X_FORWARDED_HOST] => school.heartf.com
    [HTTP_X_FORWARDED_PROTO] => https
    [HTTP_X_FORWARDED_FOR] => 49.109.146.185
    [HTTP_HOST] => school.heartf.com
    [AllowRestApi] => 1
    [Ngx_Cache_StaticMode] => 1
    [Ngx_Cache_NormalFile] => 1
    [FailureCacheTime] => 0
    [HTTPS] => on
    [UNIQUE_ID] => Z1FzA-VSuXPgmTFle3_7KgAAAYU
    [MEF_PROXY_ADDR] => 103.141.97.55
    [FCGI_ROLE] => RESPONDER
    [PHP_SELF] => /kanaeru/rep.php
    [REQUEST_TIME_FLOAT] => 1733391107.0823
    [REQUEST_TIME] => 1733391107
)

Generated hash data: 25:item_jp_new_100:txn_675172b84376f4.08833170_6266_1733391032:1733391107:lionking
Hash: 7bfa15778f841fe24fa22babcd96f5ab5ea7eb201dddca6f9c2303cdfee427c0API Response: API Success: Redirecting to thanks pageUser Environment Info:
IP Address: 49.109.145.17
Host Name / Provider: sp49-109-145-17.tck02.spmode.ne.jp
User Agent: Mozilla/5.0 (Windows NT 10.0; Win64; x64) AppleWebKit/537.36 (KHTML, like Gecko) Chrome/131.0.0.0 Safari/537.36 Edg/131.0.0.0
Server Info: Array
(
    [PATH] => /usr/local/sbin:/usr/local/bin:/usr/sbin:/usr/bin
    [PWD] => /home/userfastcgi/heartf/heartf.com
    [SHLVL] => 0
    [SCRIPT_NAME] => /kanaeru/rep.php
    [REQUEST_URI] => /kanaeru/rep.php?user_id=25&price=5500&item_name=item_jp_new_100&transaction_id=txn_67580592c43347.52058841_4230_1733821842&callback=my
    [QUERY_STRING] => user_id=25&price=5500&item_name=item_jp_new_100&transaction_id=txn_67580592c43347.52058841_4230_1733821842&callback=my
    [REQUEST_METHOD] => GET
    [SERVER_PROTOCOL] => HTTP/1.1
    [GATEWAY_INTERFACE] => CGI/1.1
    [REMOTE_PORT] => 57442
    [SCRIPT_FILENAME] => /home/heartf/heartf.com/public_html/school/kanaeru/rep.php
    [SERVER_ADMIN] => webmaster@heartf.com
    [CONTEXT_DOCUMENT_ROOT] => /home/heartf/heartf.com/public_html/school
    [CONTEXT_PREFIX] => 
    [REQUEST_SCHEME] => https
    [DOCUMENT_ROOT] => /home/heartf/heartf.com/public_html/school
    [REMOTE_ADDR] => 49.109.145.17
    [SERVER_PORT] => 443
    [SERVER_ADDR] => 103.141.97.55
    [SERVER_NAME] => school.heartf.com
    [SERVER_SOFTWARE] => Apache
    [SERVER_SIGNATURE] => 
    [HTTP_COOKIE] => _ga_7DRL21B865=GS1.1.1705736571.2.0.1705736580.0.0.0; _ga_LX121NPD7K=GS1.1.1706690549.2.1.1706690744.47.0.1195379158; _ga_DN9TZ3Q2LG=GS1.1.1706690549.2.1.1706690744.0.0.0; _ga_HE2HZGS8HL=GS1.2.1711198895.8.1.1711199628.0.0.0; _ga=GA1.1.1323390995.1703293715; _clck=87vgjk%7C2%7Cfnr%7C0%7C1667; _ga_W99M1L8DL1=GS1.1.1721883559.1.0.1721883569.0.0.0
    [HTTP_PRIORITY] => u=0, i
    [HTTP_ACCEPT_LANGUAGE] => ja,en;q=0.9,en-GB;q=0.8,en-US;q=0.7
    [HTTP_REFERER] => https://secure.telecomcredit.co.jp/
    [HTTP_SEC_CH_UA_PLATFORM] => "Windows"
    [HTTP_SEC_CH_UA_MOBILE] => ?0
    [HTTP_SEC_CH_UA] => "Microsoft Edge";v="131", "Chromium";v="131", "Not_A Brand";v="24"
    [HTTP_SEC_FETCH_DEST] => document
    [HTTP_SEC_FETCH_USER] => ?1
    [HTTP_SEC_FETCH_MODE] => navigate
    [HTTP_SEC_FETCH_SITE] => cross-site
    [HTTP_ACCEPT] => text/html,application/xhtml+xml,application/xml;q=0.9,image/avif,image/webp,image/apng,*/*;q=0.8,application/signed-exchange;v=b3;q=0.7
    [HTTP_USER_AGENT] => Mozilla/5.0 (Windows NT 10.0; Win64; x64) AppleWebKit/537.36 (KHTML, like Gecko) Chrome/131.0.0.0 Safari/537.36 Edg/131.0.0.0
    [HTTP_UPGRADE_INSECURE_REQUESTS] => 1
    [HTTP_CACHE_CONTROL] => max-age=0
    [HTTP_CONNECTION] => close
    [HTTP_X_FILE_TYPE] => normal
    [HTTP_X_UA_DEVICE] => pc
    [HTTP_X_FAILURE_CACHE_TIME] => 0
    [HTTP_X_ACCEL_EXPIRES] => 60
    [HTTP_X_WP_ACCESS] => 0
    [HTTP_X_SERVER_ADDRESS] => 103.141.97.55
    [HTTP_X_REAL_IP] => 49.109.145.17
    [HTTP_X_FORWARDED_SSL] => on
    [HTTP_X_FORWARDED_PORT] => 443
    [HTTP_X_FORWARDED_HOST] => school.heartf.com
    [HTTP_X_FORWARDED_PROTO] => https
    [HTTP_X_FORWARDED_FOR] => 49.109.145.17
    [HTTP_HOST] => school.heartf.com
    [AllowRestApi] => 1
    [Ngx_Cache_StaticMode] => 1
    [Ngx_Cache_NormalFile] => 1
    [FailureCacheTime] => 0
    [HTTPS] => on
    [UNIQUE_ID] => Z1gFrjld1wPTQmLKSs2aMAAAAOU
    [MEF_PROXY_ADDR] => 103.141.97.55
    [FCGI_ROLE] => RESPONDER
    [PHP_SELF] => /kanaeru/rep.php
    [REQUEST_TIME_FLOAT] => 1733821870.9678
    [REQUEST_TIME] => 1733821870
)

Generated hash data: 25:item_jp_new_100:txn_67580592c43347.52058841_4230_1733821842:1733821870:lionking
Hash: e38293d08a5579066dde2ffec23981a001362de09f2fd514cb9d78ea7fbcf167API Response: API Success: Redirecting to thanks pageUser Environment Info:
IP Address: 49.109.130.100
Host Name / Provider: sp49-109-130-100.tck02.spmode.ne.jp
User Agent: Mozilla/5.0 (Windows NT 10.0; Win64; x64) AppleWebKit/537.36 (KHTML, like Gecko) Chrome/131.0.0.0 Safari/537.36 Edg/131.0.0.0
Server Info: Array
(
    [PATH] => /usr/local/sbin:/usr/local/bin:/usr/sbin:/usr/bin
    [PWD] => /home/userfastcgi/heartf/heartf.com
    [SHLVL] => 0
    [SCRIPT_NAME] => /kanaeru/rep.php
    [REQUEST_URI] => /kanaeru/rep.php?user_id=25&price=5500&item_name=item_jp_new_100&transaction_id=txn_6763ec84f40ca3.50834508_4247_1734601860&callback=my
    [QUERY_STRING] => user_id=25&price=5500&item_name=item_jp_new_100&transaction_id=txn_6763ec84f40ca3.50834508_4247_1734601860&callback=my
    [REQUEST_METHOD] => GET
    [SERVER_PROTOCOL] => HTTP/1.1
    [GATEWAY_INTERFACE] => CGI/1.1
    [REMOTE_PORT] => 35168
    [SCRIPT_FILENAME] => /home/heartf/heartf.com/public_html/school/kanaeru/rep.php
    [SERVER_ADMIN] => webmaster@heartf.com
    [CONTEXT_DOCUMENT_ROOT] => /home/heartf/heartf.com/public_html/school
    [CONTEXT_PREFIX] => 
    [REQUEST_SCHEME] => https
    [DOCUMENT_ROOT] => /home/heartf/heartf.com/public_html/school
    [REMOTE_ADDR] => 49.109.130.100
    [SERVER_PORT] => 443
    [SERVER_ADDR] => 103.141.97.55
    [SERVER_NAME] => school.heartf.com
    [SERVER_SOFTWARE] => Apache
    [SERVER_SIGNATURE] => 
    [HTTP_COOKIE] => _ga_7DRL21B865=GS1.1.1705736571.2.0.1705736580.0.0.0; _ga_LX121NPD7K=GS1.1.1706690549.2.1.1706690744.47.0.1195379158; _ga_DN9TZ3Q2LG=GS1.1.1706690549.2.1.1706690744.0.0.0; _ga_HE2HZGS8HL=GS1.2.1711198895.8.1.1711199628.0.0.0; _ga=GA1.1.1323390995.1703293715; _clck=87vgjk%7C2%7Cfnr%7C0%7C1667; _ga_W99M1L8DL1=GS1.1.1721883559.1.0.1721883569.0.0.0
    [HTTP_PRIORITY] => u=0, i
    [HTTP_ACCEPT_LANGUAGE] => ja,en;q=0.9,en-GB;q=0.8,en-US;q=0.7
    [HTTP_REFERER] => https://secure.telecomcredit.co.jp/
    [HTTP_SEC_CH_UA_PLATFORM] => "Windows"
    [HTTP_SEC_CH_UA_MOBILE] => ?0
    [HTTP_SEC_CH_UA] => "Microsoft Edge";v="131", "Chromium";v="131", "Not_A Brand";v="24"
    [HTTP_SEC_FETCH_DEST] => document
    [HTTP_SEC_FETCH_USER] => ?1
    [HTTP_SEC_FETCH_MODE] => navigate
    [HTTP_SEC_FETCH_SITE] => cross-site
    [HTTP_ACCEPT] => text/html,application/xhtml+xml,application/xml;q=0.9,image/avif,image/webp,image/apng,*/*;q=0.8,application/signed-exchange;v=b3;q=0.7
    [HTTP_USER_AGENT] => Mozilla/5.0 (Windows NT 10.0; Win64; x64) AppleWebKit/537.36 (KHTML, like Gecko) Chrome/131.0.0.0 Safari/537.36 Edg/131.0.0.0
    [HTTP_UPGRADE_INSECURE_REQUESTS] => 1
    [HTTP_CACHE_CONTROL] => max-age=0
    [HTTP_CONNECTION] => close
    [HTTP_X_FILE_TYPE] => normal
    [HTTP_X_UA_DEVICE] => pc
    [HTTP_X_FAILURE_CACHE_TIME] => 0
    [HTTP_X_ACCEL_EXPIRES] => 60
    [HTTP_X_WP_ACCESS] => 0
    [HTTP_X_SERVER_ADDRESS] => 103.141.97.55
    [HTTP_X_REAL_IP] => 49.109.130.100
    [HTTP_X_FORWARDED_SSL] => on
    [HTTP_X_FORWARDED_PORT] => 443
    [HTTP_X_FORWARDED_HOST] => school.heartf.com
    [HTTP_X_FORWARDED_PROTO] => https
    [HTTP_X_FORWARDED_FOR] => 49.109.130.100
    [HTTP_HOST] => school.heartf.com
    [AllowRestApi] => 1
    [Ngx_Cache_StaticMode] => 1
    [Ngx_Cache_NormalFile] => 1
    [FailureCacheTime] => 0
    [HTTPS] => on
    [UNIQUE_ID] => Z2PsxgYdk5XcG6IUfxrB-QAAAdI
    [MEF_PROXY_ADDR] => 103.141.97.55
    [FCGI_ROLE] => RESPONDER
    [PHP_SELF] => /kanaeru/rep.php
    [REQUEST_TIME_FLOAT] => 1734601926.2847
    [REQUEST_TIME] => 1734601926
)

Generated hash data: 25:item_jp_new_100:txn_6763ec84f40ca3.50834508_4247_1734601860:1734601926:lionking
Hash: 6fe91cec76adeaaa1200b82e9dc2034bd1dd082bcd06d00475d430843817306aAPI Response: API Success: Redirecting to thanks pageUser Environment Info:
IP Address: 49.109.147.79
Host Name / Provider: sp49-109-147-79.tck02.spmode.ne.jp
User Agent: Mozilla/5.0 (Windows NT 10.0; Win64; x64) AppleWebKit/537.36 (KHTML, like Gecko) Chrome/131.0.0.0 Safari/537.36 Edg/131.0.0.0
Server Info: Array
(
    [PATH] => /usr/local/sbin:/usr/local/bin:/usr/sbin:/usr/bin
    [PWD] => /home/userfastcgi/heartf/heartf.com
    [SHLVL] => 0
    [SCRIPT_NAME] => /kanaeru/rep.php
    [REQUEST_URI] => /kanaeru/rep.php?user_id=25&price=5500&item_name=item_jp_new_100&transaction_id=txn_676a78fbbac799.61052547_5190_1735031035&callback=my
    [QUERY_STRING] => user_id=25&price=5500&item_name=item_jp_new_100&transaction_id=txn_676a78fbbac799.61052547_5190_1735031035&callback=my
    [REQUEST_METHOD] => GET
    [SERVER_PROTOCOL] => HTTP/1.1
    [GATEWAY_INTERFACE] => CGI/1.1
    [REMOTE_PORT] => 57354
    [SCRIPT_FILENAME] => /home/heartf/heartf.com/public_html/school/kanaeru/rep.php
    [SERVER_ADMIN] => webmaster@heartf.com
    [CONTEXT_DOCUMENT_ROOT] => /home/heartf/heartf.com/public_html/school
    [CONTEXT_PREFIX] => 
    [REQUEST_SCHEME] => https
    [DOCUMENT_ROOT] => /home/heartf/heartf.com/public_html/school
    [REMOTE_ADDR] => 49.109.147.79
    [SERVER_PORT] => 443
    [SERVER_ADDR] => 103.141.97.55
    [SERVER_NAME] => school.heartf.com
    [SERVER_SOFTWARE] => Apache
    [SERVER_SIGNATURE] => 
    [HTTP_COOKIE] => _ga_7DRL21B865=GS1.1.1705736571.2.0.1705736580.0.0.0; _ga_LX121NPD7K=GS1.1.1706690549.2.1.1706690744.47.0.1195379158; _ga_DN9TZ3Q2LG=GS1.1.1706690549.2.1.1706690744.0.0.0; _ga_HE2HZGS8HL=GS1.2.1711198895.8.1.1711199628.0.0.0; _ga=GA1.1.1323390995.1703293715; _clck=87vgjk%7C2%7Cfnr%7C0%7C1667; _ga_W99M1L8DL1=GS1.1.1721883559.1.0.1721883569.0.0.0
    [HTTP_PRIORITY] => u=0, i
    [HTTP_ACCEPT_LANGUAGE] => ja,en;q=0.9,en-GB;q=0.8,en-US;q=0.7
    [HTTP_REFERER] => https://secure.telecomcredit.co.jp/
    [HTTP_SEC_CH_UA_PLATFORM] => "Windows"
    [HTTP_SEC_CH_UA_MOBILE] => ?0
    [HTTP_SEC_CH_UA] => "Microsoft Edge";v="131", "Chromium";v="131", "Not_A Brand";v="24"
    [HTTP_SEC_FETCH_DEST] => document
    [HTTP_SEC_FETCH_USER] => ?1
    [HTTP_SEC_FETCH_MODE] => navigate
    [HTTP_SEC_FETCH_SITE] => cross-site
    [HTTP_ACCEPT] => text/html,application/xhtml+xml,application/xml;q=0.9,image/avif,image/webp,image/apng,*/*;q=0.8,application/signed-exchange;v=b3;q=0.7
    [HTTP_USER_AGENT] => Mozilla/5.0 (Windows NT 10.0; Win64; x64) AppleWebKit/537.36 (KHTML, like Gecko) Chrome/131.0.0.0 Safari/537.36 Edg/131.0.0.0
    [HTTP_UPGRADE_INSECURE_REQUESTS] => 1
    [HTTP_CACHE_CONTROL] => max-age=0
    [HTTP_CONNECTION] => close
    [HTTP_X_FILE_TYPE] => normal
    [HTTP_X_UA_DEVICE] => pc
    [HTTP_X_FAILURE_CACHE_TIME] => 0
    [HTTP_X_ACCEL_EXPIRES] => 60
    [HTTP_X_WP_ACCESS] => 0
    [HTTP_X_SERVER_ADDRESS] => 103.141.97.55
    [HTTP_X_REAL_IP] => 49.109.147.79
    [HTTP_X_FORWARDED_SSL] => on
    [HTTP_X_FORWARDED_PORT] => 443
    [HTTP_X_FORWARDED_HOST] => school.heartf.com
    [HTTP_X_FORWARDED_PROTO] => https
    [HTTP_X_FORWARDED_FOR] => 49.109.147.79
    [HTTP_HOST] => school.heartf.com
    [AllowRestApi] => 1
    [Ngx_Cache_StaticMode] => 1
    [Ngx_Cache_NormalFile] => 1
    [FailureCacheTime] => 0
    [HTTPS] => on
    [UNIQUE_ID] => Z2p5JAn01dMDCniPk1wXFwAAAOs
    [MEF_PROXY_ADDR] => 103.141.97.55
    [FCGI_ROLE] => RESPONDER
    [PHP_SELF] => /kanaeru/rep.php
    [REQUEST_TIME_FLOAT] => 1735031076.4541
    [REQUEST_TIME] => 1735031076
)

Generated hash data: 25:item_jp_new_100:txn_676a78fbbac799.61052547_5190_1735031035:1735031076:lionking
Hash: c77038fa12093cba6d31f810bca5fe2e23736ec4ea1f0ce4f6aa72963ed4a5ceAPI Response: API Success: Redirecting to thanks pageUser Environment Info:
IP Address: 49.109.146.202
Host Name / Provider: sp49-109-146-202.tck02.spmode.ne.jp
User Agent: Mozilla/5.0 (Windows NT 10.0; Win64; x64) AppleWebKit/537.36 (KHTML, like Gecko) Chrome/131.0.0.0 Safari/537.36 Edg/131.0.0.0
Server Info: Array
(
    [PATH] => /usr/local/sbin:/usr/local/bin:/usr/sbin:/usr/bin
    [PWD] => /home/userfastcgi/heartf/heartf.com
    [SHLVL] => 0
    [SCRIPT_NAME] => /kanaeru/rep.php
    [REQUEST_URI] => /kanaeru/rep.php?user_id=25&price=5500&item_name=item_jp_new_100&transaction_id=txn_676e786f730cd0.58099092_8881_1735293039&callback=my
    [QUERY_STRING] => user_id=25&price=5500&item_name=item_jp_new_100&transaction_id=txn_676e786f730cd0.58099092_8881_1735293039&callback=my
    [REQUEST_METHOD] => GET
    [SERVER_PROTOCOL] => HTTP/1.1
    [GATEWAY_INTERFACE] => CGI/1.1
    [REMOTE_PORT] => 55750
    [SCRIPT_FILENAME] => /home/heartf/heartf.com/public_html/school/kanaeru/rep.php
    [SERVER_ADMIN] => webmaster@heartf.com
    [CONTEXT_DOCUMENT_ROOT] => /home/heartf/heartf.com/public_html/school
    [CONTEXT_PREFIX] => 
    [REQUEST_SCHEME] => https
    [DOCUMENT_ROOT] => /home/heartf/heartf.com/public_html/school
    [REMOTE_ADDR] => 49.109.146.202
    [SERVER_PORT] => 443
    [SERVER_ADDR] => 103.141.97.55
    [SERVER_NAME] => school.heartf.com
    [SERVER_SOFTWARE] => Apache
    [SERVER_SIGNATURE] => 
    [HTTP_COOKIE] => _ga_7DRL21B865=GS1.1.1705736571.2.0.1705736580.0.0.0; _ga_LX121NPD7K=GS1.1.1706690549.2.1.1706690744.47.0.1195379158; _ga_DN9TZ3Q2LG=GS1.1.1706690549.2.1.1706690744.0.0.0; _ga_HE2HZGS8HL=GS1.2.1711198895.8.1.1711199628.0.0.0; _ga=GA1.1.1323390995.1703293715; _clck=87vgjk%7C2%7Cfnr%7C0%7C1667; _ga_W99M1L8DL1=GS1.1.1721883559.1.0.1721883569.0.0.0
    [HTTP_PRIORITY] => u=0, i
    [HTTP_ACCEPT_LANGUAGE] => ja,en;q=0.9,en-GB;q=0.8,en-US;q=0.7
    [HTTP_REFERER] => https://secure.telecomcredit.co.jp/
    [HTTP_SEC_CH_UA_PLATFORM] => "Windows"
    [HTTP_SEC_CH_UA_MOBILE] => ?0
    [HTTP_SEC_CH_UA] => "Microsoft Edge";v="131", "Chromium";v="131", "Not_A Brand";v="24"
    [HTTP_SEC_FETCH_DEST] => document
    [HTTP_SEC_FETCH_USER] => ?1
    [HTTP_SEC_FETCH_MODE] => navigate
    [HTTP_SEC_FETCH_SITE] => cross-site
    [HTTP_ACCEPT] => text/html,application/xhtml+xml,application/xml;q=0.9,image/avif,image/webp,image/apng,*/*;q=0.8,application/signed-exchange;v=b3;q=0.7
    [HTTP_USER_AGENT] => Mozilla/5.0 (Windows NT 10.0; Win64; x64) AppleWebKit/537.36 (KHTML, like Gecko) Chrome/131.0.0.0 Safari/537.36 Edg/131.0.0.0
    [HTTP_UPGRADE_INSECURE_REQUESTS] => 1
    [HTTP_CACHE_CONTROL] => max-age=0
    [HTTP_CONNECTION] => close
    [HTTP_X_FILE_TYPE] => normal
    [HTTP_X_UA_DEVICE] => pc
    [HTTP_X_FAILURE_CACHE_TIME] => 0
    [HTTP_X_ACCEL_EXPIRES] => 60
    [HTTP_X_WP_ACCESS] => 0
    [HTTP_X_SERVER_ADDRESS] => 103.141.97.55
    [HTTP_X_REAL_IP] => 49.109.146.202
    [HTTP_X_FORWARDED_SSL] => on
    [HTTP_X_FORWARDED_PORT] => 443
    [HTTP_X_FORWARDED_HOST] => school.heartf.com
    [HTTP_X_FORWARDED_PROTO] => https
    [HTTP_X_FORWARDED_FOR] => 49.109.146.202
    [HTTP_HOST] => school.heartf.com
    [AllowRestApi] => 1
    [Ngx_Cache_StaticMode] => 1
    [Ngx_Cache_NormalFile] => 1
    [FailureCacheTime] => 0
    [HTTPS] => on
    [UNIQUE_ID] => Z254mYFagOvGvTmODKlQ0wAAAWM
    [MEF_PROXY_ADDR] => 103.141.97.55
    [FCGI_ROLE] => RESPONDER
    [PHP_SELF] => /kanaeru/rep.php
    [REQUEST_TIME_FLOAT] => 1735293081.8295
    [REQUEST_TIME] => 1735293081
)

Generated hash data: 25:item_jp_new_100:txn_676e786f730cd0.58099092_8881_1735293039:1735293082:lionking
Hash: ba4ddef49c8baceab27186e33825857a6c2d6edd4fda9f4475b6df8a7be023eeAPI Response: API Success: Redirecting to thanks pageUser Environment Info:
IP Address: 126.78.121.168
Host Name / Provider: softbank126078121168.bbtec.net
User Agent: Mozilla/5.0 (iPhone; CPU iPhone OS 18_1_1 like Mac OS X) AppleWebKit/605.1.15 (KHTML, like Gecko) Version/18.1.1 Mobile/15E148 Safari/604.1
Server Info: Array
(
    [PATH] => /usr/local/sbin:/usr/local/bin:/usr/sbin:/usr/bin
    [PWD] => /home/userfastcgi/heartf/heartf.com
    [SHLVL] => 0
    [SCRIPT_NAME] => /kanaeru/rep.php
    [REQUEST_URI] => /kanaeru/rep.php?user_id=21&price=660&item_name=item_jp_new_12&transaction_id=txn_6771450ecb4312.28384034_6674_1735476494&callback=my
    [QUERY_STRING] => user_id=21&price=660&item_name=item_jp_new_12&transaction_id=txn_6771450ecb4312.28384034_6674_1735476494&callback=my
    [REQUEST_METHOD] => GET
    [SERVER_PROTOCOL] => HTTP/1.1
    [GATEWAY_INTERFACE] => CGI/1.1
    [REMOTE_PORT] => 57034
    [SCRIPT_FILENAME] => /home/heartf/heartf.com/public_html/school/kanaeru/rep.php
    [SERVER_ADMIN] => webmaster@heartf.com
    [CONTEXT_DOCUMENT_ROOT] => /home/heartf/heartf.com/public_html/school
    [CONTEXT_PREFIX] => 
    [REQUEST_SCHEME] => https
    [DOCUMENT_ROOT] => /home/heartf/heartf.com/public_html/school
    [REMOTE_ADDR] => 126.78.121.168
    [SERVER_PORT] => 443
    [SERVER_ADDR] => 103.141.97.55
    [SERVER_NAME] => school.heartf.com
    [SERVER_SOFTWARE] => Apache
    [SERVER_SIGNATURE] => 
    [HTTP_SEC_FETCH_DEST] => document
    [HTTP_REFERER] => https://secure.telecomcredit.co.jp/
    [HTTP_ACCEPT_LANGUAGE] => ja
    [HTTP_USER_AGENT] => Mozilla/5.0 (iPhone; CPU iPhone OS 18_1_1 like Mac OS X) AppleWebKit/605.1.15 (KHTML, like Gecko) Version/18.1.1 Mobile/15E148 Safari/604.1
    [HTTP_SEC_FETCH_MODE] => navigate
    [HTTP_PRIORITY] => u=0, i
    [HTTP_SEC_FETCH_SITE] => cross-site
    [HTTP_ACCEPT] => text/html,application/xhtml+xml,application/xml;q=0.9,*/*;q=0.8
    [HTTP_CONNECTION] => close
    [HTTP_X_FILE_TYPE] => normal
    [HTTP_X_UA_DEVICE] => smartphone
    [HTTP_X_FAILURE_CACHE_TIME] => 0
    [HTTP_X_ACCEL_EXPIRES] => 60
    [HTTP_X_WP_ACCESS] => 0
    [HTTP_X_SERVER_ADDRESS] => 103.141.97.55
    [HTTP_X_REAL_IP] => 126.78.121.168
    [HTTP_X_FORWARDED_SSL] => on
    [HTTP_X_FORWARDED_PORT] => 443
    [HTTP_X_FORWARDED_HOST] => school.heartf.com
    [HTTP_X_FORWARDED_PROTO] => https
    [HTTP_X_FORWARDED_FOR] => 126.78.121.168
    [HTTP_HOST] => school.heartf.com
    [AllowRestApi] => 1
    [Ngx_Cache_StaticMode] => 1
    [Ngx_Cache_NormalFile] => 1
    [FailureCacheTime] => 0
    [HTTPS] => on
    [UNIQUE_ID] => Z3FFUnAoHhrqviAHLLEBTgAAAeA
    [MEF_PROXY_ADDR] => 103.141.97.55
    [FCGI_ROLE] => RESPONDER
    [PHP_SELF] => /kanaeru/rep.php
    [REQUEST_TIME_FLOAT] => 1735476562.0711
    [REQUEST_TIME] => 1735476562
)

Generated hash data: 21:item_jp_new_12:txn_6771450ecb4312.28384034_6674_1735476494:1735476562:lionking
Hash: ae1bb155cff072d27fd0af6854fefae31d3302fec1b7d97e3ae01814c544615bAPI Response: API Success: Redirecting to thanks pageUser Environment Info:
IP Address: 49.109.138.178
Host Name / Provider: sp49-109-138-178.tck02.spmode.ne.jp
User Agent: Mozilla/5.0 (Windows NT 10.0; Win64; x64) AppleWebKit/537.36 (KHTML, like Gecko) Chrome/131.0.0.0 Safari/537.36 Edg/131.0.0.0
Server Info: Array
(
    [PATH] => /usr/local/sbin:/usr/local/bin:/usr/sbin:/usr/bin
    [PWD] => /home/userfastcgi/heartf/heartf.com
    [SHLVL] => 0
    [SCRIPT_NAME] => /kanaeru/rep.php
    [REQUEST_URI] => /kanaeru/rep.php?user_id=25&price=5500&item_name=item_jp_new_100&transaction_id=txn_6777a93e353642.12771917_6687_1735895358&callback=my
    [QUERY_STRING] => user_id=25&price=5500&item_name=item_jp_new_100&transaction_id=txn_6777a93e353642.12771917_6687_1735895358&callback=my
    [REQUEST_METHOD] => GET
    [SERVER_PROTOCOL] => HTTP/1.1
    [GATEWAY_INTERFACE] => CGI/1.1
    [REMOTE_PORT] => 49418
    [SCRIPT_FILENAME] => /home/heartf/heartf.com/public_html/school/kanaeru/rep.php
    [SERVER_ADMIN] => webmaster@heartf.com
    [CONTEXT_DOCUMENT_ROOT] => /home/heartf/heartf.com/public_html/school
    [CONTEXT_PREFIX] => 
    [REQUEST_SCHEME] => https
    [DOCUMENT_ROOT] => /home/heartf/heartf.com/public_html/school
    [REMOTE_ADDR] => 49.109.138.178
    [SERVER_PORT] => 443
    [SERVER_ADDR] => 103.141.97.55
    [SERVER_NAME] => school.heartf.com
    [SERVER_SOFTWARE] => Apache
    [SERVER_SIGNATURE] => 
    [HTTP_COOKIE] => _ga_7DRL21B865=GS1.1.1705736571.2.0.1705736580.0.0.0; _ga_LX121NPD7K=GS1.1.1706690549.2.1.1706690744.47.0.1195379158; _ga_DN9TZ3Q2LG=GS1.1.1706690549.2.1.1706690744.0.0.0; _ga_HE2HZGS8HL=GS1.2.1711198895.8.1.1711199628.0.0.0; _ga=GA1.1.1323390995.1703293715; _clck=87vgjk%7C2%7Cfnr%7C0%7C1667; _ga_W99M1L8DL1=GS1.1.1721883559.1.0.1721883569.0.0.0
    [HTTP_PRIORITY] => u=0, i
    [HTTP_ACCEPT_LANGUAGE] => ja,en;q=0.9,en-GB;q=0.8,en-US;q=0.7
    [HTTP_REFERER] => https://secure.telecomcredit.co.jp/
    [HTTP_SEC_CH_UA_PLATFORM] => "Windows"
    [HTTP_SEC_CH_UA_MOBILE] => ?0
    [HTTP_SEC_CH_UA] => "Microsoft Edge";v="131", "Chromium";v="131", "Not_A Brand";v="24"
    [HTTP_SEC_FETCH_DEST] => document
    [HTTP_SEC_FETCH_USER] => ?1
    [HTTP_SEC_FETCH_MODE] => navigate
    [HTTP_SEC_FETCH_SITE] => cross-site
    [HTTP_ACCEPT] => text/html,application/xhtml+xml,application/xml;q=0.9,image/avif,image/webp,image/apng,*/*;q=0.8,application/signed-exchange;v=b3;q=0.7
    [HTTP_USER_AGENT] => Mozilla/5.0 (Windows NT 10.0; Win64; x64) AppleWebKit/537.36 (KHTML, like Gecko) Chrome/131.0.0.0 Safari/537.36 Edg/131.0.0.0
    [HTTP_UPGRADE_INSECURE_REQUESTS] => 1
    [HTTP_CACHE_CONTROL] => max-age=0
    [HTTP_CONNECTION] => close
    [HTTP_X_FILE_TYPE] => normal
    [HTTP_X_UA_DEVICE] => pc
    [HTTP_X_FAILURE_CACHE_TIME] => 0
    [HTTP_X_ACCEL_EXPIRES] => 60
    [HTTP_X_WP_ACCESS] => 0
    [HTTP_X_SERVER_ADDRESS] => 103.141.97.55
    [HTTP_X_REAL_IP] => 49.109.138.178
    [HTTP_X_FORWARDED_SSL] => on
    [HTTP_X_FORWARDED_PORT] => 443
    [HTTP_X_FORWARDED_HOST] => school.heartf.com
    [HTTP_X_FORWARDED_PROTO] => https
    [HTTP_X_FORWARDED_FOR] => 49.109.138.178
    [HTTP_HOST] => school.heartf.com
    [AllowRestApi] => 1
    [Ngx_Cache_StaticMode] => 1
    [Ngx_Cache_NormalFile] => 1
    [FailureCacheTime] => 0
    [HTTPS] => on
    [UNIQUE_ID] => Z3epXN_DBS3ROTz3RelnGgAAABQ
    [MEF_PROXY_ADDR] => 103.141.97.55
    [FCGI_ROLE] => RESPONDER
    [PHP_SELF] => /kanaeru/rep.php
    [REQUEST_TIME_FLOAT] => 1735895388.821
    [REQUEST_TIME] => 1735895388
)

Generated hash data: 25:item_jp_new_100:txn_6777a93e353642.12771917_6687_1735895358:1735895388:lionking
Hash: 6bd6c4c5d3f65c2ce55656a4057f7b357e321210f0d195cb2fb5f7a047e8c0f2API Response: API Success: Redirecting to thanks pageUser Environment Info:
IP Address: 1.75.67.3
Host Name / Provider: sp1-75-67-3.msb.spmode.ne.jp
User Agent: Mozilla/5.0 (Windows NT 10.0; Win64; x64) AppleWebKit/537.36 (KHTML, like Gecko) Chrome/131.0.0.0 Safari/537.36 Edg/131.0.0.0
Server Info: Array
(
    [PATH] => /usr/local/sbin:/usr/local/bin:/usr/sbin:/usr/bin
    [PWD] => /home/userfastcgi/heartf/heartf.com
    [SHLVL] => 0
    [SCRIPT_NAME] => /kanaeru/rep.php
    [REQUEST_URI] => /kanaeru/rep.php?user_id=25&price=5500&item_name=item_jp_new_100&transaction_id=txn_6780fa2cc643a2.00062712_9722_1736505900&callback=my
    [QUERY_STRING] => user_id=25&price=5500&item_name=item_jp_new_100&transaction_id=txn_6780fa2cc643a2.00062712_9722_1736505900&callback=my
    [REQUEST_METHOD] => GET
    [SERVER_PROTOCOL] => HTTP/1.1
    [GATEWAY_INTERFACE] => CGI/1.1
    [REMOTE_PORT] => 53472
    [SCRIPT_FILENAME] => /home/heartf/heartf.com/public_html/school/kanaeru/rep.php
    [SERVER_ADMIN] => webmaster@heartf.com
    [CONTEXT_DOCUMENT_ROOT] => /home/heartf/heartf.com/public_html/school
    [CONTEXT_PREFIX] => 
    [REQUEST_SCHEME] => https
    [DOCUMENT_ROOT] => /home/heartf/heartf.com/public_html/school
    [REMOTE_ADDR] => 1.75.67.3
    [SERVER_PORT] => 443
    [SERVER_ADDR] => 103.141.97.55
    [SERVER_NAME] => school.heartf.com
    [SERVER_SOFTWARE] => Apache
    [SERVER_SIGNATURE] => 
    [HTTP_COOKIE] => _ga_7DRL21B865=GS1.1.1705736571.2.0.1705736580.0.0.0; _ga_HE2HZGS8HL=GS1.2.1711198895.8.1.1711199628.0.0.0; _clck=87vgjk%7C2%7Cfnr%7C0%7C1667; _ga_W99M1L8DL1=GS1.1.1721883559.1.0.1721883569.0.0.0; _ga=GA1.1.1323390995.1703293715; _ga_LX121NPD7K=GS1.1.1736327754.3.1.1736327806.8.0.709536588; _ga_DN9TZ3Q2LG=GS1.1.1736327753.3.1.1736327806.0.0.0
    [HTTP_PRIORITY] => u=0, i
    [HTTP_ACCEPT_LANGUAGE] => ja,en;q=0.9,en-GB;q=0.8,en-US;q=0.7
    [HTTP_REFERER] => https://secure.telecomcredit.co.jp/
    [HTTP_SEC_CH_UA_PLATFORM] => "Windows"
    [HTTP_SEC_CH_UA_MOBILE] => ?0
    [HTTP_SEC_CH_UA] => "Microsoft Edge";v="131", "Chromium";v="131", "Not_A Brand";v="24"
    [HTTP_SEC_FETCH_DEST] => document
    [HTTP_SEC_FETCH_USER] => ?1
    [HTTP_SEC_FETCH_MODE] => navigate
    [HTTP_SEC_FETCH_SITE] => cross-site
    [HTTP_ACCEPT] => text/html,application/xhtml+xml,application/xml;q=0.9,image/avif,image/webp,image/apng,*/*;q=0.8,application/signed-exchange;v=b3;q=0.7
    [HTTP_USER_AGENT] => Mozilla/5.0 (Windows NT 10.0; Win64; x64) AppleWebKit/537.36 (KHTML, like Gecko) Chrome/131.0.0.0 Safari/537.36 Edg/131.0.0.0
    [HTTP_UPGRADE_INSECURE_REQUESTS] => 1
    [HTTP_CACHE_CONTROL] => max-age=0
    [HTTP_CONNECTION] => close
    [HTTP_X_FILE_TYPE] => normal
    [HTTP_X_UA_DEVICE] => pc
    [HTTP_X_FAILURE_CACHE_TIME] => 0
    [HTTP_X_ACCEL_EXPIRES] => 60
    [HTTP_X_WP_ACCESS] => 0
    [HTTP_X_SERVER_ADDRESS] => 103.141.97.55
    [HTTP_X_REAL_IP] => 1.75.67.3
    [HTTP_X_FORWARDED_SSL] => on
    [HTTP_X_FORWARDED_PORT] => 443
    [HTTP_X_FORWARDED_HOST] => school.heartf.com
    [HTTP_X_FORWARDED_PROTO] => https
    [HTTP_X_FORWARDED_FOR] => 1.75.67.3
    [HTTP_HOST] => school.heartf.com
    [AllowRestApi] => 1
    [Ngx_Cache_StaticMode] => 1
    [Ngx_Cache_NormalFile] => 1
    [FailureCacheTime] => 0
    [HTTPS] => on
    [UNIQUE_ID] => Z4D6VYHbqU7UWJfNroI83AAAAGc
    [MEF_PROXY_ADDR] => 103.141.97.55
    [FCGI_ROLE] => RESPONDER
    [PHP_SELF] => /kanaeru/rep.php
    [REQUEST_TIME_FLOAT] => 1736505941.7848
    [REQUEST_TIME] => 1736505941
)

Generated hash data: 25:item_jp_new_100:txn_6780fa2cc643a2.00062712_9722_1736505900:1736505941:lionking
Hash: 8250f036223fac920fed114d992632008c822a6a3b33a6f3ff73223c89f4ceb2API Response: API Success: Redirecting to thanks pageUser Environment Info:
IP Address: 49.109.24.172
Host Name / Provider: sp49-109-24-172.smd02.spmode.ne.jp
User Agent: Mozilla/5.0 (Windows NT 10.0; Win64; x64) AppleWebKit/537.36 (KHTML, like Gecko) Chrome/132.0.0.0 Safari/537.36 Edg/132.0.0.0
Server Info: Array
(
    [PATH] => /usr/local/sbin:/usr/local/bin:/usr/sbin:/usr/bin
    [PWD] => /home/userfastcgi/heartf/heartf.com
    [SHLVL] => 0
    [SCRIPT_NAME] => /kanaeru/rep.php
    [REQUEST_URI] => /kanaeru/rep.php?user_id=25&price=5500&item_name=item_jp_new_100&transaction_id=txn_67910ee09529d4.67958467_2997_1737559776&callback=my
    [QUERY_STRING] => user_id=25&price=5500&item_name=item_jp_new_100&transaction_id=txn_67910ee09529d4.67958467_2997_1737559776&callback=my
    [REQUEST_METHOD] => GET
    [SERVER_PROTOCOL] => HTTP/1.1
    [GATEWAY_INTERFACE] => CGI/1.1
    [REMOTE_PORT] => 60860
    [SCRIPT_FILENAME] => /home/heartf/heartf.com/public_html/school/kanaeru/rep.php
    [SERVER_ADMIN] => webmaster@heartf.com
    [CONTEXT_DOCUMENT_ROOT] => /home/heartf/heartf.com/public_html/school
    [CONTEXT_PREFIX] => 
    [REQUEST_SCHEME] => https
    [DOCUMENT_ROOT] => /home/heartf/heartf.com/public_html/school
    [REMOTE_ADDR] => 49.109.24.172
    [SERVER_PORT] => 443
    [SERVER_ADDR] => 103.141.97.55
    [SERVER_NAME] => school.heartf.com
    [SERVER_SOFTWARE] => Apache
    [SERVER_SIGNATURE] => 
    [HTTP_COOKIE] => _ga_7DRL21B865=GS1.1.1705736571.2.0.1705736580.0.0.0; _ga_HE2HZGS8HL=GS1.2.1711198895.8.1.1711199628.0.0.0; _clck=87vgjk%7C2%7Cfnr%7C0%7C1667; _ga_W99M1L8DL1=GS1.1.1721883559.1.0.1721883569.0.0.0; _ga=GA1.1.1323390995.1703293715; _ga_LX121NPD7K=GS1.1.1736327754.3.1.1736327806.8.0.709536588; _ga_DN9TZ3Q2LG=GS1.1.1736327753.3.1.1736327806.0.0.0
    [HTTP_PRIORITY] => u=0, i
    [HTTP_ACCEPT_LANGUAGE] => ja,en;q=0.9,en-GB;q=0.8,en-US;q=0.7
    [HTTP_REFERER] => https://secure.telecomcredit.co.jp/
    [HTTP_SEC_CH_UA_PLATFORM] => "Windows"
    [HTTP_SEC_CH_UA_MOBILE] => ?0
    [HTTP_SEC_CH_UA] => "Not A(Brand";v="8", "Chromium";v="132", "Microsoft Edge";v="132"
    [HTTP_SEC_FETCH_DEST] => document
    [HTTP_SEC_FETCH_USER] => ?1
    [HTTP_SEC_FETCH_MODE] => navigate
    [HTTP_SEC_FETCH_SITE] => cross-site
    [HTTP_ACCEPT] => text/html,application/xhtml+xml,application/xml;q=0.9,image/avif,image/webp,image/apng,*/*;q=0.8,application/signed-exchange;v=b3;q=0.7
    [HTTP_USER_AGENT] => Mozilla/5.0 (Windows NT 10.0; Win64; x64) AppleWebKit/537.36 (KHTML, like Gecko) Chrome/132.0.0.0 Safari/537.36 Edg/132.0.0.0
    [HTTP_UPGRADE_INSECURE_REQUESTS] => 1
    [HTTP_CACHE_CONTROL] => max-age=0
    [HTTP_CONNECTION] => close
    [HTTP_X_FILE_TYPE] => normal
    [HTTP_X_UA_DEVICE] => pc
    [HTTP_X_FAILURE_CACHE_TIME] => 0
    [HTTP_X_ACCEL_EXPIRES] => 60
    [HTTP_X_WP_ACCESS] => 0
    [HTTP_X_SERVER_ADDRESS] => 103.141.97.55
    [HTTP_X_REAL_IP] => 49.109.24.172
    [HTTP_X_FORWARDED_SSL] => on
    [HTTP_X_FORWARDED_PORT] => 443
    [HTTP_X_FORWARDED_HOST] => school.heartf.com
    [HTTP_X_FORWARDED_PROTO] => https
    [HTTP_X_FORWARDED_FOR] => 49.109.24.172
    [HTTP_HOST] => school.heartf.com
    [AllowRestApi] => 1
    [Ngx_Cache_StaticMode] => 1
    [Ngx_Cache_NormalFile] => 1
    [FailureCacheTime] => 0
    [HTTPS] => on
    [UNIQUE_ID] => Z5EPCHylNQJrxaFo8jUuGgAAAME
    [MEF_PROXY_ADDR] => 103.141.97.55
    [FCGI_ROLE] => RESPONDER
    [PHP_SELF] => /kanaeru/rep.php
    [REQUEST_TIME_FLOAT] => 1737559816.1849
    [REQUEST_TIME] => 1737559816
)

Generated hash data: 25:item_jp_new_100:txn_67910ee09529d4.67958467_2997_1737559776:1737559816:lionking
Hash: 8194f44fd9d09e12eb6d8af7b2f5e480fdc575c218a05f959062680dd0551867API Response: API Success: Redirecting to thanks pageUser Environment Info:
IP Address: 49.109.103.92
Host Name / Provider: sp49-109-103-92.smd02.spmode.ne.jp
User Agent: Mozilla/5.0 (Windows NT 10.0; Win64; x64) AppleWebKit/537.36 (KHTML, like Gecko) Chrome/132.0.0.0 Safari/537.36 Edg/132.0.0.0
Server Info: Array
(
    [PATH] => /usr/local/sbin:/usr/local/bin:/usr/sbin:/usr/bin
    [PWD] => /home/userfastcgi/heartf/heartf.com
    [SHLVL] => 0
    [SCRIPT_NAME] => /kanaeru/rep.php
    [REQUEST_URI] => /kanaeru/rep.php?user_id=25&price=5500&item_name=item_jp_new_100&transaction_id=txn_6799f4b95a2387.51432455_8675_1738142905&callback=my
    [QUERY_STRING] => user_id=25&price=5500&item_name=item_jp_new_100&transaction_id=txn_6799f4b95a2387.51432455_8675_1738142905&callback=my
    [REQUEST_METHOD] => GET
    [SERVER_PROTOCOL] => HTTP/1.1
    [GATEWAY_INTERFACE] => CGI/1.1
    [REMOTE_PORT] => 58528
    [SCRIPT_FILENAME] => /home/heartf/heartf.com/public_html/school/kanaeru/rep.php
    [SERVER_ADMIN] => webmaster@heartf.com
    [CONTEXT_DOCUMENT_ROOT] => /home/heartf/heartf.com/public_html/school
    [CONTEXT_PREFIX] => 
    [REQUEST_SCHEME] => https
    [DOCUMENT_ROOT] => /home/heartf/heartf.com/public_html/school
    [REMOTE_ADDR] => 49.109.103.92
    [SERVER_PORT] => 443
    [SERVER_ADDR] => 103.141.97.55
    [SERVER_NAME] => school.heartf.com
    [SERVER_SOFTWARE] => Apache
    [SERVER_SIGNATURE] => 
    [HTTP_COOKIE] => _ga_7DRL21B865=GS1.1.1705736571.2.0.1705736580.0.0.0; _ga_HE2HZGS8HL=GS1.2.1711198895.8.1.1711199628.0.0.0; _clck=87vgjk%7C2%7Cfnr%7C0%7C1667; _ga_W99M1L8DL1=GS1.1.1721883559.1.0.1721883569.0.0.0; _ga=GA1.1.1323390995.1703293715; _ga_LX121NPD7K=GS1.1.1736327754.3.1.1736327806.8.0.709536588; _ga_DN9TZ3Q2LG=GS1.1.1736327753.3.1.1736327806.0.0.0
    [HTTP_PRIORITY] => u=0, i
    [HTTP_ACCEPT_LANGUAGE] => ja,en;q=0.9,en-GB;q=0.8,en-US;q=0.7
    [HTTP_REFERER] => https://secure.telecomcredit.co.jp/
    [HTTP_SEC_CH_UA_PLATFORM] => "Windows"
    [HTTP_SEC_CH_UA_MOBILE] => ?0
    [HTTP_SEC_CH_UA] => "Not A(Brand";v="8", "Chromium";v="132", "Microsoft Edge";v="132"
    [HTTP_SEC_FETCH_DEST] => document
    [HTTP_SEC_FETCH_USER] => ?1
    [HTTP_SEC_FETCH_MODE] => navigate
    [HTTP_SEC_FETCH_SITE] => cross-site
    [HTTP_ACCEPT] => text/html,application/xhtml+xml,application/xml;q=0.9,image/avif,image/webp,image/apng,*/*;q=0.8,application/signed-exchange;v=b3;q=0.7
    [HTTP_USER_AGENT] => Mozilla/5.0 (Windows NT 10.0; Win64; x64) AppleWebKit/537.36 (KHTML, like Gecko) Chrome/132.0.0.0 Safari/537.36 Edg/132.0.0.0
    [HTTP_UPGRADE_INSECURE_REQUESTS] => 1
    [HTTP_CACHE_CONTROL] => max-age=0
    [HTTP_CONNECTION] => close
    [HTTP_X_FILE_TYPE] => normal
    [HTTP_X_UA_DEVICE] => pc
    [HTTP_X_FAILURE_CACHE_TIME] => 0
    [HTTP_X_ACCEL_EXPIRES] => 60
    [HTTP_X_WP_ACCESS] => 0
    [HTTP_X_SERVER_ADDRESS] => 103.141.97.55
    [HTTP_X_REAL_IP] => 49.109.103.92
    [HTTP_X_FORWARDED_SSL] => on
    [HTTP_X_FORWARDED_PORT] => 443
    [HTTP_X_FORWARDED_HOST] => school.heartf.com
    [HTTP_X_FORWARDED_PROTO] => https
    [HTTP_X_FORWARDED_FOR] => 49.109.103.92
    [HTTP_HOST] => school.heartf.com
    [AllowRestApi] => 1
    [Ngx_Cache_StaticMode] => 1
    [Ngx_Cache_NormalFile] => 1
    [FailureCacheTime] => 0
    [HTTPS] => on
    [UNIQUE_ID] => Z5n05CyJmp5vwcuKqsXHzQAAAOg
    [MEF_PROXY_ADDR] => 103.141.97.55
    [FCGI_ROLE] => RESPONDER
    [PHP_SELF] => /kanaeru/rep.php
    [REQUEST_TIME_FLOAT] => 1738142948.3199
    [REQUEST_TIME] => 1738142948
)

Generated hash data: 25:item_jp_new_100:txn_6799f4b95a2387.51432455_8675_1738142905:1738142948:lionking
Hash: c96dc6a2b1199573bd4bdd57345fb649dff50d1a2b6f71c836dffd9c808feaadAPI Response: API Success: Redirecting to thanks pageUser Environment Info:
IP Address: 118.240.185.193
Host Name / Provider: fp76f0b9c1.knge111.ap.nuro.jp
User Agent: Mozilla/5.0 (iPhone; CPU iPhone OS 18_1_1 like Mac OS X) AppleWebKit/605.1.15 (KHTML, like Gecko) Version/18.1.1 Mobile/15E148 Safari/604.1
Server Info: Array
(
    [PATH] => /usr/local/sbin:/usr/local/bin:/usr/sbin:/usr/bin
    [PWD] => /home/userfastcgi/heartf/heartf.com
    [SHLVL] => 0
    [SCRIPT_NAME] => /kanaeru/rep.php
    [REQUEST_URI] => /kanaeru/rep.php?user_id=12&price=5500&item_name=item_jp_new_100&transaction_id=txn_67a2670a76f445.54803753_9530_1738696458&callback=my
    [QUERY_STRING] => user_id=12&price=5500&item_name=item_jp_new_100&transaction_id=txn_67a2670a76f445.54803753_9530_1738696458&callback=my
    [REQUEST_METHOD] => GET
    [SERVER_PROTOCOL] => HTTP/1.1
    [GATEWAY_INTERFACE] => CGI/1.1
    [REMOTE_PORT] => 48608
    [SCRIPT_FILENAME] => /home/heartf/heartf.com/public_html/school/kanaeru/rep.php
    [SERVER_ADMIN] => webmaster@heartf.com
    [CONTEXT_DOCUMENT_ROOT] => /home/heartf/heartf.com/public_html/school
    [CONTEXT_PREFIX] => 
    [REQUEST_SCHEME] => https
    [DOCUMENT_ROOT] => /home/heartf/heartf.com/public_html/school
    [REMOTE_ADDR] => 118.240.185.193
    [SERVER_PORT] => 443
    [SERVER_ADDR] => 103.141.97.55
    [SERVER_NAME] => school.heartf.com
    [SERVER_SOFTWARE] => Apache
    [SERVER_SIGNATURE] => 
    [HTTP_COOKIE] => _ga=GA1.1.1927557228.1495135823; _ga_DN9TZ3Q2LG=GS1.1.1738680870.1588.1.1738680872.0.0.0; _ga_0MQS3FYDHL=GS1.2.1738680865.230.1.1738680865.60.0.0; _ga_4PK6XBV3BP=GS1.1.1738680864.177.0.1738680864.0.0.0; _gid=GA1.2.608638869.1738649540; _ga_LX121NPD7K=GS1.1.1738676690.812.0.1738676690.60.0.515829937; _ga_ZV0WQXHT00=GS1.1.1738474673.41.0.1738474673.0.0.0; _ga_4GVF9RW05T=GS1.1.1738365603.10.1.1738365604.0.0.0; _ga_PWQM3ESTQV=GS1.1.1737903422.4.1.1737903488.0.0.0; _ga_ZQKCLRKB5Q=GS1.1.1730289052.1.0.1730289052.0.0.0; _ga_HE2HZGS8HL=GS1.2.1729350225.1.1.1729350225.0.0.0; _ga_7DRL21B865=GS1.1.1729349769.12.0.1729349769.0.0.0; _ga_24KCBZETC9=GS1.1.1729161525.1.0.1729161525.0.0.0; _ga_M2QG0JN89S=GS1.1.1722152751.3.0.1722152751.0.0.0
    [HTTP_SEC_FETCH_DEST] => document
    [HTTP_REFERER] => https://secure.telecomcredit.co.jp/
    [HTTP_ACCEPT_LANGUAGE] => ja
    [HTTP_USER_AGENT] => Mozilla/5.0 (iPhone; CPU iPhone OS 18_1_1 like Mac OS X) AppleWebKit/605.1.15 (KHTML, like Gecko) Version/18.1.1 Mobile/15E148 Safari/604.1
    [HTTP_SEC_FETCH_MODE] => navigate
    [HTTP_PRIORITY] => u=0, i
    [HTTP_SEC_FETCH_SITE] => cross-site
    [HTTP_ACCEPT] => text/html,application/xhtml+xml,application/xml;q=0.9,*/*;q=0.8
    [HTTP_CONNECTION] => close
    [HTTP_X_FILE_TYPE] => normal
    [HTTP_X_UA_DEVICE] => smartphone
    [HTTP_X_FAILURE_CACHE_TIME] => 0
    [HTTP_X_ACCEL_EXPIRES] => 60
    [HTTP_X_WP_ACCESS] => 0
    [HTTP_X_SERVER_ADDRESS] => 103.141.97.55
    [HTTP_X_REAL_IP] => 118.240.185.193
    [HTTP_X_FORWARDED_SSL] => on
    [HTTP_X_FORWARDED_PORT] => 443
    [HTTP_X_FORWARDED_HOST] => school.heartf.com
    [HTTP_X_FORWARDED_PROTO] => https
    [HTTP_X_FORWARDED_FOR] => 118.240.185.193
    [HTTP_HOST] => school.heartf.com
    [AllowRestApi] => 1
    [Ngx_Cache_StaticMode] => 1
    [Ngx_Cache_NormalFile] => 1
    [FailureCacheTime] => 0
    [HTTPS] => on
    [UNIQUE_ID] => Z6JnVjKi6ZnXB3QN8GyB0AAAAq0
    [MEF_PROXY_ADDR] => 103.141.97.55
    [FCGI_ROLE] => RESPONDER
    [PHP_SELF] => /kanaeru/rep.php
    [REQUEST_TIME_FLOAT] => 1738696534.4239
    [REQUEST_TIME] => 1738696534
)

Generated hash data: 12:item_jp_new_100:txn_67a2670a76f445.54803753_9530_1738696458:1738696534:lionking
Hash: 771b93b74e2195c8b96dcf0d3400d546651317237c5eda6238951108d3a15871API Response: API Success: Redirecting to thanks pageUser Environment Info:
IP Address: 49.109.9.92
Host Name / Provider: sp49-109-9-92.smd02.spmode.ne.jp
User Agent: Mozilla/5.0 (Windows NT 10.0; Win64; x64) AppleWebKit/537.36 (KHTML, like Gecko) Chrome/132.0.0.0 Safari/537.36 Edg/132.0.0.0
Server Info: Array
(
    [PATH] => /usr/local/sbin:/usr/local/bin:/usr/sbin:/usr/bin
    [PWD] => /home/userfastcgi/heartf/heartf.com
    [SHLVL] => 0
    [SCRIPT_NAME] => /kanaeru/rep.php
    [REQUEST_URI] => /kanaeru/rep.php?user_id=25&price=5500&item_name=item_jp_new_100&transaction_id=txn_67a3690ee13aa3.63676058_8216_1738762510&callback=my
    [QUERY_STRING] => user_id=25&price=5500&item_name=item_jp_new_100&transaction_id=txn_67a3690ee13aa3.63676058_8216_1738762510&callback=my
    [REQUEST_METHOD] => GET
    [SERVER_PROTOCOL] => HTTP/1.1
    [GATEWAY_INTERFACE] => CGI/1.1
    [REMOTE_PORT] => 34586
    [SCRIPT_FILENAME] => /home/heartf/heartf.com/public_html/school/kanaeru/rep.php
    [SERVER_ADMIN] => webmaster@heartf.com
    [CONTEXT_DOCUMENT_ROOT] => /home/heartf/heartf.com/public_html/school
    [CONTEXT_PREFIX] => 
    [REQUEST_SCHEME] => https
    [DOCUMENT_ROOT] => /home/heartf/heartf.com/public_html/school
    [REMOTE_ADDR] => 49.109.9.92
    [SERVER_PORT] => 443
    [SERVER_ADDR] => 103.141.97.55
    [SERVER_NAME] => school.heartf.com
    [SERVER_SOFTWARE] => Apache
    [SERVER_SIGNATURE] => 
    [HTTP_COOKIE] => _ga_7DRL21B865=GS1.1.1705736571.2.0.1705736580.0.0.0; _ga_HE2HZGS8HL=GS1.2.1711198895.8.1.1711199628.0.0.0; _clck=87vgjk%7C2%7Cfnr%7C0%7C1667; _ga_W99M1L8DL1=GS1.1.1721883559.1.0.1721883569.0.0.0; _ga=GA1.1.1323390995.1703293715; _ga_LX121NPD7K=GS1.1.1736327754.3.1.1736327806.8.0.709536588; _ga_DN9TZ3Q2LG=GS1.1.1736327753.3.1.1736327806.0.0.0
    [HTTP_PRIORITY] => u=0, i
    [HTTP_ACCEPT_LANGUAGE] => ja,en;q=0.9,en-GB;q=0.8,en-US;q=0.7
    [HTTP_REFERER] => https://secure.telecomcredit.co.jp/
    [HTTP_SEC_CH_UA_PLATFORM] => "Windows"
    [HTTP_SEC_CH_UA_MOBILE] => ?0
    [HTTP_SEC_CH_UA] => "Not A(Brand";v="8", "Chromium";v="132", "Microsoft Edge";v="132"
    [HTTP_SEC_FETCH_DEST] => document
    [HTTP_SEC_FETCH_USER] => ?1
    [HTTP_SEC_FETCH_MODE] => navigate
    [HTTP_SEC_FETCH_SITE] => cross-site
    [HTTP_ACCEPT] => text/html,application/xhtml+xml,application/xml;q=0.9,image/avif,image/webp,image/apng,*/*;q=0.8,application/signed-exchange;v=b3;q=0.7
    [HTTP_USER_AGENT] => Mozilla/5.0 (Windows NT 10.0; Win64; x64) AppleWebKit/537.36 (KHTML, like Gecko) Chrome/132.0.0.0 Safari/537.36 Edg/132.0.0.0
    [HTTP_UPGRADE_INSECURE_REQUESTS] => 1
    [HTTP_CACHE_CONTROL] => max-age=0
    [HTTP_CONNECTION] => close
    [HTTP_X_FILE_TYPE] => normal
    [HTTP_X_UA_DEVICE] => pc
    [HTTP_X_FAILURE_CACHE_TIME] => 0
    [HTTP_X_ACCEL_EXPIRES] => 60
    [HTTP_X_WP_ACCESS] => 0
    [HTTP_X_SERVER_ADDRESS] => 103.141.97.55
    [HTTP_X_REAL_IP] => 49.109.9.92
    [HTTP_X_FORWARDED_SSL] => on
    [HTTP_X_FORWARDED_PORT] => 443
    [HTTP_X_FORWARDED_HOST] => school.heartf.com
    [HTTP_X_FORWARDED_PROTO] => https
    [HTTP_X_FORWARDED_FOR] => 49.109.9.92
    [HTTP_HOST] => school.heartf.com
    [AllowRestApi] => 1
    [Ngx_Cache_StaticMode] => 1
    [Ngx_Cache_NormalFile] => 1
    [FailureCacheTime] => 0
    [HTTPS] => on
    [UNIQUE_ID] => Z6NpOQ_7CuqJXXOuc4sLAAAAAic
    [MEF_PROXY_ADDR] => 103.141.97.55
    [FCGI_ROLE] => RESPONDER
    [PHP_SELF] => /kanaeru/rep.php
    [REQUEST_TIME_FLOAT] => 1738762553.8751
    [REQUEST_TIME] => 1738762553
)

Generated hash data: 25:item_jp_new_100:txn_67a3690ee13aa3.63676058_8216_1738762510:1738762553:lionking
Hash: 6e9be8be3374060a9c86e2120426d1e4e9a204351af12165117c92b91ff42ab9API Response: API Success: Redirecting to thanks pageUser Environment Info:
IP Address: 49.109.101.164
Host Name / Provider: sp49-109-101-164.smd02.spmode.ne.jp
User Agent: Mozilla/5.0 (Windows NT 10.0; Win64; x64) AppleWebKit/537.36 (KHTML, like Gecko) Chrome/132.0.0.0 Safari/537.36 Edg/132.0.0.0
Server Info: Array
(
    [PATH] => /usr/local/sbin:/usr/local/bin:/usr/sbin:/usr/bin
    [PWD] => /home/userfastcgi/heartf/heartf.com
    [SHLVL] => 0
    [SCRIPT_NAME] => /kanaeru/rep.php
    [REQUEST_URI] => /kanaeru/rep.php?user_id=25&price=5500&item_name=item_jp_new_100&transaction_id=txn_67a9d39d0cad94.35328995_2302_1739183005&callback=my
    [QUERY_STRING] => user_id=25&price=5500&item_name=item_jp_new_100&transaction_id=txn_67a9d39d0cad94.35328995_2302_1739183005&callback=my
    [REQUEST_METHOD] => GET
    [SERVER_PROTOCOL] => HTTP/1.1
    [GATEWAY_INTERFACE] => CGI/1.1
    [REMOTE_PORT] => 34918
    [SCRIPT_FILENAME] => /home/heartf/heartf.com/public_html/school/kanaeru/rep.php
    [SERVER_ADMIN] => webmaster@heartf.com
    [CONTEXT_DOCUMENT_ROOT] => /home/heartf/heartf.com/public_html/school
    [CONTEXT_PREFIX] => 
    [REQUEST_SCHEME] => https
    [DOCUMENT_ROOT] => /home/heartf/heartf.com/public_html/school
    [REMOTE_ADDR] => 49.109.101.164
    [SERVER_PORT] => 443
    [SERVER_ADDR] => 103.141.97.55
    [SERVER_NAME] => school.heartf.com
    [SERVER_SOFTWARE] => Apache
    [SERVER_SIGNATURE] => 
    [HTTP_COOKIE] => _ga_7DRL21B865=GS1.1.1705736571.2.0.1705736580.0.0.0; _ga_HE2HZGS8HL=GS1.2.1711198895.8.1.1711199628.0.0.0; _clck=87vgjk%7C2%7Cfnr%7C0%7C1667; _ga_W99M1L8DL1=GS1.1.1721883559.1.0.1721883569.0.0.0; _ga=GA1.1.1323390995.1703293715; _ga_LX121NPD7K=GS1.1.1736327754.3.1.1736327806.8.0.709536588; _ga_DN9TZ3Q2LG=GS1.1.1736327753.3.1.1736327806.0.0.0
    [HTTP_PRIORITY] => u=0, i
    [HTTP_ACCEPT_LANGUAGE] => ja,en;q=0.9,en-GB;q=0.8,en-US;q=0.7
    [HTTP_REFERER] => https://secure.telecomcredit.co.jp/
    [HTTP_SEC_CH_UA_PLATFORM] => "Windows"
    [HTTP_SEC_CH_UA_MOBILE] => ?0
    [HTTP_SEC_CH_UA] => "Not A(Brand";v="8", "Chromium";v="132", "Microsoft Edge";v="132"
    [HTTP_SEC_FETCH_DEST] => document
    [HTTP_SEC_FETCH_USER] => ?1
    [HTTP_SEC_FETCH_MODE] => navigate
    [HTTP_SEC_FETCH_SITE] => cross-site
    [HTTP_ACCEPT] => text/html,application/xhtml+xml,application/xml;q=0.9,image/avif,image/webp,image/apng,*/*;q=0.8,application/signed-exchange;v=b3;q=0.7
    [HTTP_USER_AGENT] => Mozilla/5.0 (Windows NT 10.0; Win64; x64) AppleWebKit/537.36 (KHTML, like Gecko) Chrome/132.0.0.0 Safari/537.36 Edg/132.0.0.0
    [HTTP_UPGRADE_INSECURE_REQUESTS] => 1
    [HTTP_CACHE_CONTROL] => max-age=0
    [HTTP_CONNECTION] => close
    [HTTP_X_FILE_TYPE] => normal
    [HTTP_X_UA_DEVICE] => pc
    [HTTP_X_FAILURE_CACHE_TIME] => 0
    [HTTP_X_ACCEL_EXPIRES] => 60
    [HTTP_X_WP_ACCESS] => 0
    [HTTP_X_SERVER_ADDRESS] => 103.141.97.55
    [HTTP_X_REAL_IP] => 49.109.101.164
    [HTTP_X_FORWARDED_SSL] => on
    [HTTP_X_FORWARDED_PORT] => 443
    [HTTP_X_FORWARDED_HOST] => school.heartf.com
    [HTTP_X_FORWARDED_PROTO] => https
    [HTTP_X_FORWARDED_FOR] => 49.109.101.164
    [HTTP_HOST] => school.heartf.com
    [AllowRestApi] => 1
    [Ngx_Cache_StaticMode] => 1
    [Ngx_Cache_NormalFile] => 1
    [FailureCacheTime] => 0
    [HTTPS] => on
    [UNIQUE_ID] => Z6nTs0oledo-dFKmIjcfcgAAAIw
    [MEF_PROXY_ADDR] => 103.141.97.55
    [FCGI_ROLE] => RESPONDER
    [PHP_SELF] => /kanaeru/rep.php
    [REQUEST_TIME_FLOAT] => 1739183027.1935
    [REQUEST_TIME] => 1739183027
)

Generated hash data: 25:item_jp_new_100:txn_67a9d39d0cad94.35328995_2302_1739183005:1739183027:lionking
Hash: 7173322603fa53be065df901faf65af437c5f400bfd0df09fc88978df29de515API Response: API Success: Redirecting to thanks pageUser Environment Info:
IP Address: 49.109.25.202
Host Name / Provider: sp49-109-25-202.smd02.spmode.ne.jp
User Agent: Mozilla/5.0 (Windows NT 10.0; Win64; x64) AppleWebKit/537.36 (KHTML, like Gecko) Chrome/133.0.0.0 Safari/537.36 Edg/133.0.0.0
Server Info: Array
(
    [PATH] => /usr/local/sbin:/usr/local/bin:/usr/sbin:/usr/bin
    [PWD] => /home/userfastcgi/heartf/heartf.com
    [SHLVL] => 0
    [SCRIPT_NAME] => /kanaeru/rep.php
    [REQUEST_URI] => /kanaeru/rep.php?user_id=25&price=5500&item_name=item_jp_new_100&transaction_id=txn_67af173915b678.94605778_8524_1739527993&callback=my
    [QUERY_STRING] => user_id=25&price=5500&item_name=item_jp_new_100&transaction_id=txn_67af173915b678.94605778_8524_1739527993&callback=my
    [REQUEST_METHOD] => GET
    [SERVER_PROTOCOL] => HTTP/1.1
    [GATEWAY_INTERFACE] => CGI/1.1
    [REMOTE_PORT] => 47816
    [SCRIPT_FILENAME] => /home/heartf/heartf.com/public_html/school/kanaeru/rep.php
    [SERVER_ADMIN] => webmaster@heartf.com
    [CONTEXT_DOCUMENT_ROOT] => /home/heartf/heartf.com/public_html/school
    [CONTEXT_PREFIX] => 
    [REQUEST_SCHEME] => https
    [DOCUMENT_ROOT] => /home/heartf/heartf.com/public_html/school
    [REMOTE_ADDR] => 49.109.25.202
    [SERVER_PORT] => 443
    [SERVER_ADDR] => 103.141.97.55
    [SERVER_NAME] => school.heartf.com
    [SERVER_SOFTWARE] => Apache
    [SERVER_SIGNATURE] => 
    [HTTP_COOKIE] => _ga_7DRL21B865=GS1.1.1705736571.2.0.1705736580.0.0.0; _ga_HE2HZGS8HL=GS1.2.1711198895.8.1.1711199628.0.0.0; _clck=87vgjk%7C2%7Cfnr%7C0%7C1667; _ga_W99M1L8DL1=GS1.1.1721883559.1.0.1721883569.0.0.0; _ga=GA1.1.1323390995.1703293715; _ga_LX121NPD7K=GS1.1.1736327754.3.1.1736327806.8.0.709536588; _ga_DN9TZ3Q2LG=GS1.1.1736327753.3.1.1736327806.0.0.0
    [HTTP_PRIORITY] => u=0, i
    [HTTP_ACCEPT_LANGUAGE] => ja,en;q=0.9,en-GB;q=0.8,en-US;q=0.7
    [HTTP_REFERER] => https://secure.telecomcredit.co.jp/
    [HTTP_SEC_CH_UA_PLATFORM] => "Windows"
    [HTTP_SEC_CH_UA_MOBILE] => ?0
    [HTTP_SEC_CH_UA] => "Not(A:Brand";v="99", "Microsoft Edge";v="133", "Chromium";v="133"
    [HTTP_SEC_FETCH_DEST] => document
    [HTTP_SEC_FETCH_USER] => ?1
    [HTTP_SEC_FETCH_MODE] => navigate
    [HTTP_SEC_FETCH_SITE] => cross-site
    [HTTP_ACCEPT] => text/html,application/xhtml+xml,application/xml;q=0.9,image/avif,image/webp,image/apng,*/*;q=0.8,application/signed-exchange;v=b3;q=0.7
    [HTTP_USER_AGENT] => Mozilla/5.0 (Windows NT 10.0; Win64; x64) AppleWebKit/537.36 (KHTML, like Gecko) Chrome/133.0.0.0 Safari/537.36 Edg/133.0.0.0
    [HTTP_UPGRADE_INSECURE_REQUESTS] => 1
    [HTTP_CACHE_CONTROL] => max-age=0
    [HTTP_CONNECTION] => close
    [HTTP_X_FILE_TYPE] => normal
    [HTTP_X_UA_DEVICE] => pc
    [HTTP_X_FAILURE_CACHE_TIME] => 0
    [HTTP_X_ACCEL_EXPIRES] => 60
    [HTTP_X_WP_ACCESS] => 0
    [HTTP_X_SERVER_ADDRESS] => 103.141.97.55
    [HTTP_X_REAL_IP] => 49.109.25.202
    [HTTP_X_FORWARDED_SSL] => on
    [HTTP_X_FORWARDED_PORT] => 443
    [HTTP_X_FORWARDED_HOST] => school.heartf.com
    [HTTP_X_FORWARDED_PROTO] => https
    [HTTP_X_FORWARDED_FOR] => 49.109.25.202
    [HTTP_HOST] => school.heartf.com
    [AllowRestApi] => 1
    [Ngx_Cache_StaticMode] => 1
    [Ngx_Cache_NormalFile] => 1
    [FailureCacheTime] => 0
    [HTTPS] => on
    [UNIQUE_ID] => Z68XT9uGPwMnWxtlNDUbVwAAAlA
    [MEF_PROXY_ADDR] => 103.141.97.55
    [FCGI_ROLE] => RESPONDER
    [PHP_SELF] => /kanaeru/rep.php
    [REQUEST_TIME_FLOAT] => 1739528015.5728
    [REQUEST_TIME] => 1739528015
)

Generated hash data: 25:item_jp_new_100:txn_67af173915b678.94605778_8524_1739527993:1739528015:lionking
Hash: 592e7d9b4d6c4dd2882a5ceee9b6a9041e539228da0f3e55faa4cf4ec9af7902API Response: API Success: Redirecting to thanks pageUser Environment Info:
IP Address: 60.126.17.231
Host Name / Provider: softbank060126017231.bbtec.net
User Agent: Mozilla/5.0 (Windows NT 10.0; Win64; x64) AppleWebKit/537.36 (KHTML, like Gecko) Chrome/133.0.0.0 Safari/537.36 Edg/133.0.0.0
Server Info: Array
(
    [PATH] => /usr/local/sbin:/usr/local/bin:/usr/sbin:/usr/bin
    [PWD] => /home/userfastcgi/heartf/heartf.com
    [SHLVL] => 0
    [SCRIPT_NAME] => /kanaeru/rep.php
    [REQUEST_URI] => /kanaeru/rep.php?user_id=49&price=3300&item_name=item_jp_new_60&transaction_id=txn_67b01505358cf0.72649320_4356_1739592965&callback=my
    [QUERY_STRING] => user_id=49&price=3300&item_name=item_jp_new_60&transaction_id=txn_67b01505358cf0.72649320_4356_1739592965&callback=my
    [REQUEST_METHOD] => GET
    [SERVER_PROTOCOL] => HTTP/1.1
    [GATEWAY_INTERFACE] => CGI/1.1
    [REMOTE_PORT] => 48072
    [SCRIPT_FILENAME] => /home/heartf/heartf.com/public_html/school/kanaeru/rep.php
    [SERVER_ADMIN] => webmaster@heartf.com
    [CONTEXT_DOCUMENT_ROOT] => /home/heartf/heartf.com/public_html/school
    [CONTEXT_PREFIX] => 
    [REQUEST_SCHEME] => https
    [DOCUMENT_ROOT] => /home/heartf/heartf.com/public_html/school
    [REMOTE_ADDR] => 60.126.17.231
    [SERVER_PORT] => 443
    [SERVER_ADDR] => 103.141.97.55
    [SERVER_NAME] => school.heartf.com
    [SERVER_SOFTWARE] => Apache
    [SERVER_SIGNATURE] => 
    [HTTP_PRIORITY] => u=0, i
    [HTTP_ACCEPT_LANGUAGE] => ja,en;q=0.9,en-GB;q=0.8,en-US;q=0.7
    [HTTP_REFERER] => https://secure.telecomcredit.co.jp/
    [HTTP_SEC_CH_UA_PLATFORM] => "Windows"
    [HTTP_SEC_CH_UA_MOBILE] => ?0
    [HTTP_SEC_CH_UA] => "Not(A:Brand";v="99", "Microsoft Edge";v="133", "Chromium";v="133"
    [HTTP_SEC_FETCH_DEST] => document
    [HTTP_SEC_FETCH_MODE] => navigate
    [HTTP_SEC_FETCH_SITE] => cross-site
    [HTTP_ACCEPT] => text/html,application/xhtml+xml,application/xml;q=0.9,image/avif,image/webp,image/apng,*/*;q=0.8,application/signed-exchange;v=b3;q=0.7
    [HTTP_USER_AGENT] => Mozilla/5.0 (Windows NT 10.0; Win64; x64) AppleWebKit/537.36 (KHTML, like Gecko) Chrome/133.0.0.0 Safari/537.36 Edg/133.0.0.0
    [HTTP_UPGRADE_INSECURE_REQUESTS] => 1
    [HTTP_CACHE_CONTROL] => max-age=0
    [HTTP_CONNECTION] => close
    [HTTP_X_FILE_TYPE] => normal
    [HTTP_X_UA_DEVICE] => pc
    [HTTP_X_FAILURE_CACHE_TIME] => 0
    [HTTP_X_ACCEL_EXPIRES] => 60
    [HTTP_X_WP_ACCESS] => 0
    [HTTP_X_SERVER_ADDRESS] => 103.141.97.55
    [HTTP_X_REAL_IP] => 60.126.17.231
    [HTTP_X_FORWARDED_SSL] => on
    [HTTP_X_FORWARDED_PORT] => 443
    [HTTP_X_FORWARDED_HOST] => school.heartf.com
    [HTTP_X_FORWARDED_PROTO] => https
    [HTTP_X_FORWARDED_FOR] => 60.126.17.231
    [HTTP_HOST] => school.heartf.com
    [AllowRestApi] => 1
    [Ngx_Cache_StaticMode] => 1
    [Ngx_Cache_NormalFile] => 1
    [FailureCacheTime] => 0
    [HTTPS] => on
    [UNIQUE_ID] => Z7AV96O1wofoGQW-WOiC_QAAAe4
    [MEF_PROXY_ADDR] => 103.141.97.55
    [FCGI_ROLE] => RESPONDER
    [PHP_SELF] => /kanaeru/rep.php
    [REQUEST_TIME_FLOAT] => 1739593207.8543
    [REQUEST_TIME] => 1739593207
)

Generated hash data: 49:item_jp_new_60:txn_67b01505358cf0.72649320_4356_1739592965:1739593207:lionking
Hash: 77fc2f0fab28c17f5070285ea09363bef1f1fcc0034f339dfcf2210230377332API Response: API Success: Redirecting to thanks pageUser Environment Info:
IP Address: 49.96.239.245
Host Name / Provider: sp49-96-239-245.msc.spmode.ne.jp
User Agent: Mozilla/5.0 (Windows NT 10.0; Win64; x64) AppleWebKit/537.36 (KHTML, like Gecko) Chrome/133.0.0.0 Safari/537.36 Edg/133.0.0.0
Server Info: Array
(
    [PATH] => /usr/local/sbin:/usr/local/bin:/usr/sbin:/usr/bin
    [PWD] => /home/userfastcgi/heartf/heartf.com
    [SHLVL] => 0
    [SCRIPT_NAME] => /kanaeru/rep.php
    [REQUEST_URI] => /kanaeru/rep.php?user_id=25&price=5500&item_name=item_jp_new_100&transaction_id=txn_67b9922627d3f2.69537452_8118_1740214822&callback=my
    [QUERY_STRING] => user_id=25&price=5500&item_name=item_jp_new_100&transaction_id=txn_67b9922627d3f2.69537452_8118_1740214822&callback=my
    [REQUEST_METHOD] => GET
    [SERVER_PROTOCOL] => HTTP/1.1
    [GATEWAY_INTERFACE] => CGI/1.1
    [REMOTE_PORT] => 57918
    [SCRIPT_FILENAME] => /home/heartf/heartf.com/public_html/school/kanaeru/rep.php
    [SERVER_ADMIN] => webmaster@heartf.com
    [CONTEXT_DOCUMENT_ROOT] => /home/heartf/heartf.com/public_html/school
    [CONTEXT_PREFIX] => 
    [REQUEST_SCHEME] => https
    [DOCUMENT_ROOT] => /home/heartf/heartf.com/public_html/school
    [REMOTE_ADDR] => 49.96.239.245
    [SERVER_PORT] => 443
    [SERVER_ADDR] => 103.141.97.55
    [SERVER_NAME] => school.heartf.com
    [SERVER_SOFTWARE] => Apache
    [SERVER_SIGNATURE] => 
    [HTTP_COOKIE] => _ga_7DRL21B865=GS1.1.1705736571.2.0.1705736580.0.0.0; _ga_HE2HZGS8HL=GS1.2.1711198895.8.1.1711199628.0.0.0; _clck=87vgjk%7C2%7Cfnr%7C0%7C1667; _ga_W99M1L8DL1=GS1.1.1721883559.1.0.1721883569.0.0.0; _ga=GA1.1.1323390995.1703293715; _ga_LX121NPD7K=GS1.1.1736327754.3.1.1736327806.8.0.709536588; _ga_DN9TZ3Q2LG=GS1.1.1736327753.3.1.1736327806.0.0.0
    [HTTP_PRIORITY] => u=0, i
    [HTTP_ACCEPT_LANGUAGE] => ja,en;q=0.9,en-GB;q=0.8,en-US;q=0.7
    [HTTP_REFERER] => https://secure.telecomcredit.co.jp/
    [HTTP_SEC_CH_UA_PLATFORM] => "Windows"
    [HTTP_SEC_CH_UA_MOBILE] => ?0
    [HTTP_SEC_CH_UA] => "Not(A:Brand";v="99", "Microsoft Edge";v="133", "Chromium";v="133"
    [HTTP_SEC_FETCH_DEST] => document
    [HTTP_SEC_FETCH_USER] => ?1
    [HTTP_SEC_FETCH_MODE] => navigate
    [HTTP_SEC_FETCH_SITE] => cross-site
    [HTTP_ACCEPT] => text/html,application/xhtml+xml,application/xml;q=0.9,image/avif,image/webp,image/apng,*/*;q=0.8,application/signed-exchange;v=b3;q=0.7
    [HTTP_USER_AGENT] => Mozilla/5.0 (Windows NT 10.0; Win64; x64) AppleWebKit/537.36 (KHTML, like Gecko) Chrome/133.0.0.0 Safari/537.36 Edg/133.0.0.0
    [HTTP_UPGRADE_INSECURE_REQUESTS] => 1
    [HTTP_CACHE_CONTROL] => max-age=0
    [HTTP_CONNECTION] => close
    [HTTP_X_FILE_TYPE] => normal
    [HTTP_X_UA_DEVICE] => pc
    [HTTP_X_FAILURE_CACHE_TIME] => 0
    [HTTP_X_ACCEL_EXPIRES] => 60
    [HTTP_X_WP_ACCESS] => 0
    [HTTP_X_SERVER_ADDRESS] => 103.141.97.55
    [HTTP_X_REAL_IP] => 49.96.239.245
    [HTTP_X_FORWARDED_SSL] => on
    [HTTP_X_FORWARDED_PORT] => 443
    [HTTP_X_FORWARDED_HOST] => school.heartf.com
    [HTTP_X_FORWARDED_PROTO] => https
    [HTTP_X_FORWARDED_FOR] => 49.96.239.245
    [HTTP_HOST] => school.heartf.com
    [AllowRestApi] => 1
    [Ngx_Cache_StaticMode] => 1
    [Ngx_Cache_NormalFile] => 1
    [FailureCacheTime] => 0
    [HTTPS] => on
    [UNIQUE_ID] => Z7mSPYozV_BtDUsE0vNZjgAAAis
    [MEF_PROXY_ADDR] => 103.141.97.55
    [FCGI_ROLE] => RESPONDER
    [PHP_SELF] => /kanaeru/rep.php
    [REQUEST_TIME_FLOAT] => 1740214845.7939
    [REQUEST_TIME] => 1740214845
)

Generated hash data: 25:item_jp_new_100:txn_67b9922627d3f2.69537452_8118_1740214822:1740214845:lionking
Hash: f1249c1c6b71829435865f5aa2208fdd9030c65f5055a49ae1ad06b34ee2029cAPI Response: API Success: Redirecting to thanks pageUser Environment Info:
IP Address: 49.96.239.245
Host Name / Provider: sp49-96-239-245.msc.spmode.ne.jp
User Agent: Mozilla/5.0 (Windows NT 10.0; Win64; x64) AppleWebKit/537.36 (KHTML, like Gecko) Chrome/133.0.0.0 Safari/537.36 Edg/133.0.0.0
Server Info: Array
(
    [PATH] => /usr/local/sbin:/usr/local/bin:/usr/sbin:/usr/bin
    [PWD] => /home/userfastcgi/heartf/heartf.com
    [SHLVL] => 0
    [SCRIPT_NAME] => /kanaeru/rep.php
    [REQUEST_URI] => /kanaeru/rep.php?user_id=25&price=5500&item_name=item_jp_new_100&transaction_id=txn_67c081743ca1f0.88248759_2060_1740669300&callback=my
    [QUERY_STRING] => user_id=25&price=5500&item_name=item_jp_new_100&transaction_id=txn_67c081743ca1f0.88248759_2060_1740669300&callback=my
    [REQUEST_METHOD] => GET
    [SERVER_PROTOCOL] => HTTP/1.1
    [GATEWAY_INTERFACE] => CGI/1.1
    [REMOTE_PORT] => 52442
    [SCRIPT_FILENAME] => /home/heartf/heartf.com/public_html/school/kanaeru/rep.php
    [SERVER_ADMIN] => webmaster@heartf.com
    [CONTEXT_DOCUMENT_ROOT] => /home/heartf/heartf.com/public_html/school
    [CONTEXT_PREFIX] => 
    [REQUEST_SCHEME] => https
    [DOCUMENT_ROOT] => /home/heartf/heartf.com/public_html/school
    [REMOTE_ADDR] => 49.96.239.245
    [SERVER_PORT] => 443
    [SERVER_ADDR] => 103.141.97.55
    [SERVER_NAME] => school.heartf.com
    [SERVER_SOFTWARE] => Apache
    [SERVER_SIGNATURE] => 
    [HTTP_COOKIE] => _ga_HE2HZGS8HL=GS1.2.1711198895.8.1.1711199628.0.0.0; _clck=87vgjk%7C2%7Cfnr%7C0%7C1667; _ga_W99M1L8DL1=GS1.1.1721883559.1.0.1721883569.0.0.0; _ga=GA1.1.1323390995.1703293715; _ga_LX121NPD7K=GS1.1.1736327754.3.1.1736327806.8.0.709536588; _ga_DN9TZ3Q2LG=GS1.1.1736327753.3.1.1736327806.0.0.0
    [HTTP_PRIORITY] => u=0, i
    [HTTP_ACCEPT_LANGUAGE] => ja,en;q=0.9,en-GB;q=0.8,en-US;q=0.7
    [HTTP_REFERER] => https://secure.telecomcredit.co.jp/
    [HTTP_SEC_CH_UA_PLATFORM] => "Windows"
    [HTTP_SEC_CH_UA_MOBILE] => ?0
    [HTTP_SEC_CH_UA] => "Not(A:Brand";v="99", "Microsoft Edge";v="133", "Chromium";v="133"
    [HTTP_SEC_FETCH_DEST] => document
    [HTTP_SEC_FETCH_USER] => ?1
    [HTTP_SEC_FETCH_MODE] => navigate
    [HTTP_SEC_FETCH_SITE] => cross-site
    [HTTP_ACCEPT] => text/html,application/xhtml+xml,application/xml;q=0.9,image/avif,image/webp,image/apng,*/*;q=0.8,application/signed-exchange;v=b3;q=0.7
    [HTTP_USER_AGENT] => Mozilla/5.0 (Windows NT 10.0; Win64; x64) AppleWebKit/537.36 (KHTML, like Gecko) Chrome/133.0.0.0 Safari/537.36 Edg/133.0.0.0
    [HTTP_UPGRADE_INSECURE_REQUESTS] => 1
    [HTTP_CACHE_CONTROL] => max-age=0
    [HTTP_CONNECTION] => close
    [HTTP_X_FILE_TYPE] => normal
    [HTTP_X_UA_DEVICE] => pc
    [HTTP_X_FAILURE_CACHE_TIME] => 0
    [HTTP_X_ACCEL_EXPIRES] => 60
    [HTTP_X_WP_ACCESS] => 0
    [HTTP_X_SERVER_ADDRESS] => 103.141.97.55
    [HTTP_X_REAL_IP] => 49.96.239.245
    [HTTP_X_FORWARDED_SSL] => on
    [HTTP_X_FORWARDED_PORT] => 443
    [HTTP_X_FORWARDED_HOST] => school.heartf.com
    [HTTP_X_FORWARDED_PROTO] => https
    [HTTP_X_FORWARDED_FOR] => 49.96.239.245
    [HTTP_HOST] => school.heartf.com
    [AllowRestApi] => 1
    [Ngx_Cache_StaticMode] => 1
    [Ngx_Cache_NormalFile] => 1
    [FailureCacheTime] => 0
    [HTTPS] => on
    [UNIQUE_ID] => Z8CBrJ_nWfyHp4tNmbLUngAAAZY
    [MEF_PROXY_ADDR] => 103.141.97.55
    [FCGI_ROLE] => RESPONDER
    [PHP_SELF] => /kanaeru/rep.php
    [REQUEST_TIME_FLOAT] => 1740669356.967
    [REQUEST_TIME] => 1740669356
)

Generated hash data: 25:item_jp_new_100:txn_67c081743ca1f0.88248759_2060_1740669300:1740669356:lionking
Hash: e77c0811bebcc8e81a99aecb30d5077b90ab2792bea2aec3715689a369281966API Response: API Success: Redirecting to thanks pageUser Environment Info:
IP Address: 49.96.239.245
Host Name / Provider: sp49-96-239-245.msc.spmode.ne.jp
User Agent: Mozilla/5.0 (Windows NT 10.0; Win64; x64) AppleWebKit/537.36 (KHTML, like Gecko) Chrome/133.0.0.0 Safari/537.36 Edg/133.0.0.0
Server Info: Array
(
    [PATH] => /usr/local/sbin:/usr/local/bin:/usr/sbin:/usr/bin
    [PWD] => /home/userfastcgi/heartf/heartf.com
    [SHLVL] => 0
    [SCRIPT_NAME] => /kanaeru/rep.php
    [REQUEST_URI] => /kanaeru/rep.php?user_id=25&price=5500&item_name=item_jp_new_100&transaction_id=txn_67c81a0fb1c576.36655823_7582_1741167119&callback=my
    [QUERY_STRING] => user_id=25&price=5500&item_name=item_jp_new_100&transaction_id=txn_67c81a0fb1c576.36655823_7582_1741167119&callback=my
    [REQUEST_METHOD] => GET
    [SERVER_PROTOCOL] => HTTP/1.1
    [GATEWAY_INTERFACE] => CGI/1.1
    [REMOTE_PORT] => 44104
    [SCRIPT_FILENAME] => /home/heartf/heartf.com/public_html/school/kanaeru/rep.php
    [SERVER_ADMIN] => webmaster@heartf.com
    [CONTEXT_DOCUMENT_ROOT] => /home/heartf/heartf.com/public_html/school
    [CONTEXT_PREFIX] => 
    [REQUEST_SCHEME] => https
    [DOCUMENT_ROOT] => /home/heartf/heartf.com/public_html/school
    [REMOTE_ADDR] => 49.96.239.245
    [SERVER_PORT] => 443
    [SERVER_ADDR] => 103.141.97.55
    [SERVER_NAME] => school.heartf.com
    [SERVER_SOFTWARE] => Apache
    [SERVER_SIGNATURE] => 
    [HTTP_COOKIE] => _ga_HE2HZGS8HL=GS1.2.1711198895.8.1.1711199628.0.0.0; _clck=87vgjk%7C2%7Cfnr%7C0%7C1667; _ga_W99M1L8DL1=GS1.1.1721883559.1.0.1721883569.0.0.0; _ga=GA1.1.1323390995.1703293715; _ga_LX121NPD7K=GS1.1.1736327754.3.1.1736327806.8.0.709536588; _ga_DN9TZ3Q2LG=GS1.1.1736327753.3.1.1736327806.0.0.0
    [HTTP_PRIORITY] => u=0, i
    [HTTP_ACCEPT_LANGUAGE] => ja,en;q=0.9,en-GB;q=0.8,en-US;q=0.7
    [HTTP_REFERER] => https://secure.telecomcredit.co.jp/
    [HTTP_SEC_CH_UA_PLATFORM] => "Windows"
    [HTTP_SEC_CH_UA_MOBILE] => ?0
    [HTTP_SEC_CH_UA] => "Not(A:Brand";v="99", "Microsoft Edge";v="133", "Chromium";v="133"
    [HTTP_SEC_FETCH_DEST] => document
    [HTTP_SEC_FETCH_USER] => ?1
    [HTTP_SEC_FETCH_MODE] => navigate
    [HTTP_SEC_FETCH_SITE] => cross-site
    [HTTP_ACCEPT] => text/html,application/xhtml+xml,application/xml;q=0.9,image/avif,image/webp,image/apng,*/*;q=0.8,application/signed-exchange;v=b3;q=0.7
    [HTTP_USER_AGENT] => Mozilla/5.0 (Windows NT 10.0; Win64; x64) AppleWebKit/537.36 (KHTML, like Gecko) Chrome/133.0.0.0 Safari/537.36 Edg/133.0.0.0
    [HTTP_UPGRADE_INSECURE_REQUESTS] => 1
    [HTTP_CACHE_CONTROL] => max-age=0
    [HTTP_CONNECTION] => close
    [HTTP_X_FILE_TYPE] => normal
    [HTTP_X_UA_DEVICE] => pc
    [HTTP_X_FAILURE_CACHE_TIME] => 0
    [HTTP_X_ACCEL_EXPIRES] => 60
    [HTTP_X_WP_ACCESS] => 0
    [HTTP_X_SERVER_ADDRESS] => 103.141.97.55
    [HTTP_X_REAL_IP] => 49.96.239.245
    [HTTP_X_FORWARDED_SSL] => on
    [HTTP_X_FORWARDED_PORT] => 443
    [HTTP_X_FORWARDED_HOST] => school.heartf.com
    [HTTP_X_FORWARDED_PROTO] => https
    [HTTP_X_FORWARDED_FOR] => 49.96.239.245
    [HTTP_HOST] => school.heartf.com
    [AllowRestApi] => 1
    [Ngx_Cache_StaticMode] => 1
    [Ngx_Cache_NormalFile] => 1
    [FailureCacheTime] => 0
    [HTTPS] => on
    [UNIQUE_ID] => Z8gaS-5Q7cxvqaYNsef_xAAAAPM
    [MEF_PROXY_ADDR] => 103.141.97.55
    [FCGI_ROLE] => RESPONDER
    [PHP_SELF] => /kanaeru/rep.php
    [REQUEST_TIME_FLOAT] => 1741167179.859
    [REQUEST_TIME] => 1741167179
)

Generated hash data: 25:item_jp_new_100:txn_67c81a0fb1c576.36655823_7582_1741167119:1741167179:lionking
Hash: a9f1da6d83b2d6388bdd52c8bc299ea00b3edeada29ca469bf9598586ef1036fAPI Response: API Success: Redirecting to thanks pageUser Environment Info:
IP Address: 126.40.11.5
Host Name / Provider: softbank126040011005.bbtec.net
User Agent: Mozilla/5.0 (iPhone; CPU iPhone OS 18_3_1 like Mac OS X) AppleWebKit/605.1.15 (KHTML, like Gecko) Mobile/15E148 Safari Line/15.2.2
Server Info: Array
(
    [PATH] => /usr/local/sbin:/usr/local/bin:/usr/sbin:/usr/bin
    [PWD] => /home/userfastcgi/heartf/heartf.com
    [SHLVL] => 0
    [SCRIPT_NAME] => /kanaeru/rep.php
    [REQUEST_URI] => /kanaeru/rep.php?user_id=87&price=660&item_name=item_jp_new_12&transaction_id=txn_67cfb27ebec5b4.67323351_1516_1741664894&callback=my
    [QUERY_STRING] => user_id=87&price=660&item_name=item_jp_new_12&transaction_id=txn_67cfb27ebec5b4.67323351_1516_1741664894&callback=my
    [REQUEST_METHOD] => GET
    [SERVER_PROTOCOL] => HTTP/1.1
    [GATEWAY_INTERFACE] => CGI/1.1
    [REMOTE_PORT] => 42630
    [SCRIPT_FILENAME] => /home/heartf/heartf.com/public_html/school/kanaeru/rep.php
    [SERVER_ADMIN] => webmaster@heartf.com
    [CONTEXT_DOCUMENT_ROOT] => /home/heartf/heartf.com/public_html/school
    [CONTEXT_PREFIX] => 
    [REQUEST_SCHEME] => https
    [DOCUMENT_ROOT] => /home/heartf/heartf.com/public_html/school
    [REMOTE_ADDR] => 126.40.11.5
    [SERVER_PORT] => 443
    [SERVER_ADDR] => 103.141.97.55
    [SERVER_NAME] => school.heartf.com
    [SERVER_SOFTWARE] => Apache
    [SERVER_SIGNATURE] => 
    [HTTP_SEC_FETCH_DEST] => document
    [HTTP_ACCEPT_LANGUAGE] => ja
    [HTTP_USER_AGENT] => Mozilla/5.0 (iPhone; CPU iPhone OS 18_3_1 like Mac OS X) AppleWebKit/605.1.15 (KHTML, like Gecko) Mobile/15E148 Safari Line/15.2.2
    [HTTP_SEC_FETCH_MODE] => navigate
    [HTTP_REFERER] => https://secure.telecomcredit.co.jp/
    [HTTP_SEC_FETCH_SITE] => cross-site
    [HTTP_ACCEPT] => text/html,application/xhtml+xml,application/xml;q=0.9,*/*;q=0.8
    [HTTP_CONNECTION] => close
    [HTTP_X_FILE_TYPE] => normal
    [HTTP_X_UA_DEVICE] => smartphone
    [HTTP_X_FAILURE_CACHE_TIME] => 0
    [HTTP_X_ACCEL_EXPIRES] => 60
    [HTTP_X_WP_ACCESS] => 0
    [HTTP_X_SERVER_ADDRESS] => 103.141.97.55
    [HTTP_X_REAL_IP] => 126.40.11.5
    [HTTP_X_FORWARDED_SSL] => on
    [HTTP_X_FORWARDED_PORT] => 443
    [HTTP_X_FORWARDED_HOST] => school.heartf.com
    [HTTP_X_FORWARDED_PROTO] => https
    [HTTP_X_FORWARDED_FOR] => 126.40.11.5
    [HTTP_HOST] => school.heartf.com
    [AllowRestApi] => 1
    [Ngx_Cache_StaticMode] => 1
    [Ngx_Cache_NormalFile] => 1
    [FailureCacheTime] => 0
    [HTTPS] => on
    [UNIQUE_ID] => Z8-zFGFXgh-0GMmvx6KnXwAAAXc
    [MEF_PROXY_ADDR] => 103.141.97.55
    [FCGI_ROLE] => RESPONDER
    [PHP_SELF] => /kanaeru/rep.php
    [REQUEST_TIME_FLOAT] => 1741665044.613
    [REQUEST_TIME] => 1741665044
)

Generated hash data: 87:item_jp_new_12:txn_67cfb27ebec5b4.67323351_1516_1741664894:1741665044:lionking
Hash: fdd75dfdf02cd037f73c3434bcedbdc62748e2501f88c1ad86024b0479672954API Response: API Success: Redirecting to thanks pageUser Environment Info:
IP Address: 49.96.239.245
Host Name / Provider: sp49-96-239-245.msc.spmode.ne.jp
User Agent: Mozilla/5.0 (Windows NT 10.0; Win64; x64) AppleWebKit/537.36 (KHTML, like Gecko) Chrome/134.0.0.0 Safari/537.36 Edg/134.0.0.0
Server Info: Array
(
    [PATH] => /usr/local/sbin:/usr/local/bin:/usr/sbin:/usr/bin
    [PWD] => /home/userfastcgi/heartf/heartf.com
    [SHLVL] => 0
    [SCRIPT_NAME] => /kanaeru/rep.php
    [REQUEST_URI] => /kanaeru/rep.php?user_id=25&price=5500&item_name=item_jp_new_100&transaction_id=txn_67d00c1fdd3679.72549005_5288_1741687839&callback=my
    [QUERY_STRING] => user_id=25&price=5500&item_name=item_jp_new_100&transaction_id=txn_67d00c1fdd3679.72549005_5288_1741687839&callback=my
    [REQUEST_METHOD] => GET
    [SERVER_PROTOCOL] => HTTP/1.1
    [GATEWAY_INTERFACE] => CGI/1.1
    [REMOTE_PORT] => 46330
    [SCRIPT_FILENAME] => /home/heartf/heartf.com/public_html/school/kanaeru/rep.php
    [SERVER_ADMIN] => webmaster@heartf.com
    [CONTEXT_DOCUMENT_ROOT] => /home/heartf/heartf.com/public_html/school
    [CONTEXT_PREFIX] => 
    [REQUEST_SCHEME] => https
    [DOCUMENT_ROOT] => /home/heartf/heartf.com/public_html/school
    [REMOTE_ADDR] => 49.96.239.245
    [SERVER_PORT] => 443
    [SERVER_ADDR] => 103.141.97.55
    [SERVER_NAME] => school.heartf.com
    [SERVER_SOFTWARE] => Apache
    [SERVER_SIGNATURE] => 
    [HTTP_COOKIE] => _ga_HE2HZGS8HL=GS1.2.1711198895.8.1.1711199628.0.0.0; _clck=87vgjk%7C2%7Cfnr%7C0%7C1667; _ga_W99M1L8DL1=GS1.1.1721883559.1.0.1721883569.0.0.0; _ga=GA1.1.1323390995.1703293715; _ga_LX121NPD7K=GS1.1.1736327754.3.1.1736327806.8.0.709536588; _ga_DN9TZ3Q2LG=GS1.1.1736327753.3.1.1736327806.0.0.0
    [HTTP_PRIORITY] => u=0, i
    [HTTP_ACCEPT_LANGUAGE] => ja,en;q=0.9,en-GB;q=0.8,en-US;q=0.7
    [HTTP_REFERER] => https://secure.telecomcredit.co.jp/
    [HTTP_SEC_CH_UA_PLATFORM] => "Windows"
    [HTTP_SEC_CH_UA_MOBILE] => ?0
    [HTTP_SEC_CH_UA] => "Chromium";v="134", "Not:A-Brand";v="24", "Microsoft Edge";v="134"
    [HTTP_SEC_FETCH_DEST] => document
    [HTTP_SEC_FETCH_USER] => ?1
    [HTTP_SEC_FETCH_MODE] => navigate
    [HTTP_SEC_FETCH_SITE] => cross-site
    [HTTP_ACCEPT] => text/html,application/xhtml+xml,application/xml;q=0.9,image/avif,image/webp,image/apng,*/*;q=0.8,application/signed-exchange;v=b3;q=0.7
    [HTTP_USER_AGENT] => Mozilla/5.0 (Windows NT 10.0; Win64; x64) AppleWebKit/537.36 (KHTML, like Gecko) Chrome/134.0.0.0 Safari/537.36 Edg/134.0.0.0
    [HTTP_UPGRADE_INSECURE_REQUESTS] => 1
    [HTTP_CACHE_CONTROL] => max-age=0
    [HTTP_CONNECTION] => close
    [HTTP_X_FILE_TYPE] => normal
    [HTTP_X_UA_DEVICE] => pc
    [HTTP_X_FAILURE_CACHE_TIME] => 0
    [HTTP_X_ACCEL_EXPIRES] => 60
    [HTTP_X_WP_ACCESS] => 0
    [HTTP_X_SERVER_ADDRESS] => 103.141.97.55
    [HTTP_X_REAL_IP] => 49.96.239.245
    [HTTP_X_FORWARDED_SSL] => on
    [HTTP_X_FORWARDED_PORT] => 443
    [HTTP_X_FORWARDED_HOST] => school.heartf.com
    [HTTP_X_FORWARDED_PROTO] => https
    [HTTP_X_FORWARDED_FOR] => 49.96.239.245
    [HTTP_HOST] => school.heartf.com
    [AllowRestApi] => 1
    [Ngx_Cache_StaticMode] => 1
    [Ngx_Cache_NormalFile] => 1
    [FailureCacheTime] => 0
    [HTTPS] => on
    [UNIQUE_ID] => Z9AMd8a99EBFNKUP-1HtcwAAABs
    [MEF_PROXY_ADDR] => 103.141.97.55
    [FCGI_ROLE] => RESPONDER
    [PHP_SELF] => /kanaeru/rep.php
    [REQUEST_TIME_FLOAT] => 1741687927.6425
    [REQUEST_TIME] => 1741687927
)

Generated hash data: 25:item_jp_new_100:txn_67d00c1fdd3679.72549005_5288_1741687839:1741687927:lionking
Hash: d6ad3a46421590fde54507aeaef9836150c86ad030cb59b16081043645b5577fAPI Response: API Success: Redirecting to thanks pageUser Environment Info:
IP Address: 49.96.239.245
Host Name / Provider: sp49-96-239-245.msc.spmode.ne.jp
User Agent: Mozilla/5.0 (Windows NT 10.0; Win64; x64) AppleWebKit/537.36 (KHTML, like Gecko) Chrome/134.0.0.0 Safari/537.36 Edg/134.0.0.0
Server Info: Array
(
    [PATH] => /usr/local/sbin:/usr/local/bin:/usr/sbin:/usr/bin
    [PWD] => /home/userfastcgi/heartf/heartf.com
    [SHLVL] => 0
    [SCRIPT_NAME] => /kanaeru/rep.php
    [REQUEST_URI] => /kanaeru/rep.php?user_id=25&price=5500&item_name=item_jp_new_100&transaction_id=txn_67d54b324522b2.82009956_8165_1742031666&callback=my
    [QUERY_STRING] => user_id=25&price=5500&item_name=item_jp_new_100&transaction_id=txn_67d54b324522b2.82009956_8165_1742031666&callback=my
    [REQUEST_METHOD] => GET
    [SERVER_PROTOCOL] => HTTP/1.1
    [GATEWAY_INTERFACE] => CGI/1.1
    [REMOTE_PORT] => 35798
    [SCRIPT_FILENAME] => /home/heartf/heartf.com/public_html/school/kanaeru/rep.php
    [SERVER_ADMIN] => webmaster@heartf.com
    [CONTEXT_DOCUMENT_ROOT] => /home/heartf/heartf.com/public_html/school
    [CONTEXT_PREFIX] => 
    [REQUEST_SCHEME] => https
    [DOCUMENT_ROOT] => /home/heartf/heartf.com/public_html/school
    [REMOTE_ADDR] => 49.96.239.245
    [SERVER_PORT] => 443
    [SERVER_ADDR] => 103.141.97.55
    [SERVER_NAME] => school.heartf.com
    [SERVER_SOFTWARE] => Apache
    [SERVER_SIGNATURE] => 
    [HTTP_COOKIE] => _ga_HE2HZGS8HL=GS1.2.1711198895.8.1.1711199628.0.0.0; _clck=87vgjk%7C2%7Cfnr%7C0%7C1667; _ga_W99M1L8DL1=GS1.1.1721883559.1.0.1721883569.0.0.0; _ga=GA1.1.1323390995.1703293715; _ga_LX121NPD7K=GS1.1.1736327754.3.1.1736327806.8.0.709536588; _ga_DN9TZ3Q2LG=GS1.1.1736327753.3.1.1736327806.0.0.0
    [HTTP_PRIORITY] => u=0, i
    [HTTP_ACCEPT_LANGUAGE] => ja,en;q=0.9,en-GB;q=0.8,en-US;q=0.7
    [HTTP_REFERER] => https://secure.telecomcredit.co.jp/
    [HTTP_SEC_CH_UA_PLATFORM] => "Windows"
    [HTTP_SEC_CH_UA_MOBILE] => ?0
    [HTTP_SEC_CH_UA] => "Chromium";v="134", "Not:A-Brand";v="24", "Microsoft Edge";v="134"
    [HTTP_SEC_FETCH_DEST] => document
    [HTTP_SEC_FETCH_USER] => ?1
    [HTTP_SEC_FETCH_MODE] => navigate
    [HTTP_SEC_FETCH_SITE] => cross-site
    [HTTP_ACCEPT] => text/html,application/xhtml+xml,application/xml;q=0.9,image/avif,image/webp,image/apng,*/*;q=0.8,application/signed-exchange;v=b3;q=0.7
    [HTTP_USER_AGENT] => Mozilla/5.0 (Windows NT 10.0; Win64; x64) AppleWebKit/537.36 (KHTML, like Gecko) Chrome/134.0.0.0 Safari/537.36 Edg/134.0.0.0
    [HTTP_UPGRADE_INSECURE_REQUESTS] => 1
    [HTTP_CACHE_CONTROL] => max-age=0
    [HTTP_CONNECTION] => close
    [HTTP_X_FILE_TYPE] => normal
    [HTTP_X_UA_DEVICE] => pc
    [HTTP_X_FAILURE_CACHE_TIME] => 0
    [HTTP_X_ACCEL_EXPIRES] => 60
    [HTTP_X_WP_ACCESS] => 0
    [HTTP_X_SERVER_ADDRESS] => 103.141.97.55
    [HTTP_X_REAL_IP] => 49.96.239.245
    [HTTP_X_FORWARDED_SSL] => on
    [HTTP_X_FORWARDED_PORT] => 443
    [HTTP_X_FORWARDED_HOST] => school.heartf.com
    [HTTP_X_FORWARDED_PROTO] => https
    [HTTP_X_FORWARDED_FOR] => 49.96.239.245
    [HTTP_HOST] => school.heartf.com
    [AllowRestApi] => 1
    [Ngx_Cache_StaticMode] => 1
    [Ngx_Cache_NormalFile] => 1
    [FailureCacheTime] => 0
    [HTTPS] => on
    [UNIQUE_ID] => Z9VLY3FDPva-8tm0ntUtKwAAAJ8
    [MEF_PROXY_ADDR] => 103.141.97.55
    [FCGI_ROLE] => RESPONDER
    [PHP_SELF] => /kanaeru/rep.php
    [REQUEST_TIME_FLOAT] => 1742031715.8805
    [REQUEST_TIME] => 1742031715
)

Generated hash data: 25:item_jp_new_100:txn_67d54b324522b2.82009956_8165_1742031666:1742031715:lionking
Hash: 381793e99a6759942d26790e53bf068f87f52631969cf3754515e57805572f97API Response: API Success: Redirecting to thanks pageUser Environment Info:
IP Address: 49.96.239.245
Host Name / Provider: sp49-96-239-245.msc.spmode.ne.jp
User Agent: Mozilla/5.0 (Windows NT 10.0; Win64; x64) AppleWebKit/537.36 (KHTML, like Gecko) Chrome/134.0.0.0 Safari/537.36 Edg/134.0.0.0
Server Info: Array
(
    [PATH] => /usr/local/sbin:/usr/local/bin:/usr/sbin:/usr/bin
    [PWD] => /home/userfastcgi/heartf/heartf.com
    [SHLVL] => 0
    [SCRIPT_NAME] => /kanaeru/rep.php
    [REQUEST_URI] => /kanaeru/rep.php?user_id=25&price=5500&item_name=item_jp_new_100&transaction_id=txn_67da3e65c8f2b5.92275545_3803_1742356069&callback=my
    [QUERY_STRING] => user_id=25&price=5500&item_name=item_jp_new_100&transaction_id=txn_67da3e65c8f2b5.92275545_3803_1742356069&callback=my
    [REQUEST_METHOD] => GET
    [SERVER_PROTOCOL] => HTTP/1.1
    [GATEWAY_INTERFACE] => CGI/1.1
    [REMOTE_PORT] => 59996
    [SCRIPT_FILENAME] => /home/heartf/heartf.com/public_html/school/kanaeru/rep.php
    [SERVER_ADMIN] => webmaster@heartf.com
    [CONTEXT_DOCUMENT_ROOT] => /home/heartf/heartf.com/public_html/school
    [CONTEXT_PREFIX] => 
    [REQUEST_SCHEME] => https
    [DOCUMENT_ROOT] => /home/heartf/heartf.com/public_html/school
    [REMOTE_ADDR] => 49.96.239.245
    [SERVER_PORT] => 443
    [SERVER_ADDR] => 103.141.97.55
    [SERVER_NAME] => school.heartf.com
    [SERVER_SOFTWARE] => Apache
    [SERVER_SIGNATURE] => 
    [HTTP_COOKIE] => _ga_HE2HZGS8HL=GS1.2.1711198895.8.1.1711199628.0.0.0; _clck=87vgjk%7C2%7Cfnr%7C0%7C1667; _ga_W99M1L8DL1=GS1.1.1721883559.1.0.1721883569.0.0.0; _ga=GA1.1.1323390995.1703293715; _ga_LX121NPD7K=GS1.1.1736327754.3.1.1736327806.8.0.709536588; _ga_DN9TZ3Q2LG=GS1.1.1736327753.3.1.1736327806.0.0.0
    [HTTP_PRIORITY] => u=0, i
    [HTTP_ACCEPT_LANGUAGE] => ja,en;q=0.9,en-GB;q=0.8,en-US;q=0.7
    [HTTP_REFERER] => https://secure.telecomcredit.co.jp/
    [HTTP_SEC_CH_UA_PLATFORM] => "Windows"
    [HTTP_SEC_CH_UA_MOBILE] => ?0
    [HTTP_SEC_CH_UA] => "Chromium";v="134", "Not:A-Brand";v="24", "Microsoft Edge";v="134"
    [HTTP_SEC_FETCH_DEST] => document
    [HTTP_SEC_FETCH_USER] => ?1
    [HTTP_SEC_FETCH_MODE] => navigate
    [HTTP_SEC_FETCH_SITE] => cross-site
    [HTTP_ACCEPT] => text/html,application/xhtml+xml,application/xml;q=0.9,image/avif,image/webp,image/apng,*/*;q=0.8,application/signed-exchange;v=b3;q=0.7
    [HTTP_USER_AGENT] => Mozilla/5.0 (Windows NT 10.0; Win64; x64) AppleWebKit/537.36 (KHTML, like Gecko) Chrome/134.0.0.0 Safari/537.36 Edg/134.0.0.0
    [HTTP_UPGRADE_INSECURE_REQUESTS] => 1
    [HTTP_CACHE_CONTROL] => max-age=0
    [HTTP_CONNECTION] => close
    [HTTP_X_FILE_TYPE] => normal
    [HTTP_X_UA_DEVICE] => pc
    [HTTP_X_FAILURE_CACHE_TIME] => 0
    [HTTP_X_ACCEL_EXPIRES] => 60
    [HTTP_X_WP_ACCESS] => 0
    [HTTP_X_SERVER_ADDRESS] => 103.141.97.55
    [HTTP_X_REAL_IP] => 49.96.239.245
    [HTTP_X_FORWARDED_SSL] => on
    [HTTP_X_FORWARDED_PORT] => 443
    [HTTP_X_FORWARDED_HOST] => school.heartf.com
    [HTTP_X_FORWARDED_PROTO] => https
    [HTTP_X_FORWARDED_FOR] => 49.96.239.245
    [HTTP_HOST] => school.heartf.com
    [AllowRestApi] => 1
    [Ngx_Cache_StaticMode] => 1
    [Ngx_Cache_NormalFile] => 1
    [FailureCacheTime] => 0
    [HTTPS] => on
    [UNIQUE_ID] => Z9o-lIyvJtfphcuhUFNkvwAAALI
    [MEF_PROXY_ADDR] => 103.141.97.55
    [FCGI_ROLE] => RESPONDER
    [PHP_SELF] => /kanaeru/rep.php
    [REQUEST_TIME_FLOAT] => 1742356116.7155
    [REQUEST_TIME] => 1742356116
)

Generated hash data: 25:item_jp_new_100:txn_67da3e65c8f2b5.92275545_3803_1742356069:1742356116:lionking
Hash: dbf69f2da10305076e83ed733f908579545ea315d009e07608801c6c2d77fc23API Response: API Success: Redirecting to thanks pageUser Environment Info:
IP Address: 106.72.136.194
Host Name / Provider: M106072136194.v4.enabler.ne.jp
User Agent: Mozilla/5.0 (Linux; Android 10; K) AppleWebKit/537.36 (KHTML, like Gecko) Chrome/134.0.0.0 Mobile Safari/537.36
Server Info: Array
(
    [PATH] => /usr/local/sbin:/usr/local/bin:/usr/sbin:/usr/bin
    [PWD] => /home/userfastcgi/heartf/heartf.com
    [SHLVL] => 0
    [SCRIPT_NAME] => /kanaeru/rep.php
    [REQUEST_URI] => /kanaeru/rep.php?user_id=34&price=660&item_name=item_jp_new_12&transaction_id=txn_67debf56f23ca3.74447767_1165_1742651222&callback=tq
    [QUERY_STRING] => user_id=34&price=660&item_name=item_jp_new_12&transaction_id=txn_67debf56f23ca3.74447767_1165_1742651222&callback=tq
    [REQUEST_METHOD] => GET
    [SERVER_PROTOCOL] => HTTP/1.1
    [GATEWAY_INTERFACE] => CGI/1.1
    [REMOTE_PORT] => 35124
    [SCRIPT_FILENAME] => /home/heartf/heartf.com/public_html/school/kanaeru/rep.php
    [SERVER_ADMIN] => webmaster@heartf.com
    [CONTEXT_DOCUMENT_ROOT] => /home/heartf/heartf.com/public_html/school
    [CONTEXT_PREFIX] => 
    [REQUEST_SCHEME] => https
    [DOCUMENT_ROOT] => /home/heartf/heartf.com/public_html/school
    [REMOTE_ADDR] => 106.72.136.194
    [SERVER_PORT] => 443
    [SERVER_ADDR] => 103.141.97.55
    [SERVER_NAME] => school.heartf.com
    [SERVER_SOFTWARE] => Apache
    [SERVER_SIGNATURE] => 
    [HTTP_COOKIE] => _ga_TF7VQ3P4WK=GS1.1.1719145469.1.1.1719145555.0.0.0; _ga_ZKNBTVGEJE=GS1.1.1723807572.2.1.1723807603.0.0.0; _ga_4PK6XBV3BP=GS1.1.1727741561.8.0.1727742166.0.0.0; _ga_HE2HZGS8HL=GS1.2.1733138790.3.1.1733138907.0.0.0; _ga_4GVF9RW05T=GS1.1.1739149491.1.1.1739149572.0.0.0; _ga_ZQKCLRKB5Q=GS1.1.1739703020.7.0.1739703020.0.0.0; _ga_0MQS3FYDHL=GS1.2.1741061990.25.1.1741061991.59.0.0; _ga_KD8MNG8J43=GS1.1.1741061990.9.1.1741062041.0.0.0; _ga=GA1.1.889095055.1716614461; _ga_DN9TZ3Q2LG=GS1.1.1742108723.182.1.1742108924.0.0.0; _ga_LX121NPD7K=GS1.1.1742108723.182.1.1742108924.60.0.157061906; _ga_7DRL21B865=GS1.1.1742617119.28.0.1742617119.0.0.0; _ga_PWQM3ESTQV=GS1.1.1742634011.77.1.1742634044.0.0.0
    [HTTP_PRIORITY] => u=0, i
    [HTTP_ACCEPT_LANGUAGE] => ja-JP,ja;q=0.9,en-US;q=0.8,en;q=0.7
    [HTTP_REFERER] => https://secure.telecomcredit.co.jp/
    [HTTP_SEC_CH_UA_PLATFORM] => "Android"
    [HTTP_SEC_CH_UA_MOBILE] => ?1
    [HTTP_SEC_CH_UA] => "Chromium";v="134", "Not:A-Brand";v="24", "Google Chrome";v="134"
    [HTTP_SEC_FETCH_DEST] => document
    [HTTP_SEC_FETCH_USER] => ?1
    [HTTP_SEC_FETCH_MODE] => navigate
    [HTTP_SEC_FETCH_SITE] => cross-site
    [HTTP_ACCEPT] => text/html,application/xhtml+xml,application/xml;q=0.9,image/avif,image/webp,image/apng,*/*;q=0.8,application/signed-exchange;v=b3;q=0.7
    [HTTP_USER_AGENT] => Mozilla/5.0 (Linux; Android 10; K) AppleWebKit/537.36 (KHTML, like Gecko) Chrome/134.0.0.0 Mobile Safari/537.36
    [HTTP_UPGRADE_INSECURE_REQUESTS] => 1
    [HTTP_CACHE_CONTROL] => max-age=0
    [HTTP_CONNECTION] => close
    [HTTP_X_FILE_TYPE] => normal
    [HTTP_X_UA_DEVICE] => smartphone
    [HTTP_X_FAILURE_CACHE_TIME] => 0
    [HTTP_X_ACCEL_EXPIRES] => 60
    [HTTP_X_WP_ACCESS] => 0
    [HTTP_X_SERVER_ADDRESS] => 103.141.97.55
    [HTTP_X_REAL_IP] => 106.72.136.194
    [HTTP_X_FORWARDED_SSL] => on
    [HTTP_X_FORWARDED_PORT] => 443
    [HTTP_X_FORWARDED_HOST] => school.heartf.com
    [HTTP_X_FORWARDED_PROTO] => https
    [HTTP_X_FORWARDED_FOR] => 106.72.136.194
    [HTTP_HOST] => school.heartf.com
    [AllowRestApi] => 1
    [Ngx_Cache_StaticMode] => 1
    [Ngx_Cache_NormalFile] => 1
    [FailureCacheTime] => 0
    [HTTPS] => on
    [UNIQUE_ID] => Z96_p35ej6EOm0vuGxqLuAAAAEs
    [MEF_PROXY_ADDR] => 103.141.97.55
    [FCGI_ROLE] => RESPONDER
    [PHP_SELF] => /kanaeru/rep.php
    [REQUEST_TIME_FLOAT] => 1742651303.0417
    [REQUEST_TIME] => 1742651303
)

Generated hash data: 34:item_jp_new_12:txn_67debf56f23ca3.74447767_1165_1742651222:1742651303:lionking
Hash: a66521f0aa9c174b4a8bf8c114622dfc05881bc574d5ce9ae3b9ad47f13fb44fAPI Response: API Success: Redirecting to thanks pageUser Environment Info:
IP Address: 49.96.239.245
Host Name / Provider: sp49-96-239-245.msc.spmode.ne.jp
User Agent: Mozilla/5.0 (Windows NT 10.0; Win64; x64) AppleWebKit/537.36 (KHTML, like Gecko) Chrome/134.0.0.0 Safari/537.36 Edg/134.0.0.0
Server Info: Array
(
    [PATH] => /usr/local/sbin:/usr/local/bin:/usr/sbin:/usr/bin
    [PWD] => /home/userfastcgi/heartf/heartf.com
    [SHLVL] => 0
    [SCRIPT_NAME] => /kanaeru/rep.php
    [REQUEST_URI] => /kanaeru/rep.php?user_id=25&price=5500&item_name=item_jp_new_100&transaction_id=txn_67eb3c0a0a84e2.89602828_4338_1743469578&callback=my
    [QUERY_STRING] => user_id=25&price=5500&item_name=item_jp_new_100&transaction_id=txn_67eb3c0a0a84e2.89602828_4338_1743469578&callback=my
    [REQUEST_METHOD] => GET
    [SERVER_PROTOCOL] => HTTP/1.1
    [GATEWAY_INTERFACE] => CGI/1.1
    [REMOTE_PORT] => 51842
    [SCRIPT_FILENAME] => /home/heartf/heartf.com/public_html/school/kanaeru/rep.php
    [SERVER_ADMIN] => webmaster@heartf.com
    [CONTEXT_DOCUMENT_ROOT] => /home/heartf/heartf.com/public_html/school
    [CONTEXT_PREFIX] => 
    [REQUEST_SCHEME] => https
    [DOCUMENT_ROOT] => /home/heartf/heartf.com/public_html/school
    [REMOTE_ADDR] => 49.96.239.245
    [SERVER_PORT] => 443
    [SERVER_ADDR] => 103.141.97.55
    [SERVER_NAME] => school.heartf.com
    [SERVER_SOFTWARE] => Apache
    [SERVER_SIGNATURE] => 
    [HTTP_COOKIE] => _ga_HE2HZGS8HL=GS1.2.1711198895.8.1.1711199628.0.0.0; _clck=87vgjk%7C2%7Cfnr%7C0%7C1667; _ga_W99M1L8DL1=GS1.1.1721883559.1.0.1721883569.0.0.0; _ga=GA1.1.1323390995.1703293715; _ga_LX121NPD7K=GS1.1.1736327754.3.1.1736327806.8.0.709536588; _ga_DN9TZ3Q2LG=GS1.1.1736327753.3.1.1736327806.0.0.0
    [HTTP_PRIORITY] => u=0, i
    [HTTP_ACCEPT_LANGUAGE] => ja,en;q=0.9,en-GB;q=0.8,en-US;q=0.7
    [HTTP_REFERER] => https://secure.telecomcredit.co.jp/
    [HTTP_SEC_CH_UA_PLATFORM] => "Windows"
    [HTTP_SEC_CH_UA_MOBILE] => ?0
    [HTTP_SEC_CH_UA] => "Chromium";v="134", "Not:A-Brand";v="24", "Microsoft Edge";v="134"
    [HTTP_SEC_FETCH_DEST] => document
    [HTTP_SEC_FETCH_MODE] => navigate
    [HTTP_SEC_FETCH_SITE] => cross-site
    [HTTP_ACCEPT] => text/html,application/xhtml+xml,application/xml;q=0.9,image/avif,image/webp,image/apng,*/*;q=0.8,application/signed-exchange;v=b3;q=0.7
    [HTTP_USER_AGENT] => Mozilla/5.0 (Windows NT 10.0; Win64; x64) AppleWebKit/537.36 (KHTML, like Gecko) Chrome/134.0.0.0 Safari/537.36 Edg/134.0.0.0
    [HTTP_UPGRADE_INSECURE_REQUESTS] => 1
    [HTTP_CACHE_CONTROL] => max-age=0
    [HTTP_CONNECTION] => close
    [HTTP_X_FILE_TYPE] => normal
    [HTTP_X_UA_DEVICE] => pc
    [HTTP_X_FAILURE_CACHE_TIME] => 0
    [HTTP_X_ACCEL_EXPIRES] => 60
    [HTTP_X_WP_ACCESS] => 0
    [HTTP_X_SERVER_ADDRESS] => 103.141.97.55
    [HTTP_X_REAL_IP] => 49.96.239.245
    [HTTP_X_FORWARDED_SSL] => on
    [HTTP_X_FORWARDED_PORT] => 443
    [HTTP_X_FORWARDED_HOST] => school.heartf.com
    [HTTP_X_FORWARDED_PROTO] => https
    [HTTP_X_FORWARDED_FOR] => 49.96.239.245
    [HTTP_HOST] => school.heartf.com
    [AllowRestApi] => 1
    [Ngx_Cache_StaticMode] => 1
    [Ngx_Cache_NormalFile] => 1
    [FailureCacheTime] => 0
    [HTTPS] => on
    [UNIQUE_ID] => Z-s8TsFBKq6WhT4Y8sasDAAAAgA
    [MEF_PROXY_ADDR] => 103.141.97.55
    [FCGI_ROLE] => RESPONDER
    [PHP_SELF] => /kanaeru/rep.php
    [REQUEST_TIME_FLOAT] => 1743469646.5373
    [REQUEST_TIME] => 1743469646
)

Generated hash data: 25:item_jp_new_100:txn_67eb3c0a0a84e2.89602828_4338_1743469578:1743469646:lionking
Hash: d469313a2b3e36c851c15c91819b60b8675bb484a2544d150f9986cac902c16fAPI Response: API Success: Redirecting to thanks pageUser Environment Info:
IP Address: 49.96.239.245
Host Name / Provider: sp49-96-239-245.msc.spmode.ne.jp
User Agent: Mozilla/5.0 (Windows NT 10.0; Win64; x64) AppleWebKit/537.36 (KHTML, like Gecko) Chrome/135.0.0.0 Safari/537.36 Edg/135.0.0.0
Server Info: Array
(
    [PATH] => /usr/local/sbin:/usr/local/bin:/usr/sbin:/usr/bin
    [PWD] => /home/userfastcgi/heartf/heartf.com
    [SHLVL] => 0
    [SCRIPT_NAME] => /kanaeru/rep.php
    [REQUEST_URI] => /kanaeru/rep.php?user_id=25&price=5500&item_name=item_jp_new_100&transaction_id=txn_67f39d50987439.82890055_6892_1744018768&callback=my
    [QUERY_STRING] => user_id=25&price=5500&item_name=item_jp_new_100&transaction_id=txn_67f39d50987439.82890055_6892_1744018768&callback=my
    [REQUEST_METHOD] => GET
    [SERVER_PROTOCOL] => HTTP/1.1
    [GATEWAY_INTERFACE] => CGI/1.1
    [REMOTE_PORT] => 53102
    [SCRIPT_FILENAME] => /home/heartf/heartf.com/public_html/school/kanaeru/rep.php
    [SERVER_ADMIN] => webmaster@heartf.com
    [CONTEXT_DOCUMENT_ROOT] => /home/heartf/heartf.com/public_html/school
    [CONTEXT_PREFIX] => 
    [REQUEST_SCHEME] => https
    [DOCUMENT_ROOT] => /home/heartf/heartf.com/public_html/school
    [REMOTE_ADDR] => 49.96.239.245
    [SERVER_PORT] => 443
    [SERVER_ADDR] => 103.141.97.55
    [SERVER_NAME] => school.heartf.com
    [SERVER_SOFTWARE] => Apache
    [SERVER_SIGNATURE] => 
    [HTTP_COOKIE] => _ga_HE2HZGS8HL=GS1.2.1711198895.8.1.1711199628.0.0.0; _clck=87vgjk%7C2%7Cfnr%7C0%7C1667; _ga_W99M1L8DL1=GS1.1.1721883559.1.0.1721883569.0.0.0; _ga=GA1.1.1323390995.1703293715; _ga_LX121NPD7K=GS1.1.1736327754.3.1.1736327806.8.0.709536588; _ga_DN9TZ3Q2LG=GS1.1.1736327753.3.1.1736327806.0.0.0
    [HTTP_PRIORITY] => u=0, i
    [HTTP_ACCEPT_LANGUAGE] => ja,en;q=0.9,en-GB;q=0.8,en-US;q=0.7
    [HTTP_REFERER] => https://secure.telecomcredit.co.jp/
    [HTTP_SEC_CH_UA_PLATFORM] => "Windows"
    [HTTP_SEC_CH_UA_MOBILE] => ?0
    [HTTP_SEC_CH_UA] => "Microsoft Edge";v="135", "Not-A.Brand";v="8", "Chromium";v="135"
    [HTTP_SEC_FETCH_DEST] => document
    [HTTP_SEC_FETCH_MODE] => navigate
    [HTTP_SEC_FETCH_SITE] => cross-site
    [HTTP_ACCEPT] => text/html,application/xhtml+xml,application/xml;q=0.9,image/avif,image/webp,image/apng,*/*;q=0.8,application/signed-exchange;v=b3;q=0.7
    [HTTP_USER_AGENT] => Mozilla/5.0 (Windows NT 10.0; Win64; x64) AppleWebKit/537.36 (KHTML, like Gecko) Chrome/135.0.0.0 Safari/537.36 Edg/135.0.0.0
    [HTTP_UPGRADE_INSECURE_REQUESTS] => 1
    [HTTP_CACHE_CONTROL] => max-age=0
    [HTTP_CONNECTION] => close
    [HTTP_X_FILE_TYPE] => normal
    [HTTP_X_UA_DEVICE] => pc
    [HTTP_X_FAILURE_CACHE_TIME] => 0
    [HTTP_X_ACCEL_EXPIRES] => 60
    [HTTP_X_WP_ACCESS] => 0
    [HTTP_X_SERVER_ADDRESS] => 103.141.97.55
    [HTTP_X_REAL_IP] => 49.96.239.245
    [HTTP_X_FORWARDED_SSL] => on
    [HTTP_X_FORWARDED_PORT] => 443
    [HTTP_X_FORWARDED_HOST] => school.heartf.com
    [HTTP_X_FORWARDED_PROTO] => https
    [HTTP_X_FORWARDED_FOR] => 49.96.239.245
    [HTTP_HOST] => school.heartf.com
    [AllowRestApi] => 1
    [Ngx_Cache_StaticMode] => 1
    [Ngx_Cache_NormalFile] => 1
    [FailureCacheTime] => 0
    [HTTPS] => on
    [UNIQUE_ID] => Z_Odke9W_Kdr75QSBJGfkAAAAhc
    [MEF_PROXY_ADDR] => 103.141.97.55
    [FCGI_ROLE] => RESPONDER
    [PHP_SELF] => /kanaeru/rep.php
    [REQUEST_TIME_FLOAT] => 1744018833.3188
    [REQUEST_TIME] => 1744018833
)

Generated hash data: 25:item_jp_new_100:txn_67f39d50987439.82890055_6892_1744018768:1744018833:lionking
Hash: e9aee41de75c36eb196693b46e62e6c141044acf000c66dfb1efa316cc094385API Response: API Success: Redirecting to thanks pageUser Environment Info:
IP Address: 49.96.239.245
Host Name / Provider: sp49-96-239-245.msc.spmode.ne.jp
User Agent: Mozilla/5.0 (Windows NT 10.0; Win64; x64) AppleWebKit/537.36 (KHTML, like Gecko) Chrome/135.0.0.0 Safari/537.36 Edg/135.0.0.0
Server Info: Array
(
    [PATH] => /usr/local/sbin:/usr/local/bin:/usr/sbin:/usr/bin
    [PWD] => /home/userfastcgi/heartf/heartf.com
    [SHLVL] => 0
    [SCRIPT_NAME] => /kanaeru/rep.php
    [REQUEST_URI] => /kanaeru/rep.php?user_id=25&price=5500&item_name=item_jp_new_100&transaction_id=txn_67f9b464873798.78328345_6255_1744417892&callback=my
    [QUERY_STRING] => user_id=25&price=5500&item_name=item_jp_new_100&transaction_id=txn_67f9b464873798.78328345_6255_1744417892&callback=my
    [REQUEST_METHOD] => GET
    [SERVER_PROTOCOL] => HTTP/1.1
    [GATEWAY_INTERFACE] => CGI/1.1
    [REMOTE_PORT] => 35402
    [SCRIPT_FILENAME] => /home/heartf/heartf.com/public_html/school/kanaeru/rep.php
    [SERVER_ADMIN] => webmaster@heartf.com
    [CONTEXT_DOCUMENT_ROOT] => /home/heartf/heartf.com/public_html/school
    [CONTEXT_PREFIX] => 
    [REQUEST_SCHEME] => https
    [DOCUMENT_ROOT] => /home/heartf/heartf.com/public_html/school
    [REMOTE_ADDR] => 49.96.239.245
    [SERVER_PORT] => 443
    [SERVER_ADDR] => 103.141.97.55
    [SERVER_NAME] => school.heartf.com
    [SERVER_SOFTWARE] => Apache
    [SERVER_SIGNATURE] => 
    [HTTP_COOKIE] => _ga_HE2HZGS8HL=GS1.2.1711198895.8.1.1711199628.0.0.0; _clck=87vgjk%7C2%7Cfnr%7C0%7C1667; _ga_W99M1L8DL1=GS1.1.1721883559.1.0.1721883569.0.0.0; _ga=GA1.1.1323390995.1703293715; _ga_LX121NPD7K=GS1.1.1736327754.3.1.1736327806.8.0.709536588; _ga_DN9TZ3Q2LG=GS1.1.1736327753.3.1.1736327806.0.0.0
    [HTTP_PRIORITY] => u=0, i
    [HTTP_ACCEPT_LANGUAGE] => ja,en;q=0.9,en-GB;q=0.8,en-US;q=0.7
    [HTTP_REFERER] => https://secure.telecomcredit.co.jp/
    [HTTP_SEC_CH_UA_PLATFORM] => "Windows"
    [HTTP_SEC_CH_UA_MOBILE] => ?0
    [HTTP_SEC_CH_UA] => "Microsoft Edge";v="135", "Not-A.Brand";v="8", "Chromium";v="135"
    [HTTP_SEC_FETCH_DEST] => document
    [HTTP_SEC_FETCH_MODE] => navigate
    [HTTP_SEC_FETCH_SITE] => cross-site
    [HTTP_ACCEPT] => text/html,application/xhtml+xml,application/xml;q=0.9,image/avif,image/webp,image/apng,*/*;q=0.8,application/signed-exchange;v=b3;q=0.7
    [HTTP_USER_AGENT] => Mozilla/5.0 (Windows NT 10.0; Win64; x64) AppleWebKit/537.36 (KHTML, like Gecko) Chrome/135.0.0.0 Safari/537.36 Edg/135.0.0.0
    [HTTP_UPGRADE_INSECURE_REQUESTS] => 1
    [HTTP_CACHE_CONTROL] => max-age=0
    [HTTP_CONNECTION] => close
    [HTTP_X_FILE_TYPE] => normal
    [HTTP_X_UA_DEVICE] => pc
    [HTTP_X_FAILURE_CACHE_TIME] => 0
    [HTTP_X_ACCEL_EXPIRES] => 60
    [HTTP_X_WP_ACCESS] => 0
    [HTTP_X_SERVER_ADDRESS] => 103.141.97.55
    [HTTP_X_REAL_IP] => 49.96.239.245
    [HTTP_X_FORWARDED_SSL] => on
    [HTTP_X_FORWARDED_PORT] => 443
    [HTTP_X_FORWARDED_HOST] => school.heartf.com
    [HTTP_X_FORWARDED_PROTO] => https
    [HTTP_X_FORWARDED_FOR] => 49.96.239.245
    [HTTP_HOST] => school.heartf.com
    [AllowRestApi] => 1
    [Ngx_Cache_StaticMode] => 1
    [Ngx_Cache_NormalFile] => 1
    [FailureCacheTime] => 0
    [HTTPS] => on
    [UNIQUE_ID] => Z_m0yLpsJYLZ29yP9gX_zgAAAQo
    [MEF_PROXY_ADDR] => 103.141.97.55
    [FCGI_ROLE] => RESPONDER
    [PHP_SELF] => /kanaeru/rep.php
    [REQUEST_TIME_FLOAT] => 1744417992.9807
    [REQUEST_TIME] => 1744417992
)

Generated hash data: 25:item_jp_new_100:txn_67f9b464873798.78328345_6255_1744417892:1744417993:lionking
Hash: b160c6a5efb3c76a9befc97a823f68e122905e34df0cdd1ceb86dd6e4f18ea06API Response: API Success: Redirecting to thanks pageUser Environment Info:
IP Address: 49.96.239.245
Host Name / Provider: sp49-96-239-245.msc.spmode.ne.jp
User Agent: Mozilla/5.0 (Windows NT 10.0; Win64; x64) AppleWebKit/537.36 (KHTML, like Gecko) Chrome/135.0.0.0 Safari/537.36 Edg/135.0.0.0
Server Info: Array
(
    [PATH] => /usr/local/sbin:/usr/local/bin:/usr/sbin:/usr/bin
    [PWD] => /home/userfastcgi/heartf/heartf.com
    [SHLVL] => 0
    [SCRIPT_NAME] => /kanaeru/rep.php
    [REQUEST_URI] => /kanaeru/rep.php?user_id=25&price=5500&item_name=item_jp_new_100&transaction_id=txn_67ff8ae75c12b0.31086001_2808_1744800487&callback=my
    [QUERY_STRING] => user_id=25&price=5500&item_name=item_jp_new_100&transaction_id=txn_67ff8ae75c12b0.31086001_2808_1744800487&callback=my
    [REQUEST_METHOD] => GET
    [SERVER_PROTOCOL] => HTTP/1.1
    [GATEWAY_INTERFACE] => CGI/1.1
    [REMOTE_PORT] => 43112
    [SCRIPT_FILENAME] => /home/heartf/heartf.com/public_html/school/kanaeru/rep.php
    [SERVER_ADMIN] => webmaster@heartf.com
    [CONTEXT_DOCUMENT_ROOT] => /home/heartf/heartf.com/public_html/school
    [CONTEXT_PREFIX] => 
    [REQUEST_SCHEME] => https
    [DOCUMENT_ROOT] => /home/heartf/heartf.com/public_html/school
    [REMOTE_ADDR] => 49.96.239.245
    [SERVER_PORT] => 443
    [SERVER_ADDR] => 103.141.97.55
    [SERVER_NAME] => school.heartf.com
    [SERVER_SOFTWARE] => Apache
    [SERVER_SIGNATURE] => 
    [HTTP_COOKIE] => _ga_HE2HZGS8HL=GS1.2.1711198895.8.1.1711199628.0.0.0; _clck=87vgjk%7C2%7Cfnr%7C0%7C1667; _ga_W99M1L8DL1=GS1.1.1721883559.1.0.1721883569.0.0.0; _ga=GA1.1.1323390995.1703293715; _ga_LX121NPD7K=GS1.1.1736327754.3.1.1736327806.8.0.709536588; _ga_DN9TZ3Q2LG=GS1.1.1736327753.3.1.1736327806.0.0.0
    [HTTP_PRIORITY] => u=0, i
    [HTTP_ACCEPT_LANGUAGE] => ja,en;q=0.9,en-GB;q=0.8,en-US;q=0.7
    [HTTP_REFERER] => https://secure.telecomcredit.co.jp/
    [HTTP_SEC_CH_UA_PLATFORM] => "Windows"
    [HTTP_SEC_CH_UA_MOBILE] => ?0
    [HTTP_SEC_CH_UA] => "Microsoft Edge";v="135", "Not-A.Brand";v="8", "Chromium";v="135"
    [HTTP_SEC_FETCH_DEST] => document
    [HTTP_SEC_FETCH_MODE] => navigate
    [HTTP_SEC_FETCH_SITE] => cross-site
    [HTTP_ACCEPT] => text/html,application/xhtml+xml,application/xml;q=0.9,image/avif,image/webp,image/apng,*/*;q=0.8,application/signed-exchange;v=b3;q=0.7
    [HTTP_USER_AGENT] => Mozilla/5.0 (Windows NT 10.0; Win64; x64) AppleWebKit/537.36 (KHTML, like Gecko) Chrome/135.0.0.0 Safari/537.36 Edg/135.0.0.0
    [HTTP_UPGRADE_INSECURE_REQUESTS] => 1
    [HTTP_CACHE_CONTROL] => max-age=0
    [HTTP_CONNECTION] => close
    [HTTP_X_FILE_TYPE] => normal
    [HTTP_X_UA_DEVICE] => pc
    [HTTP_X_FAILURE_CACHE_TIME] => 0
    [HTTP_X_ACCEL_EXPIRES] => 60
    [HTTP_X_WP_ACCESS] => 0
    [HTTP_X_SERVER_ADDRESS] => 103.141.97.55
    [HTTP_X_REAL_IP] => 49.96.239.245
    [HTTP_X_FORWARDED_SSL] => on
    [HTTP_X_FORWARDED_PORT] => 443
    [HTTP_X_FORWARDED_HOST] => school.heartf.com
    [HTTP_X_FORWARDED_PROTO] => https
    [HTTP_X_FORWARDED_FOR] => 49.96.239.245
    [HTTP_HOST] => school.heartf.com
    [AllowRestApi] => 1
    [Ngx_Cache_StaticMode] => 1
    [Ngx_Cache_NormalFile] => 1
    [FailureCacheTime] => 0
    [HTTPS] => on
    [UNIQUE_ID] => Z_-LE07_9e3df30McqoOhQAAAXM
    [MEF_PROXY_ADDR] => 103.141.97.55
    [FCGI_ROLE] => RESPONDER
    [PHP_SELF] => /kanaeru/rep.php
    [REQUEST_TIME_FLOAT] => 1744800531.7505
    [REQUEST_TIME] => 1744800531
)

Generated hash data: 25:item_jp_new_100:txn_67ff8ae75c12b0.31086001_2808_1744800487:1744800531:lionking
Hash: 1d79c3014d7d1252ef756440390c9a8c71a523285591d43d88f3769f3e8437b1API Response: API Success: Redirecting to thanks pageUser Environment Info:
IP Address: 49.96.239.245
Host Name / Provider: sp49-96-239-245.msc.spmode.ne.jp
User Agent: Mozilla/5.0 (Windows NT 10.0; Win64; x64) AppleWebKit/537.36 (KHTML, like Gecko) Chrome/135.0.0.0 Safari/537.36 Edg/135.0.0.0
Server Info: Array
(
    [PATH] => /usr/local/sbin:/usr/local/bin:/usr/sbin:/usr/bin
    [PWD] => /home/userfastcgi/heartf/heartf.com
    [SHLVL] => 0
    [SCRIPT_NAME] => /kanaeru/rep.php
    [REQUEST_URI] => /kanaeru/rep.php?user_id=25&price=5500&item_name=item_jp_new_100&transaction_id=txn_680bae991b5513.56671359_3539_1745596057&callback=my
    [QUERY_STRING] => user_id=25&price=5500&item_name=item_jp_new_100&transaction_id=txn_680bae991b5513.56671359_3539_1745596057&callback=my
    [REQUEST_METHOD] => GET
    [SERVER_PROTOCOL] => HTTP/1.1
    [GATEWAY_INTERFACE] => CGI/1.1
    [REMOTE_PORT] => 34646
    [SCRIPT_FILENAME] => /home/heartf/heartf.com/public_html/school/kanaeru/rep.php
    [SERVER_ADMIN] => webmaster@heartf.com
    [CONTEXT_DOCUMENT_ROOT] => /home/heartf/heartf.com/public_html/school
    [CONTEXT_PREFIX] => 
    [REQUEST_SCHEME] => https
    [DOCUMENT_ROOT] => /home/heartf/heartf.com/public_html/school
    [REMOTE_ADDR] => 49.96.239.245
    [SERVER_PORT] => 443
    [SERVER_ADDR] => 103.141.97.55
    [SERVER_NAME] => school.heartf.com
    [SERVER_SOFTWARE] => Apache
    [SERVER_SIGNATURE] => 
    [HTTP_COOKIE] => _ga_HE2HZGS8HL=GS1.2.1711198895.8.1.1711199628.0.0.0; _clck=87vgjk%7C2%7Cfnr%7C0%7C1667; _ga_W99M1L8DL1=GS1.1.1721883559.1.0.1721883569.0.0.0; _ga=GA1.1.1323390995.1703293715; _ga_LX121NPD7K=GS1.1.1736327754.3.1.1736327806.8.0.709536588; _ga_DN9TZ3Q2LG=GS1.1.1736327753.3.1.1736327806.0.0.0
    [HTTP_PRIORITY] => u=0, i
    [HTTP_ACCEPT_LANGUAGE] => ja,en;q=0.9,en-GB;q=0.8,en-US;q=0.7
    [HTTP_REFERER] => https://secure.telecomcredit.co.jp/
    [HTTP_SEC_CH_UA_PLATFORM] => "Windows"
    [HTTP_SEC_CH_UA_MOBILE] => ?0
    [HTTP_SEC_CH_UA] => "Microsoft Edge";v="135", "Not-A.Brand";v="8", "Chromium";v="135"
    [HTTP_SEC_FETCH_DEST] => document
    [HTTP_SEC_FETCH_MODE] => navigate
    [HTTP_SEC_FETCH_SITE] => cross-site
    [HTTP_ACCEPT] => text/html,application/xhtml+xml,application/xml;q=0.9,image/avif,image/webp,image/apng,*/*;q=0.8,application/signed-exchange;v=b3;q=0.7
    [HTTP_USER_AGENT] => Mozilla/5.0 (Windows NT 10.0; Win64; x64) AppleWebKit/537.36 (KHTML, like Gecko) Chrome/135.0.0.0 Safari/537.36 Edg/135.0.0.0
    [HTTP_UPGRADE_INSECURE_REQUESTS] => 1
    [HTTP_CACHE_CONTROL] => max-age=0
    [HTTP_CONNECTION] => close
    [HTTP_X_FILE_TYPE] => normal
    [HTTP_X_UA_DEVICE] => pc
    [HTTP_X_FAILURE_CACHE_TIME] => 0
    [HTTP_X_ACCEL_EXPIRES] => 60
    [HTTP_X_WP_ACCESS] => 0
    [HTTP_X_SERVER_ADDRESS] => 103.141.97.55
    [HTTP_X_REAL_IP] => 49.96.239.245
    [HTTP_X_FORWARDED_SSL] => on
    [HTTP_X_FORWARDED_PORT] => 443
    [HTTP_X_FORWARDED_HOST] => school.heartf.com
    [HTTP_X_FORWARDED_PROTO] => https
    [HTTP_X_FORWARDED_FOR] => 49.96.239.245
    [HTTP_HOST] => school.heartf.com
    [AllowRestApi] => 1
    [Ngx_Cache_StaticMode] => 1
    [Ngx_Cache_NormalFile] => 1
    [FailureCacheTime] => 0
    [HTTPS] => on
    [UNIQUE_ID] => aAuuyFHaPOWNNc1YdvcbrwAAARM
    [MEF_PROXY_ADDR] => 103.141.97.55
    [FCGI_ROLE] => RESPONDER
    [PHP_SELF] => /kanaeru/rep.php
    [REQUEST_TIME_FLOAT] => 1745596104.233
    [REQUEST_TIME] => 1745596104
)

Generated hash data: 25:item_jp_new_100:txn_680bae991b5513.56671359_3539_1745596057:1745596104:lionking
Hash: 331eb72087bfd1be1c24ce9d6ea348f36a7babe28c54b5608ccae2c90929c84eAPI Response: API Success: Redirecting to thanks pageUser Environment Info:
IP Address: 49.96.239.245
Host Name / Provider: sp49-96-239-245.msc.spmode.ne.jp
User Agent: Mozilla/5.0 (Windows NT 10.0; Win64; x64) AppleWebKit/537.36 (KHTML, like Gecko) Chrome/135.0.0.0 Safari/537.36 Edg/135.0.0.0
Server Info: Array
(
    [PATH] => /usr/local/sbin:/usr/local/bin:/usr/sbin:/usr/bin
    [PWD] => /home/userfastcgi/heartf/heartf.com
    [SHLVL] => 0
    [SCRIPT_NAME] => /kanaeru/rep.php
    [REQUEST_URI] => /kanaeru/rep.php?user_id=25&price=5500&item_name=item_jp_new_100&transaction_id=txn_680f491b852398.20978795_8665_1745832219&callback=my
    [QUERY_STRING] => user_id=25&price=5500&item_name=item_jp_new_100&transaction_id=txn_680f491b852398.20978795_8665_1745832219&callback=my
    [REQUEST_METHOD] => GET
    [SERVER_PROTOCOL] => HTTP/1.1
    [GATEWAY_INTERFACE] => CGI/1.1
    [REMOTE_PORT] => 41358
    [SCRIPT_FILENAME] => /home/heartf/heartf.com/public_html/school/kanaeru/rep.php
    [SERVER_ADMIN] => webmaster@heartf.com
    [CONTEXT_DOCUMENT_ROOT] => /home/heartf/heartf.com/public_html/school
    [CONTEXT_PREFIX] => 
    [REQUEST_SCHEME] => https
    [DOCUMENT_ROOT] => /home/heartf/heartf.com/public_html/school
    [REMOTE_ADDR] => 49.96.239.245
    [SERVER_PORT] => 443
    [SERVER_ADDR] => 103.141.97.55
    [SERVER_NAME] => school.heartf.com
    [SERVER_SOFTWARE] => Apache
    [SERVER_SIGNATURE] => 
    [HTTP_COOKIE] => _clck=87vgjk%7C2%7Cfnr%7C0%7C1667; _ga_W99M1L8DL1=GS1.1.1721883559.1.0.1721883569.0.0.0; _ga=GA1.1.1323390995.1703293715; _ga_LX121NPD7K=GS1.1.1736327754.3.1.1736327806.8.0.709536588; _ga_DN9TZ3Q2LG=GS1.1.1736327753.3.1.1736327806.0.0.0
    [HTTP_PRIORITY] => u=0, i
    [HTTP_ACCEPT_LANGUAGE] => ja,en;q=0.9,en-GB;q=0.8,en-US;q=0.7
    [HTTP_REFERER] => https://secure.telecomcredit.co.jp/
    [HTTP_SEC_CH_UA_PLATFORM] => "Windows"
    [HTTP_SEC_CH_UA_MOBILE] => ?0
    [HTTP_SEC_CH_UA] => "Microsoft Edge";v="135", "Not-A.Brand";v="8", "Chromium";v="135"
    [HTTP_SEC_FETCH_DEST] => document
    [HTTP_SEC_FETCH_MODE] => navigate
    [HTTP_SEC_FETCH_SITE] => cross-site
    [HTTP_ACCEPT] => text/html,application/xhtml+xml,application/xml;q=0.9,image/avif,image/webp,image/apng,*/*;q=0.8,application/signed-exchange;v=b3;q=0.7
    [HTTP_USER_AGENT] => Mozilla/5.0 (Windows NT 10.0; Win64; x64) AppleWebKit/537.36 (KHTML, like Gecko) Chrome/135.0.0.0 Safari/537.36 Edg/135.0.0.0
    [HTTP_UPGRADE_INSECURE_REQUESTS] => 1
    [HTTP_CACHE_CONTROL] => max-age=0
    [HTTP_CONNECTION] => close
    [HTTP_X_FILE_TYPE] => normal
    [HTTP_X_UA_DEVICE] => pc
    [HTTP_X_FAILURE_CACHE_TIME] => 0
    [HTTP_X_ACCEL_EXPIRES] => 60
    [HTTP_X_WP_ACCESS] => 0
    [HTTP_X_SERVER_ADDRESS] => 103.141.97.55
    [HTTP_X_REAL_IP] => 49.96.239.245
    [HTTP_X_FORWARDED_SSL] => on
    [HTTP_X_FORWARDED_PORT] => 443
    [HTTP_X_FORWARDED_HOST] => school.heartf.com
    [HTTP_X_FORWARDED_PROTO] => https
    [HTTP_X_FORWARDED_FOR] => 49.96.239.245
    [HTTP_HOST] => school.heartf.com
    [AllowRestApi] => 1
    [Ngx_Cache_StaticMode] => 1
    [Ngx_Cache_NormalFile] => 1
    [FailureCacheTime] => 0
    [HTTPS] => on
    [UNIQUE_ID] => aA9JT5-VIvonowWUfD0PrgAAAEg
    [MEF_PROXY_ADDR] => 103.141.97.55
    [FCGI_ROLE] => RESPONDER
    [PHP_SELF] => /kanaeru/rep.php
    [REQUEST_TIME_FLOAT] => 1745832271.7843
    [REQUEST_TIME] => 1745832271
)

Generated hash data: 25:item_jp_new_100:txn_680f491b852398.20978795_8665_1745832219:1745832271:lionking
Hash: 6b6d55596e79919fa1a571c390956f5c75b5b961273be9285018718003b2a4eeAPI Response: API Success: Redirecting to thanks pageUser Environment Info:
IP Address: 49.96.239.245
Host Name / Provider: sp49-96-239-245.msc.spmode.ne.jp
User Agent: Mozilla/5.0 (Windows NT 10.0; Win64; x64) AppleWebKit/537.36 (KHTML, like Gecko) Chrome/135.0.0.0 Safari/537.36 Edg/135.0.0.0
Server Info: Array
(
    [PATH] => /usr/local/sbin:/usr/local/bin:/usr/sbin:/usr/bin
    [PWD] => /home/userfastcgi/heartf/heartf.com
    [SHLVL] => 0
    [SCRIPT_NAME] => /kanaeru/rep.php
    [REQUEST_URI] => /kanaeru/rep.php?user_id=25&price=5500&item_name=item_jp_new_100&transaction_id=txn_6813669b71a385.83455912_6583_1746101915&callback=my
    [QUERY_STRING] => user_id=25&price=5500&item_name=item_jp_new_100&transaction_id=txn_6813669b71a385.83455912_6583_1746101915&callback=my
    [REQUEST_METHOD] => GET
    [SERVER_PROTOCOL] => HTTP/1.1
    [GATEWAY_INTERFACE] => CGI/1.1
    [REMOTE_PORT] => 38214
    [SCRIPT_FILENAME] => /home/heartf/heartf.com/public_html/school/kanaeru/rep.php
    [SERVER_ADMIN] => webmaster@heartf.com
    [CONTEXT_DOCUMENT_ROOT] => /home/heartf/heartf.com/public_html/school
    [CONTEXT_PREFIX] => 
    [REQUEST_SCHEME] => https
    [DOCUMENT_ROOT] => /home/heartf/heartf.com/public_html/school
    [REMOTE_ADDR] => 49.96.239.245
    [SERVER_PORT] => 443
    [SERVER_ADDR] => 103.141.97.55
    [SERVER_NAME] => school.heartf.com
    [SERVER_SOFTWARE] => Apache
    [SERVER_SIGNATURE] => 
    [HTTP_COOKIE] => _clck=87vgjk%7C2%7Cfnr%7C0%7C1667; _ga_W99M1L8DL1=GS1.1.1721883559.1.0.1721883569.0.0.0; _ga=GA1.1.1323390995.1703293715; _ga_LX121NPD7K=GS1.1.1736327754.3.1.1736327806.8.0.709536588; _ga_DN9TZ3Q2LG=GS1.1.1736327753.3.1.1736327806.0.0.0
    [HTTP_PRIORITY] => u=0, i
    [HTTP_ACCEPT_LANGUAGE] => ja,en;q=0.9,en-GB;q=0.8,en-US;q=0.7
    [HTTP_REFERER] => https://secure.telecomcredit.co.jp/
    [HTTP_SEC_CH_UA_PLATFORM] => "Windows"
    [HTTP_SEC_CH_UA_MOBILE] => ?0
    [HTTP_SEC_CH_UA] => "Microsoft Edge";v="135", "Not-A.Brand";v="8", "Chromium";v="135"
    [HTTP_SEC_FETCH_DEST] => document
    [HTTP_SEC_FETCH_MODE] => navigate
    [HTTP_SEC_FETCH_SITE] => cross-site
    [HTTP_ACCEPT] => text/html,application/xhtml+xml,application/xml;q=0.9,image/avif,image/webp,image/apng,*/*;q=0.8,application/signed-exchange;v=b3;q=0.7
    [HTTP_USER_AGENT] => Mozilla/5.0 (Windows NT 10.0; Win64; x64) AppleWebKit/537.36 (KHTML, like Gecko) Chrome/135.0.0.0 Safari/537.36 Edg/135.0.0.0
    [HTTP_UPGRADE_INSECURE_REQUESTS] => 1
    [HTTP_CACHE_CONTROL] => max-age=0
    [HTTP_CONNECTION] => close
    [HTTP_X_FILE_TYPE] => normal
    [HTTP_X_UA_DEVICE] => pc
    [HTTP_X_FAILURE_CACHE_TIME] => 0
    [HTTP_X_ACCEL_EXPIRES] => 60
    [HTTP_X_WP_ACCESS] => 0
    [HTTP_X_SERVER_ADDRESS] => 103.141.97.55
    [HTTP_X_REAL_IP] => 49.96.239.245
    [HTTP_X_FORWARDED_SSL] => on
    [HTTP_X_FORWARDED_PORT] => 443
    [HTTP_X_FORWARDED_HOST] => school.heartf.com
    [HTTP_X_FORWARDED_PROTO] => https
    [HTTP_X_FORWARDED_FOR] => 49.96.239.245
    [HTTP_HOST] => school.heartf.com
    [AllowRestApi] => 1
    [Ngx_Cache_StaticMode] => 1
    [Ngx_Cache_NormalFile] => 1
    [FailureCacheTime] => 0
    [HTTPS] => on
    [UNIQUE_ID] => aBNnBTbn__6q3UXHXRFAPwAAAa8
    [MEF_PROXY_ADDR] => 103.141.97.55
    [FCGI_ROLE] => RESPONDER
    [PHP_SELF] => /kanaeru/rep.php
    [REQUEST_TIME_FLOAT] => 1746102021.8255
    [REQUEST_TIME] => 1746102021
)

Generated hash data: 25:item_jp_new_100:txn_6813669b71a385.83455912_6583_1746101915:1746102021:lionking
Hash: 5b1eeb8ec5878b2914063d5030b010f195a664fe9edc0ae51abea848adcad232API Response: API Success: Redirecting to thanks pageUser Environment Info:
IP Address: 49.96.239.245
Host Name / Provider: sp49-96-239-245.msc.spmode.ne.jp
User Agent: Mozilla/5.0 (Windows NT 10.0; Win64; x64) AppleWebKit/537.36 (KHTML, like Gecko) Chrome/136.0.0.0 Safari/537.36 Edg/136.0.0.0
Server Info: Array
(
    [PATH] => /usr/local/sbin:/usr/local/bin:/usr/sbin:/usr/bin
    [PWD] => /home/userfastcgi/heartf/heartf.com
    [SHLVL] => 0
    [SCRIPT_NAME] => /kanaeru/rep.php
    [REQUEST_URI] => /kanaeru/rep.php?user_id=25&price=5500&item_name=item_jp_new_100&transaction_id=txn_681b774cc239d3.11853591_7593_1746630476&callback=my
    [QUERY_STRING] => user_id=25&price=5500&item_name=item_jp_new_100&transaction_id=txn_681b774cc239d3.11853591_7593_1746630476&callback=my
    [REQUEST_METHOD] => GET
    [SERVER_PROTOCOL] => HTTP/1.1
    [GATEWAY_INTERFACE] => CGI/1.1
    [REMOTE_PORT] => 37384
    [SCRIPT_FILENAME] => /home/heartf/heartf.com/public_html/school/kanaeru/rep.php
    [SERVER_ADMIN] => webmaster@heartf.com
    [CONTEXT_DOCUMENT_ROOT] => /home/heartf/heartf.com/public_html/school
    [CONTEXT_PREFIX] => 
    [REQUEST_SCHEME] => https
    [DOCUMENT_ROOT] => /home/heartf/heartf.com/public_html/school
    [REMOTE_ADDR] => 49.96.239.245
    [SERVER_PORT] => 443
    [SERVER_ADDR] => 103.141.97.55
    [SERVER_NAME] => school.heartf.com
    [SERVER_SOFTWARE] => Apache
    [SERVER_SIGNATURE] => 
    [HTTP_COOKIE] => _clck=87vgjk%7C2%7Cfnr%7C0%7C1667; _ga_W99M1L8DL1=GS1.1.1721883559.1.0.1721883569.0.0.0; _ga=GA1.1.1323390995.1703293715; _ga_LX121NPD7K=GS1.1.1736327754.3.1.1736327806.8.0.709536588; _ga_DN9TZ3Q2LG=GS1.1.1736327753.3.1.1736327806.0.0.0
    [HTTP_PRIORITY] => u=0, i
    [HTTP_ACCEPT_LANGUAGE] => ja,en;q=0.9,en-GB;q=0.8,en-US;q=0.7
    [HTTP_REFERER] => https://secure.telecomcredit.co.jp/
    [HTTP_SEC_CH_UA_PLATFORM] => "Windows"
    [HTTP_SEC_CH_UA_MOBILE] => ?0
    [HTTP_SEC_CH_UA] => "Chromium";v="136", "Microsoft Edge";v="136", "Not.A/Brand";v="99"
    [HTTP_SEC_FETCH_DEST] => document
    [HTTP_SEC_FETCH_MODE] => navigate
    [HTTP_SEC_FETCH_SITE] => cross-site
    [HTTP_ACCEPT] => text/html,application/xhtml+xml,application/xml;q=0.9,image/avif,image/webp,image/apng,*/*;q=0.8,application/signed-exchange;v=b3;q=0.7
    [HTTP_USER_AGENT] => Mozilla/5.0 (Windows NT 10.0; Win64; x64) AppleWebKit/537.36 (KHTML, like Gecko) Chrome/136.0.0.0 Safari/537.36 Edg/136.0.0.0
    [HTTP_UPGRADE_INSECURE_REQUESTS] => 1
    [HTTP_CACHE_CONTROL] => max-age=0
    [HTTP_CONNECTION] => close
    [HTTP_X_FILE_TYPE] => normal
    [HTTP_X_UA_DEVICE] => pc
    [HTTP_X_FAILURE_CACHE_TIME] => 0
    [HTTP_X_ACCEL_EXPIRES] => 60
    [HTTP_X_WP_ACCESS] => 0
    [HTTP_X_SERVER_ADDRESS] => 103.141.97.55
    [HTTP_X_REAL_IP] => 49.96.239.245
    [HTTP_X_FORWARDED_SSL] => on
    [HTTP_X_FORWARDED_PORT] => 443
    [HTTP_X_FORWARDED_HOST] => school.heartf.com
    [HTTP_X_FORWARDED_PROTO] => https
    [HTTP_X_FORWARDED_FOR] => 49.96.239.245
    [HTTP_HOST] => school.heartf.com
    [AllowRestApi] => 1
    [Ngx_Cache_StaticMode] => 1
    [Ngx_Cache_NormalFile] => 1
    [FailureCacheTime] => 0
    [HTTPS] => on
    [UNIQUE_ID] => aBt3gE1gwOLwQ7kj6yCyRwAAANk
    [MEF_PROXY_ADDR] => 103.141.97.55
    [FCGI_ROLE] => RESPONDER
    [PHP_SELF] => /kanaeru/rep.php
    [REQUEST_TIME_FLOAT] => 1746630528.0748
    [REQUEST_TIME] => 1746630528
)

Generated hash data: 25:item_jp_new_100:txn_681b774cc239d3.11853591_7593_1746630476:1746630528:lionking
Hash: a2d1bc7048a946722543ebb1bac11d71ef0974430db3515036e6550b1a29278bAPI Response: API Success: Redirecting to thanks pageUser Environment Info:
IP Address: 49.96.238.122
Host Name / Provider: sp49-96-238-122.msc.spmode.ne.jp
User Agent: Mozilla/5.0 (Windows NT 10.0; Win64; x64) AppleWebKit/537.36 (KHTML, like Gecko) Chrome/136.0.0.0 Safari/537.36 Edg/136.0.0.0
Server Info: Array
(
    [PATH] => /usr/local/sbin:/usr/local/bin:/usr/sbin:/usr/bin
    [PWD] => /home/userfastcgi/heartf/heartf.com
    [SHLVL] => 0
    [SCRIPT_NAME] => /kanaeru/rep.php
    [REQUEST_URI] => /kanaeru/rep.php?user_id=25&price=5500&item_name=item_jp_new_100&transaction_id=txn_6828569aa354e2.63056447_8172_1747474074&callback=my
    [QUERY_STRING] => user_id=25&price=5500&item_name=item_jp_new_100&transaction_id=txn_6828569aa354e2.63056447_8172_1747474074&callback=my
    [REQUEST_METHOD] => GET
    [SERVER_PROTOCOL] => HTTP/1.1
    [GATEWAY_INTERFACE] => CGI/1.1
    [REMOTE_PORT] => 38162
    [SCRIPT_FILENAME] => /home/heartf/heartf.com/public_html/school/kanaeru/rep.php
    [SERVER_ADMIN] => webmaster@heartf.com
    [CONTEXT_DOCUMENT_ROOT] => /home/heartf/heartf.com/public_html/school
    [CONTEXT_PREFIX] => 
    [REQUEST_SCHEME] => https
    [DOCUMENT_ROOT] => /home/heartf/heartf.com/public_html/school
    [REMOTE_ADDR] => 49.96.238.122
    [SERVER_PORT] => 443
    [SERVER_ADDR] => 103.141.97.55
    [SERVER_NAME] => school.heartf.com
    [SERVER_SOFTWARE] => Apache
    [SERVER_SIGNATURE] => 
    [HTTP_COOKIE] => _clck=87vgjk%7C2%7Cfnr%7C0%7C1667; _ga_W99M1L8DL1=GS1.1.1721883559.1.0.1721883569.0.0.0; _ga=GA1.1.1323390995.1703293715; _ga_LX121NPD7K=GS1.1.1736327754.3.1.1736327806.8.0.709536588; _ga_DN9TZ3Q2LG=GS1.1.1736327753.3.1.1736327806.0.0.0
    [HTTP_PRIORITY] => u=0, i
    [HTTP_ACCEPT_LANGUAGE] => ja,en;q=0.9,en-GB;q=0.8,en-US;q=0.7
    [HTTP_REFERER] => https://secure.telecomcredit.co.jp/
    [HTTP_SEC_CH_UA_PLATFORM] => "Windows"
    [HTTP_SEC_CH_UA_MOBILE] => ?0
    [HTTP_SEC_CH_UA] => "Chromium";v="136", "Microsoft Edge";v="136", "Not.A/Brand";v="99"
    [HTTP_SEC_FETCH_DEST] => document
    [HTTP_SEC_FETCH_MODE] => navigate
    [HTTP_SEC_FETCH_SITE] => cross-site
    [HTTP_ACCEPT] => text/html,application/xhtml+xml,application/xml;q=0.9,image/avif,image/webp,image/apng,*/*;q=0.8,application/signed-exchange;v=b3;q=0.7
    [HTTP_USER_AGENT] => Mozilla/5.0 (Windows NT 10.0; Win64; x64) AppleWebKit/537.36 (KHTML, like Gecko) Chrome/136.0.0.0 Safari/537.36 Edg/136.0.0.0
    [HTTP_UPGRADE_INSECURE_REQUESTS] => 1
    [HTTP_CACHE_CONTROL] => max-age=0
    [HTTP_CONNECTION] => close
    [HTTP_X_FILE_TYPE] => normal
    [HTTP_X_UA_DEVICE] => pc
    [HTTP_X_FAILURE_CACHE_TIME] => 0
    [HTTP_X_ACCEL_EXPIRES] => 60
    [HTTP_X_WP_ACCESS] => 0
    [HTTP_X_SERVER_ADDRESS] => 103.141.97.55
    [HTTP_X_REAL_IP] => 49.96.238.122
    [HTTP_X_FORWARDED_SSL] => on
    [HTTP_X_FORWARDED_PORT] => 443
    [HTTP_X_FORWARDED_HOST] => school.heartf.com
    [HTTP_X_FORWARDED_PROTO] => https
    [HTTP_X_FORWARDED_FOR] => 49.96.238.122
    [HTTP_HOST] => school.heartf.com
    [AllowRestApi] => 1
    [Ngx_Cache_StaticMode] => 1
    [Ngx_Cache_NormalFile] => 1
    [FailureCacheTime] => 0
    [HTTPS] => on
    [UNIQUE_ID] => aChW4bJHAUYea4rRc0G1qgAAAJo
    [MEF_PROXY_ADDR] => 103.141.97.55
    [FCGI_ROLE] => RESPONDER
    [PHP_SELF] => /kanaeru/rep.php
    [REQUEST_TIME_FLOAT] => 1747474145.6862
    [REQUEST_TIME] => 1747474145
)

Generated hash data: 25:item_jp_new_100:txn_6828569aa354e2.63056447_8172_1747474074:1747474145:lionking
Hash: 959f22c8c96d1a511317c127f22424fca84319b3df4baad667469a4970a0bd3fAPI Response: API Success: Redirecting to thanks pageUser Environment Info:
IP Address: 218.221.62.202
Host Name / Provider: pdadd3eca.tokynt01.ap.so-net.ne.jp
User Agent: Mozilla/5.0 (Linux; Android 10; K) AppleWebKit/537.36 (KHTML, like Gecko) Chrome/136.0.0.0 Mobile Safari/537.36
Server Info: Array
(
    [PATH] => /usr/local/sbin:/usr/local/bin:/usr/sbin:/usr/bin
    [PWD] => /home/userfastcgi/heartf/heartf.com
    [SHLVL] => 0
    [SCRIPT_NAME] => /kanaeru/rep.php
    [REQUEST_URI] => /kanaeru/rep.php?user_id=52&price=1650&item_name=item_jp_new_30&transaction_id=txn_682ad1093c8d87.73211667_7245_1747636489&callback=tq
    [QUERY_STRING] => user_id=52&price=1650&item_name=item_jp_new_30&transaction_id=txn_682ad1093c8d87.73211667_7245_1747636489&callback=tq
    [REQUEST_METHOD] => GET
    [SERVER_PROTOCOL] => HTTP/1.1
    [GATEWAY_INTERFACE] => CGI/1.1
    [REMOTE_PORT] => 53790
    [SCRIPT_FILENAME] => /home/heartf/heartf.com/public_html/school/kanaeru/rep.php
    [SERVER_ADMIN] => webmaster@heartf.com
    [CONTEXT_DOCUMENT_ROOT] => /home/heartf/heartf.com/public_html/school
    [CONTEXT_PREFIX] => 
    [REQUEST_SCHEME] => https
    [DOCUMENT_ROOT] => /home/heartf/heartf.com/public_html/school
    [REMOTE_ADDR] => 218.221.62.202
    [SERVER_PORT] => 443
    [SERVER_ADDR] => 103.141.97.55
    [SERVER_NAME] => school.heartf.com
    [SERVER_SOFTWARE] => Apache
    [SERVER_SIGNATURE] => 
    [HTTP_COOKIE] => _ga_ZKNBTVGEJE=GS1.1.1739024135.1.1.1739024222.0.0.0; _ga_24KCBZETC9=GS1.1.1739923545.1.0.1739923545.0.0.0; _ga_HE2HZGS8HL=GS1.2.1742685325.1.1.1742685565.0.0.0; _ga_ZQKCLRKB5Q=GS1.1.1744583769.1.1.1744583791.0.0.0; _gcl_aw=GCL.1745129011.CjwKCAjwk43ABhBIEiwAvvMEB_JJbqunlFcTyq8fUBBW9mE7j-YPccZV_h0YVYeTnG-JJRgpAq8DYRoCW8AQAvD_BwE; _gcl_gs=2.1.k1$i1745129010$u69166165; _ga_V61N4QB68M=GS1.1.1745159003.3.0.1745159003.0.0.0; _ga_YEYDQZ3W8X=GS1.1.1745316566.3.0.1745316566.0.0.0; _ga_0MQS3FYDHL=GS1.2.1745316568.7.1.1745316568.60.0.0; _ga_7DRL21B865=GS2.1.s1746969016$o33$g0$t1746969016$j0$l0$h0; _gid=GA1.2.1876912692.1747487064; _ga_LX121NPD7K=GS2.1.s1747610862$o154$g0$t1747610862$j60$l0$h931421480$dwmGg6XUqh5BThisRmjcQljDH8-kqfajVyw; _ga=GA1.1.1205830458.1730022656; _ga_DN9TZ3Q2LG=GS2.1.s1747610862$o325$g0$t1747610862$j0$l0$h0
    [HTTP_PRIORITY] => u=0, i
    [HTTP_ACCEPT_LANGUAGE] => ja-JP,ja;q=0.9,en-US;q=0.8,en;q=0.7
    [HTTP_REFERER] => https://secure.telecomcredit.co.jp/
    [HTTP_SEC_CH_UA_PLATFORM] => "Android"
    [HTTP_SEC_CH_UA_MOBILE] => ?1
    [HTTP_SEC_CH_UA] => "Chromium";v="136", "Google Chrome";v="136", "Not.A/Brand";v="99"
    [HTTP_SEC_FETCH_DEST] => document
    [HTTP_SEC_FETCH_MODE] => navigate
    [HTTP_SEC_FETCH_SITE] => cross-site
    [HTTP_ACCEPT] => text/html,application/xhtml+xml,application/xml;q=0.9,image/avif,image/webp,image/apng,*/*;q=0.8,application/signed-exchange;v=b3;q=0.7
    [HTTP_USER_AGENT] => Mozilla/5.0 (Linux; Android 10; K) AppleWebKit/537.36 (KHTML, like Gecko) Chrome/136.0.0.0 Mobile Safari/537.36
    [HTTP_UPGRADE_INSECURE_REQUESTS] => 1
    [HTTP_CACHE_CONTROL] => max-age=0
    [HTTP_CONNECTION] => close
    [HTTP_X_FILE_TYPE] => normal
    [HTTP_X_UA_DEVICE] => smartphone
    [HTTP_X_FAILURE_CACHE_TIME] => 0
    [HTTP_X_ACCEL_EXPIRES] => 60
    [HTTP_X_WP_ACCESS] => 0
    [HTTP_X_SERVER_ADDRESS] => 103.141.97.55
    [HTTP_X_REAL_IP] => 218.221.62.202
    [HTTP_X_FORWARDED_SSL] => on
    [HTTP_X_FORWARDED_PORT] => 443
    [HTTP_X_FORWARDED_HOST] => school.heartf.com
    [HTTP_X_FORWARDED_PROTO] => https
    [HTTP_X_FORWARDED_FOR] => 218.221.62.202
    [HTTP_HOST] => school.heartf.com
    [AllowRestApi] => 1
    [Ngx_Cache_StaticMode] => 1
    [Ngx_Cache_NormalFile] => 1
    [FailureCacheTime] => 0
    [HTTPS] => on
    [UNIQUE_ID] => aCrRgsJatzN3uGTlBKDt8QAAAec
    [MEF_PROXY_ADDR] => 103.141.97.55
    [FCGI_ROLE] => RESPONDER
    [PHP_SELF] => /kanaeru/rep.php
    [REQUEST_TIME_FLOAT] => 1747636610.9609
    [REQUEST_TIME] => 1747636610
)

Generated hash data: 52:item_jp_new_30:txn_682ad1093c8d87.73211667_7245_1747636489:1747636611:lionking
Hash: bd257be7d4af7fbbe5ca1c74555b405c4392e94043f28c3bf4ca6dc796700c75API Response: API Success: Redirecting to thanks pageUser Environment Info:
IP Address: 60.67.60.56
Host Name / Provider: softbank060067060056.bbtec.net
User Agent: Mozilla/5.0 (iPhone; CPU iPhone OS 18_5 like Mac OS X) AppleWebKit/605.1.15 (KHTML, like Gecko) Mobile/15E148 Safari Line/15.7.2
Server Info: Array
(
    [PATH] => /usr/local/sbin:/usr/local/bin:/usr/sbin:/usr/bin
    [PWD] => /home/userfastcgi/heartf/heartf.com
    [SHLVL] => 0
    [SCRIPT_NAME] => /kanaeru/rep.php
    [REQUEST_URI] => /kanaeru/rep.php?user_id=56&price=660&item_name=item_jp_new_12&transaction_id=txn_6835659fc058c8.41081710_1257_1748329887&callback=tq
    [QUERY_STRING] => user_id=56&price=660&item_name=item_jp_new_12&transaction_id=txn_6835659fc058c8.41081710_1257_1748329887&callback=tq
    [REQUEST_METHOD] => GET
    [SERVER_PROTOCOL] => HTTP/1.1
    [GATEWAY_INTERFACE] => CGI/1.1
    [REMOTE_PORT] => 50410
    [SCRIPT_FILENAME] => /home/heartf/heartf.com/public_html/school/kanaeru/rep.php
    [SERVER_ADMIN] => webmaster@heartf.com
    [CONTEXT_DOCUMENT_ROOT] => /home/heartf/heartf.com/public_html/school
    [CONTEXT_PREFIX] => 
    [REQUEST_SCHEME] => https
    [DOCUMENT_ROOT] => /home/heartf/heartf.com/public_html/school
    [REMOTE_ADDR] => 60.67.60.56
    [SERVER_PORT] => 443
    [SERVER_ADDR] => 103.141.97.55
    [SERVER_NAME] => school.heartf.com
    [SERVER_SOFTWARE] => Apache
    [SERVER_SIGNATURE] => 
    [HTTP_SEC_FETCH_DEST] => document
    [HTTP_ACCEPT_LANGUAGE] => ja
    [HTTP_USER_AGENT] => Mozilla/5.0 (iPhone; CPU iPhone OS 18_5 like Mac OS X) AppleWebKit/605.1.15 (KHTML, like Gecko) Mobile/15E148 Safari Line/15.7.2
    [HTTP_SEC_FETCH_MODE] => navigate
    [HTTP_REFERER] => https://secure.telecomcredit.co.jp/
    [HTTP_SEC_FETCH_SITE] => cross-site
    [HTTP_ACCEPT] => text/html,application/xhtml+xml,application/xml;q=0.9,*/*;q=0.8
    [HTTP_CONNECTION] => close
    [HTTP_X_FILE_TYPE] => normal
    [HTTP_X_UA_DEVICE] => smartphone
    [HTTP_X_FAILURE_CACHE_TIME] => 0
    [HTTP_X_ACCEL_EXPIRES] => 60
    [HTTP_X_WP_ACCESS] => 0
    [HTTP_X_SERVER_ADDRESS] => 103.141.97.55
    [HTTP_X_REAL_IP] => 60.67.60.56
    [HTTP_X_FORWARDED_SSL] => on
    [HTTP_X_FORWARDED_PORT] => 443
    [HTTP_X_FORWARDED_HOST] => school.heartf.com
    [HTTP_X_FORWARDED_PROTO] => https
    [HTTP_X_FORWARDED_FOR] => 60.67.60.56
    [HTTP_HOST] => school.heartf.com
    [Ngx_Cache_StaticMode] => 1
    [Ngx_Cache_NormalFile] => 1
    [FailureCacheTime] => 0
    [HTTPS] => on
    [UNIQUE_ID] => aDVmP-HumEYHR7T36VJTcwAAASw
    [MEF_PROXY_ADDR] => 103.141.97.55
    [FCGI_ROLE] => RESPONDER
    [PHP_SELF] => /kanaeru/rep.php
    [REQUEST_TIME_FLOAT] => 1748330047.9204
    [REQUEST_TIME] => 1748330047
)

Generated hash data: 56:item_jp_new_12:txn_6835659fc058c8.41081710_1257_1748329887:1748330047:lionking
Hash: 605cc177a70ee891ccbc327b29761cb98bd831a1a8f69cde037b1cf6c2441e3bAPI Response: API Success: Redirecting to thanks pageUser Environment Info:
IP Address: 60.67.60.56
Host Name / Provider: softbank060067060056.bbtec.net
User Agent: Mozilla/5.0 (iPhone; CPU iPhone OS 18_4_1 like Mac OS X) AppleWebKit/605.1.15 (KHTML, like Gecko) Mobile/15E148 Safari Line/15.7.2
Server Info: Array
(
    [PATH] => /usr/local/sbin:/usr/local/bin:/usr/sbin:/usr/bin
    [PWD] => /home/userfastcgi/heartf/heartf.com
    [SHLVL] => 0
    [SCRIPT_NAME] => /kanaeru/rep.php
    [REQUEST_URI] => /kanaeru/rep.php?user_id=87&price=660&item_name=item_jp_new_12&transaction_id=txn_683c1d2bde2e15.94838240_4399_1748770091&callback=my
    [QUERY_STRING] => user_id=87&price=660&item_name=item_jp_new_12&transaction_id=txn_683c1d2bde2e15.94838240_4399_1748770091&callback=my
    [REQUEST_METHOD] => GET
    [SERVER_PROTOCOL] => HTTP/1.1
    [GATEWAY_INTERFACE] => CGI/1.1
    [REMOTE_PORT] => 40756
    [SCRIPT_FILENAME] => /home/heartf/heartf.com/public_html/school/kanaeru/rep.php
    [SERVER_ADMIN] => webmaster@heartf.com
    [CONTEXT_DOCUMENT_ROOT] => /home/heartf/heartf.com/public_html/school
    [CONTEXT_PREFIX] => 
    [REQUEST_SCHEME] => https
    [DOCUMENT_ROOT] => /home/heartf/heartf.com/public_html/school
    [REMOTE_ADDR] => 60.67.60.56
    [SERVER_PORT] => 443
    [SERVER_ADDR] => 103.141.97.55
    [SERVER_NAME] => school.heartf.com
    [SERVER_SOFTWARE] => Apache
    [SERVER_SIGNATURE] => 
    [HTTP_SEC_FETCH_DEST] => document
    [HTTP_ACCEPT_LANGUAGE] => ja
    [HTTP_USER_AGENT] => Mozilla/5.0 (iPhone; CPU iPhone OS 18_4_1 like Mac OS X) AppleWebKit/605.1.15 (KHTML, like Gecko) Mobile/15E148 Safari Line/15.7.2
    [HTTP_SEC_FETCH_MODE] => navigate
    [HTTP_REFERER] => https://secure.telecomcredit.co.jp/
    [HTTP_SEC_FETCH_SITE] => cross-site
    [HTTP_ACCEPT] => text/html,application/xhtml+xml,application/xml;q=0.9,*/*;q=0.8
    [HTTP_CONNECTION] => close
    [HTTP_X_FILE_TYPE] => normal
    [HTTP_X_UA_DEVICE] => smartphone
    [HTTP_X_FAILURE_CACHE_TIME] => 0
    [HTTP_X_ACCEL_EXPIRES] => 60
    [HTTP_X_WP_ACCESS] => 0
    [HTTP_X_SERVER_ADDRESS] => 103.141.97.55
    [HTTP_X_REAL_IP] => 60.67.60.56
    [HTTP_X_FORWARDED_SSL] => on
    [HTTP_X_FORWARDED_PORT] => 443
    [HTTP_X_FORWARDED_HOST] => school.heartf.com
    [HTTP_X_FORWARDED_PROTO] => https
    [HTTP_X_FORWARDED_FOR] => 60.67.60.56
    [HTTP_HOST] => school.heartf.com
    [Ngx_Cache_StaticMode] => 1
    [Ngx_Cache_NormalFile] => 1
    [FailureCacheTime] => 0
    [HTTPS] => on
    [UNIQUE_ID] => aDwelRQ40KJHa6rWSHsoCQAAADQ
    [MEF_PROXY_ADDR] => 103.141.97.55
    [FCGI_ROLE] => RESPONDER
    [PHP_SELF] => /kanaeru/rep.php
    [REQUEST_TIME_FLOAT] => 1748770453.1617
    [REQUEST_TIME] => 1748770453
)

Generated hash data: 87:item_jp_new_12:txn_683c1d2bde2e15.94838240_4399_1748770091:1748770453:lionking
Hash: 605683bc3bfcdf13f9e401177799fa8dcf25f404d663fa5d012768053630116bAPI Response: API Success: Redirecting to thanks pageUser Environment Info:
IP Address: 60.84.31.247
Host Name / Provider: softbank060084031247.bbtec.net
User Agent: Mozilla/5.0 (iPhone; CPU iPhone OS 18_5 like Mac OS X) AppleWebKit/605.1.15 (KHTML, like Gecko) Version/18.5 Mobile/15E148 Safari/604.1
Server Info: Array
(
    [PATH] => /usr/local/sbin:/usr/local/bin:/usr/sbin:/usr/bin
    [PWD] => /home/userfastcgi/heartf/heartf.com
    [SHLVL] => 0
    [SCRIPT_NAME] => /kanaeru/rep.php
    [REQUEST_URI] => /kanaeru/rep.php?user_id=156&price=660&item_name=item_jp_new_12&transaction_id=txn_683e7da03af8c8.99494764_3390_1748925856&callback=wa%2Fdetail
    [QUERY_STRING] => user_id=156&price=660&item_name=item_jp_new_12&transaction_id=txn_683e7da03af8c8.99494764_3390_1748925856&callback=wa%2Fdetail
    [REQUEST_METHOD] => GET
    [SERVER_PROTOCOL] => HTTP/1.1
    [GATEWAY_INTERFACE] => CGI/1.1
    [REMOTE_PORT] => 54700
    [SCRIPT_FILENAME] => /home/heartf/heartf.com/public_html/school/kanaeru/rep.php
    [SERVER_ADMIN] => webmaster@heartf.com
    [CONTEXT_DOCUMENT_ROOT] => /home/heartf/heartf.com/public_html/school
    [CONTEXT_PREFIX] => 
    [REQUEST_SCHEME] => https
    [DOCUMENT_ROOT] => /home/heartf/heartf.com/public_html/school
    [REMOTE_ADDR] => 60.84.31.247
    [SERVER_PORT] => 443
    [SERVER_ADDR] => 103.141.97.55
    [SERVER_NAME] => school.heartf.com
    [SERVER_SOFTWARE] => Apache
    [SERVER_SIGNATURE] => 
    [HTTP_COOKIE] => _ga=GA1.1.1658294722.1748679035; _ga_DN9TZ3Q2LG=GS2.1.s1748920511$o2$g0$t1748920511$j60$l0$h0; _ga_LX121NPD7K=GS2.1.s1748920511$o2$g0$t1748920511$j60$l0$h2029084670; _gid=GA1.2.1938812260.1748857511; _ga_HE2HZGS8HL=GS2.1.s1748870036$o3$g0$t1748870040$j56$l0$h0; _ga_KKDS2Y063Q=GS2.1.s1748867337$o1$g1$t1748870040$j56$l0$h1576388473; _clsk=t7ro5a%7C1748870036911%7C1%7C1%7Cq.clarity.ms%2Fcollect; _clck=10i2zh0%7C2%7Cfwf%7C0%7C1979; _gcl_au=1.1.658237862.1748867337
    [HTTP_SEC_FETCH_DEST] => document
    [HTTP_REFERER] => https://secure.telecomcredit.co.jp/
    [HTTP_ACCEPT_LANGUAGE] => ja
    [HTTP_USER_AGENT] => Mozilla/5.0 (iPhone; CPU iPhone OS 18_5 like Mac OS X) AppleWebKit/605.1.15 (KHTML, like Gecko) Version/18.5 Mobile/15E148 Safari/604.1
    [HTTP_SEC_FETCH_MODE] => navigate
    [HTTP_PRIORITY] => u=0, i
    [HTTP_SEC_FETCH_SITE] => cross-site
    [HTTP_ACCEPT] => text/html,application/xhtml+xml,application/xml;q=0.9,*/*;q=0.8
    [HTTP_CONNECTION] => close
    [HTTP_X_FILE_TYPE] => normal
    [HTTP_X_UA_DEVICE] => smartphone
    [HTTP_X_FAILURE_CACHE_TIME] => 0
    [HTTP_X_ACCEL_EXPIRES] => 60
    [HTTP_X_WP_ACCESS] => 0
    [HTTP_X_SERVER_ADDRESS] => 103.141.97.55
    [HTTP_X_REAL_IP] => 60.84.31.247
    [HTTP_X_FORWARDED_SSL] => on
    [HTTP_X_FORWARDED_PORT] => 443
    [HTTP_X_FORWARDED_HOST] => school.heartf.com
    [HTTP_X_FORWARDED_PROTO] => https
    [HTTP_X_FORWARDED_FOR] => 60.84.31.247
    [HTTP_HOST] => school.heartf.com
    [Ngx_Cache_StaticMode] => 1
    [Ngx_Cache_NormalFile] => 1
    [FailureCacheTime] => 0
    [HTTPS] => on
    [UNIQUE_ID] => aD5-XRL7NyVfYUm4SNKEnAAAAiI
    [MEF_PROXY_ADDR] => 103.141.97.55
    [FCGI_ROLE] => RESPONDER
    [PHP_SELF] => /kanaeru/rep.php
    [REQUEST_TIME_FLOAT] => 1748926045.8358
    [REQUEST_TIME] => 1748926045
)

Generated hash data: 156:item_jp_new_12:txn_683e7da03af8c8.99494764_3390_1748925856:1748926045:lionking
Hash: bd8acc511a90bf9b34d8a0d5d5ed290fff2fd382c712ae39e10c92ebc7780770API Response: API Success: Redirecting to thanks pageUser Environment Info:
IP Address: 49.96.236.91
Host Name / Provider: sp49-96-236-91.msc.spmode.ne.jp
User Agent: Mozilla/5.0 (Windows NT 10.0; Win64; x64) AppleWebKit/537.36 (KHTML, like Gecko) Chrome/136.0.0.0 Safari/537.36 Edg/136.0.0.0
Server Info: Array
(
    [PATH] => /usr/local/sbin:/usr/local/bin:/usr/sbin:/usr/bin
    [PWD] => /home/userfastcgi/heartf/heartf.com
    [SHLVL] => 0
    [SCRIPT_NAME] => /kanaeru/rep.php
    [REQUEST_URI] => /kanaeru/rep.php?user_id=25&price=5500&item_name=item_jp_new_100&transaction_id=txn_683e867862af91.89942435_5666_1748928120&callback=my
    [QUERY_STRING] => user_id=25&price=5500&item_name=item_jp_new_100&transaction_id=txn_683e867862af91.89942435_5666_1748928120&callback=my
    [REQUEST_METHOD] => GET
    [SERVER_PROTOCOL] => HTTP/1.1
    [GATEWAY_INTERFACE] => CGI/1.1
    [REMOTE_PORT] => 48754
    [SCRIPT_FILENAME] => /home/heartf/heartf.com/public_html/school/kanaeru/rep.php
    [SERVER_ADMIN] => webmaster@heartf.com
    [CONTEXT_DOCUMENT_ROOT] => /home/heartf/heartf.com/public_html/school
    [CONTEXT_PREFIX] => 
    [REQUEST_SCHEME] => https
    [DOCUMENT_ROOT] => /home/heartf/heartf.com/public_html/school
    [REMOTE_ADDR] => 49.96.236.91
    [SERVER_PORT] => 443
    [SERVER_ADDR] => 103.141.97.55
    [SERVER_NAME] => school.heartf.com
    [SERVER_SOFTWARE] => Apache
    [SERVER_SIGNATURE] => 
    [HTTP_COOKIE] => QHMSSID1=62781dbc3da351881092136baaa32f2d; _ga=GA1.2.436393874.1748925959; _gid=GA1.2.70728458.1748925959; _ga_HE2HZGS8HL=GS2.2.s1748925959$o1$g1$t1748925959$j60$l0$h0
    [HTTP_PRIORITY] => u=0, i
    [HTTP_ACCEPT_LANGUAGE] => ja,en;q=0.9,en-GB;q=0.8,en-US;q=0.7
    [HTTP_REFERER] => https://secure.telecomcredit.co.jp/
    [HTTP_SEC_CH_UA_PLATFORM] => "Windows"
    [HTTP_SEC_CH_UA_MOBILE] => ?0
    [HTTP_SEC_CH_UA] => "Chromium";v="136", "Microsoft Edge";v="136", "Not.A/Brand";v="99"
    [HTTP_SEC_FETCH_DEST] => document
    [HTTP_SEC_FETCH_MODE] => navigate
    [HTTP_SEC_FETCH_SITE] => cross-site
    [HTTP_ACCEPT] => text/html,application/xhtml+xml,application/xml;q=0.9,image/avif,image/webp,image/apng,*/*;q=0.8,application/signed-exchange;v=b3;q=0.7
    [HTTP_USER_AGENT] => Mozilla/5.0 (Windows NT 10.0; Win64; x64) AppleWebKit/537.36 (KHTML, like Gecko) Chrome/136.0.0.0 Safari/537.36 Edg/136.0.0.0
    [HTTP_UPGRADE_INSECURE_REQUESTS] => 1
    [HTTP_CACHE_CONTROL] => max-age=0
    [HTTP_CONNECTION] => close
    [HTTP_X_FILE_TYPE] => normal
    [HTTP_X_UA_DEVICE] => pc
    [HTTP_X_FAILURE_CACHE_TIME] => 0
    [HTTP_X_ACCEL_EXPIRES] => 60
    [HTTP_X_WP_ACCESS] => 0
    [HTTP_X_SERVER_ADDRESS] => 103.141.97.55
    [HTTP_X_REAL_IP] => 49.96.236.91
    [HTTP_X_FORWARDED_SSL] => on
    [HTTP_X_FORWARDED_PORT] => 443
    [HTTP_X_FORWARDED_HOST] => school.heartf.com
    [HTTP_X_FORWARDED_PROTO] => https
    [HTTP_X_FORWARDED_FOR] => 49.96.236.91
    [HTTP_HOST] => school.heartf.com
    [Ngx_Cache_StaticMode] => 1
    [Ngx_Cache_NormalFile] => 1
    [FailureCacheTime] => 0
    [HTTPS] => on
    [UNIQUE_ID] => aD6GpXka_4e0vjs6mdSmOAAAAEY
    [MEF_PROXY_ADDR] => 103.141.97.55
    [FCGI_ROLE] => RESPONDER
    [PHP_SELF] => /kanaeru/rep.php
    [REQUEST_TIME_FLOAT] => 1748928165.555
    [REQUEST_TIME] => 1748928165
)

Generated hash data: 25:item_jp_new_100:txn_683e867862af91.89942435_5666_1748928120:1748928165:lionking
Hash: 9c47d6119e926be65e298a743bd0092b974ff6b86498fe37ef211dda110a15bbAPI Response: API Success: Redirecting to thanks pageUser Environment Info:
IP Address: 49.96.236.91
Host Name / Provider: sp49-96-236-91.msc.spmode.ne.jp
User Agent: Mozilla/5.0 (Windows NT 10.0; Win64; x64) AppleWebKit/537.36 (KHTML, like Gecko) Chrome/137.0.0.0 Safari/537.36 Edg/137.0.0.0
Server Info: Array
(
    [PATH] => /usr/local/sbin:/usr/local/bin:/usr/sbin:/usr/bin
    [PWD] => /home/userfastcgi/heartf/heartf.com
    [SHLVL] => 0
    [SCRIPT_NAME] => /kanaeru/rep.php
    [REQUEST_URI] => /kanaeru/rep.php?user_id=25&price=5500&item_name=item_jp_new_100&transaction_id=txn_6847fe5a40b0e5.00271537_1897_1749548634&callback=my
    [QUERY_STRING] => user_id=25&price=5500&item_name=item_jp_new_100&transaction_id=txn_6847fe5a40b0e5.00271537_1897_1749548634&callback=my
    [REQUEST_METHOD] => GET
    [SERVER_PROTOCOL] => HTTP/1.1
    [GATEWAY_INTERFACE] => CGI/1.1
    [REMOTE_PORT] => 39032
    [SCRIPT_FILENAME] => /home/heartf/heartf.com/public_html/school/kanaeru/rep.php
    [SERVER_ADMIN] => webmaster@heartf.com
    [CONTEXT_DOCUMENT_ROOT] => /home/heartf/heartf.com/public_html/school
    [CONTEXT_PREFIX] => 
    [REQUEST_SCHEME] => https
    [DOCUMENT_ROOT] => /home/heartf/heartf.com/public_html/school
    [REMOTE_ADDR] => 49.96.236.91
    [SERVER_PORT] => 443
    [SERVER_ADDR] => 103.141.97.55
    [SERVER_NAME] => school.heartf.com
    [SERVER_SOFTWARE] => Apache
    [SERVER_SIGNATURE] => 
    [HTTP_COOKIE] => _clck=87vgjk%7C2%7Cfnr%7C0%7C1667; _ga_W99M1L8DL1=GS1.1.1721883559.1.0.1721883569.0.0.0; _ga=GA1.1.1323390995.1703293715; _ga_LX121NPD7K=GS1.1.1736327754.3.1.1736327806.8.0.709536588; _ga_DN9TZ3Q2LG=GS1.1.1736327753.3.1.1736327806.0.0.0
    [HTTP_PRIORITY] => u=0, i
    [HTTP_ACCEPT_LANGUAGE] => ja,en;q=0.9,en-GB;q=0.8,en-US;q=0.7
    [HTTP_REFERER] => https://secure.telecomcredit.co.jp/
    [HTTP_SEC_CH_UA_PLATFORM] => "Windows"
    [HTTP_SEC_CH_UA_MOBILE] => ?0
    [HTTP_SEC_CH_UA] => "Microsoft Edge";v="137", "Chromium";v="137", "Not/A)Brand";v="24"
    [HTTP_SEC_FETCH_DEST] => document
    [HTTP_SEC_FETCH_MODE] => navigate
    [HTTP_SEC_FETCH_SITE] => cross-site
    [HTTP_ACCEPT] => text/html,application/xhtml+xml,application/xml;q=0.9,image/avif,image/webp,image/apng,*/*;q=0.8,application/signed-exchange;v=b3;q=0.7
    [HTTP_USER_AGENT] => Mozilla/5.0 (Windows NT 10.0; Win64; x64) AppleWebKit/537.36 (KHTML, like Gecko) Chrome/137.0.0.0 Safari/537.36 Edg/137.0.0.0
    [HTTP_UPGRADE_INSECURE_REQUESTS] => 1
    [HTTP_CACHE_CONTROL] => max-age=0
    [HTTP_CONNECTION] => close
    [HTTP_X_FILE_TYPE] => normal
    [HTTP_X_UA_DEVICE] => pc
    [HTTP_X_FAILURE_CACHE_TIME] => 0
    [HTTP_X_ACCEL_EXPIRES] => 60
    [HTTP_X_WP_ACCESS] => 0
    [HTTP_X_SERVER_ADDRESS] => 103.141.97.55
    [HTTP_X_REAL_IP] => 49.96.236.91
    [HTTP_X_FORWARDED_SSL] => on
    [HTTP_X_FORWARDED_PORT] => 443
    [HTTP_X_FORWARDED_HOST] => school.heartf.com
    [HTTP_X_FORWARDED_PROTO] => https
    [HTTP_X_FORWARDED_FOR] => 49.96.236.91
    [HTTP_HOST] => school.heartf.com
    [Ngx_Cache_StaticMode] => 1
    [Ngx_Cache_NormalFile] => 1
    [FailureCacheTime] => 0
    [HTTPS] => on
    [UNIQUE_ID] => aEf-oyQTd2dRZCD2jIA3GwAAAcE
    [MEF_PROXY_ADDR] => 103.141.97.55
    [FCGI_ROLE] => RESPONDER
    [PHP_SELF] => /kanaeru/rep.php
    [REQUEST_TIME_FLOAT] => 1749548707.6912
    [REQUEST_TIME] => 1749548707
)

Generated hash data: 25:item_jp_new_100:txn_6847fe5a40b0e5.00271537_1897_1749548634:1749548707:lionking
Hash: e978b11a332faf84f5c702acd92a0dc45d38d63d0304c0b6ae02471fc784ae7eAPI Response: API Success: Redirecting to thanks pageUser Environment Info:
IP Address: 49.96.236.91
Host Name / Provider: sp49-96-236-91.msc.spmode.ne.jp
User Agent: Mozilla/5.0 (Windows NT 10.0; Win64; x64) AppleWebKit/537.36 (KHTML, like Gecko) Chrome/137.0.0.0 Safari/537.36 Edg/137.0.0.0
Server Info: Array
(
    [PATH] => /usr/local/sbin:/usr/local/bin:/usr/sbin:/usr/bin
    [PWD] => /home/userfastcgi/heartf/heartf.com
    [SHLVL] => 0
    [SCRIPT_NAME] => /kanaeru/rep.php
    [REQUEST_URI] => /kanaeru/rep.php?user_id=25&price=5500&item_name=item_jp_new_100&transaction_id=txn_684d42ab4ebba5.74905414_2095_1749893803&callback=my
    [QUERY_STRING] => user_id=25&price=5500&item_name=item_jp_new_100&transaction_id=txn_684d42ab4ebba5.74905414_2095_1749893803&callback=my
    [REQUEST_METHOD] => GET
    [SERVER_PROTOCOL] => HTTP/1.1
    [GATEWAY_INTERFACE] => CGI/1.1
    [REMOTE_PORT] => 41204
    [SCRIPT_FILENAME] => /home/heartf/heartf.com/public_html/school/kanaeru/rep.php
    [SERVER_ADMIN] => webmaster@heartf.com
    [CONTEXT_DOCUMENT_ROOT] => /home/heartf/heartf.com/public_html/school
    [CONTEXT_PREFIX] => 
    [REQUEST_SCHEME] => https
    [DOCUMENT_ROOT] => /home/heartf/heartf.com/public_html/school
    [REMOTE_ADDR] => 49.96.236.91
    [SERVER_PORT] => 443
    [SERVER_ADDR] => 103.141.97.55
    [SERVER_NAME] => school.heartf.com
    [SERVER_SOFTWARE] => Apache
    [SERVER_SIGNATURE] => 
    [HTTP_COOKIE] => _ga=GA1.2.436393874.1748925959; _ga_HE2HZGS8HL=GS2.2.s1748925959$o1$g1$t1748925959$j60$l0$h0
    [HTTP_PRIORITY] => u=0, i
    [HTTP_ACCEPT_LANGUAGE] => ja,en;q=0.9,en-GB;q=0.8,en-US;q=0.7
    [HTTP_REFERER] => https://secure.telecomcredit.co.jp/
    [HTTP_SEC_CH_UA_PLATFORM] => "Windows"
    [HTTP_SEC_CH_UA_MOBILE] => ?0
    [HTTP_SEC_CH_UA] => "Microsoft Edge";v="137", "Chromium";v="137", "Not/A)Brand";v="24"
    [HTTP_SEC_FETCH_DEST] => document
    [HTTP_SEC_FETCH_MODE] => navigate
    [HTTP_SEC_FETCH_SITE] => cross-site
    [HTTP_ACCEPT] => text/html,application/xhtml+xml,application/xml;q=0.9,image/avif,image/webp,image/apng,*/*;q=0.8,application/signed-exchange;v=b3;q=0.7
    [HTTP_USER_AGENT] => Mozilla/5.0 (Windows NT 10.0; Win64; x64) AppleWebKit/537.36 (KHTML, like Gecko) Chrome/137.0.0.0 Safari/537.36 Edg/137.0.0.0
    [HTTP_UPGRADE_INSECURE_REQUESTS] => 1
    [HTTP_CACHE_CONTROL] => max-age=0
    [HTTP_CONNECTION] => close
    [HTTP_X_FILE_TYPE] => normal
    [HTTP_X_UA_DEVICE] => pc
    [HTTP_X_FAILURE_CACHE_TIME] => 0
    [HTTP_X_ACCEL_EXPIRES] => 60
    [HTTP_X_WP_ACCESS] => 0
    [HTTP_X_SERVER_ADDRESS] => 103.141.97.55
    [HTTP_X_REAL_IP] => 49.96.236.91
    [HTTP_X_FORWARDED_SSL] => on
    [HTTP_X_FORWARDED_PORT] => 443
    [HTTP_X_FORWARDED_HOST] => school.heartf.com
    [HTTP_X_FORWARDED_PROTO] => https
    [HTTP_X_FORWARDED_FOR] => 49.96.236.91
    [HTTP_HOST] => school.heartf.com
    [Ngx_Cache_StaticMode] => 1
    [Ngx_Cache_NormalFile] => 1
    [FailureCacheTime] => 0
    [HTTPS] => on
    [UNIQUE_ID] => aE1C60GBWkSOUD8MEQMOsAAAAI4
    [MEF_PROXY_ADDR] => 103.141.97.55
    [FCGI_ROLE] => RESPONDER
    [PHP_SELF] => /kanaeru/rep.php
    [REQUEST_TIME_FLOAT] => 1749893867.7822
    [REQUEST_TIME] => 1749893867
)

Generated hash data: 25:item_jp_new_100:txn_684d42ab4ebba5.74905414_2095_1749893803:1749893867:lionking
Hash: 3010e6b42fb3c35a026f87653422bdf41fa5afa34e06eeab884da05796ccc94bAPI Response: API Success: Redirecting to thanks pageUser Environment Info:
IP Address: 49.96.236.91
Host Name / Provider: sp49-96-236-91.msc.spmode.ne.jp
User Agent: Mozilla/5.0 (Windows NT 10.0; Win64; x64) AppleWebKit/537.36 (KHTML, like Gecko) Chrome/137.0.0.0 Safari/537.36 Edg/137.0.0.0
Server Info: Array
(
    [PATH] => /usr/local/sbin:/usr/local/bin:/usr/sbin:/usr/bin
    [PWD] => /home/userfastcgi/heartf/heartf.com
    [SHLVL] => 0
    [SCRIPT_NAME] => /kanaeru/rep.php
    [REQUEST_URI] => /kanaeru/rep.php?user_id=25&price=5500&item_name=item_jp_new_100&transaction_id=txn_685680156f2e06.48504070_4934_1750499349&callback=my
    [QUERY_STRING] => user_id=25&price=5500&item_name=item_jp_new_100&transaction_id=txn_685680156f2e06.48504070_4934_1750499349&callback=my
    [REQUEST_METHOD] => GET
    [SERVER_PROTOCOL] => HTTP/1.1
    [GATEWAY_INTERFACE] => CGI/1.1
    [REMOTE_PORT] => 44956
    [SCRIPT_FILENAME] => /home/heartf/heartf.com/public_html/school/kanaeru/rep.php
    [SERVER_ADMIN] => webmaster@heartf.com
    [CONTEXT_DOCUMENT_ROOT] => /home/heartf/heartf.com/public_html/school
    [CONTEXT_PREFIX] => 
    [REQUEST_SCHEME] => https
    [DOCUMENT_ROOT] => /home/heartf/heartf.com/public_html/school
    [REMOTE_ADDR] => 49.96.236.91
    [SERVER_PORT] => 443
    [SERVER_ADDR] => 103.141.97.55
    [SERVER_NAME] => school.heartf.com
    [SERVER_SOFTWARE] => Apache
    [SERVER_SIGNATURE] => 
    [HTTP_COOKIE] => _ga=GA1.2.436393874.1748925959; _ga_HE2HZGS8HL=GS2.2.s1748925959$o1$g1$t1748925959$j60$l0$h0
    [HTTP_PRIORITY] => u=0, i
    [HTTP_ACCEPT_LANGUAGE] => ja,en;q=0.9,en-GB;q=0.8,en-US;q=0.7
    [HTTP_REFERER] => https://secure.telecomcredit.co.jp/
    [HTTP_SEC_CH_UA_PLATFORM] => "Windows"
    [HTTP_SEC_CH_UA_MOBILE] => ?0
    [HTTP_SEC_CH_UA] => "Microsoft Edge";v="137", "Chromium";v="137", "Not/A)Brand";v="24"
    [HTTP_SEC_FETCH_DEST] => document
    [HTTP_SEC_FETCH_MODE] => navigate
    [HTTP_SEC_FETCH_SITE] => cross-site
    [HTTP_ACCEPT] => text/html,application/xhtml+xml,application/xml;q=0.9,image/avif,image/webp,image/apng,*/*;q=0.8,application/signed-exchange;v=b3;q=0.7
    [HTTP_USER_AGENT] => Mozilla/5.0 (Windows NT 10.0; Win64; x64) AppleWebKit/537.36 (KHTML, like Gecko) Chrome/137.0.0.0 Safari/537.36 Edg/137.0.0.0
    [HTTP_UPGRADE_INSECURE_REQUESTS] => 1
    [HTTP_CACHE_CONTROL] => max-age=0
    [HTTP_CONNECTION] => close
    [HTTP_X_FILE_TYPE] => normal
    [HTTP_X_UA_DEVICE] => pc
    [HTTP_X_FAILURE_CACHE_TIME] => 0
    [HTTP_X_ACCEL_EXPIRES] => 60
    [HTTP_X_WP_ACCESS] => 0
    [HTTP_X_SERVER_ADDRESS] => 103.141.97.55
    [HTTP_X_REAL_IP] => 49.96.236.91
    [HTTP_X_FORWARDED_SSL] => on
    [HTTP_X_FORWARDED_PORT] => 443
    [HTTP_X_FORWARDED_HOST] => school.heartf.com
    [HTTP_X_FORWARDED_PROTO] => https
    [HTTP_X_FORWARDED_FOR] => 49.96.236.91
    [HTTP_HOST] => school.heartf.com
    [Ngx_Cache_StaticMode] => 1
    [Ngx_Cache_NormalFile] => 1
    [FailureCacheTime] => 0
    [HTTPS] => on
    [UNIQUE_ID] => aFaATVCLrYNvej48rQyjRAAAABU
    [MEF_PROXY_ADDR] => 103.141.97.55
    [FCGI_ROLE] => RESPONDER
    [PHP_SELF] => /kanaeru/rep.php
    [REQUEST_TIME_FLOAT] => 1750499405.3448
    [REQUEST_TIME] => 1750499405
)

Generated hash data: 25:item_jp_new_100:txn_685680156f2e06.48504070_4934_1750499349:1750499405:lionking
Hash: 240f79f8c24e7d815a2fb839d970d35b4e9d4bd4bd272973559f1cd324221008API Response: API Success: Redirecting to thanks pageUser Environment Info:
IP Address: 111.189.137.145
Host Name / Provider: softbank111189137145.bbtec.net
User Agent: Mozilla/5.0 (Linux; Android 10; K) AppleWebKit/537.36 (KHTML, like Gecko) Chrome/137.0.0.0 Mobile Safari/537.36
Server Info: Array
(
    [PATH] => /usr/local/sbin:/usr/local/bin:/usr/sbin:/usr/bin
    [PWD] => /home/userfastcgi/heartf/heartf.com
    [SHLVL] => 0
    [SCRIPT_NAME] => /kanaeru/rep.php
    [REQUEST_URI] => /kanaeru/rep.php?user_id=109&price=1650&item_name=item_jp_new_30&transaction_id=txn_685b7d21c2a6b7.27017166_2237_1750826273&callback=my
    [QUERY_STRING] => user_id=109&price=1650&item_name=item_jp_new_30&transaction_id=txn_685b7d21c2a6b7.27017166_2237_1750826273&callback=my
    [REQUEST_METHOD] => GET
    [SERVER_PROTOCOL] => HTTP/1.1
    [GATEWAY_INTERFACE] => CGI/1.1
    [REMOTE_PORT] => 44202
    [SCRIPT_FILENAME] => /home/heartf/heartf.com/public_html/school/kanaeru/rep.php
    [SERVER_ADMIN] => webmaster@heartf.com
    [CONTEXT_DOCUMENT_ROOT] => /home/heartf/heartf.com/public_html/school
    [CONTEXT_PREFIX] => 
    [REQUEST_SCHEME] => https
    [DOCUMENT_ROOT] => /home/heartf/heartf.com/public_html/school
    [REMOTE_ADDR] => 111.189.137.145
    [SERVER_PORT] => 443
    [SERVER_ADDR] => 103.141.97.55
    [SERVER_NAME] => school.heartf.com
    [SERVER_SOFTWARE] => Apache
    [SERVER_SIGNATURE] => 
    [HTTP_COOKIE] => _ga_W99M1L8DL1=GS1.1.1728638341.1.1.1728638392.0.0.0; _ga_ZV0WQXHT00=GS1.1.1739035433.1.0.1739035440.0.0.0; _ga_4PK6XBV3BP=GS1.1.1739035479.1.0.1739035484.0.0.0; _ga_ZKNBTVGEJE=GS1.1.1739667497.2.1.1739667523.0.0.0; _ga_ZQKCLRKB5Q=GS1.1.1740230918.4.1.1740231032.0.0.0; _ga_M2QG0JN89S=GS1.1.1740286885.4.1.1740286992.0.0.0; _ga_YEYDQZ3W8X=GS1.1.1740289666.4.1.1740289720.0.0.0; _ga_PWQM3ESTQV=GS1.1.1743520077.9.1.1743520101.0.0.0; _ga_KD8MNG8J43=GS1.1.1743520122.6.1.1743521619.0.0.0; _ga_4GVF9RW05T=GS1.1.1744687263.1.1.1744687299.0.0.0; _ga_TF7VQ3P4WK=GS1.1.1745935814.4.0.1745935816.0.0.0; _ga_7DRL21B865=GS2.1.s1746538776$o44$g0$t1746538784$j0$l0$h0; _ga_65VNZXJB15=GS2.1.s1747560039$o18$g0$t1747560039$j0$l0$h0; _gcl_gs=2.1.k1$i1747965216$u173987873; _gcl_au=1.1.1089817837.1747965221; _clck=3480ct%7C2%7Cfw5%7C0%7C1745; _gcl_aw=GCL.1747965222.Cj0KCQjwlrvBBhDnARIsAHEQgORY01-PUUDKm1Uar0hGOFm9jGsxTx-tOqY_1vV_dZgK3BmpWeNUFHUaAkZeEALw_wcB; _ga_KKDS2Y063Q=GS2.1.s1747965221$o4$g0$t1747965221$j60$l0$h147963702$dvycGpS9NaYLbSQ0ahym5IJDhb5HBPMr1NA; _gid=GA1.2.1080538602.1748671855; _ga_HE2HZGS8HL=GS2.2.s1749518669$o197$g1$t1749518669$j60$l0$h0; _ga_24KCBZETC9=GS2.1.s1750117486$o17$g1$t1750117520$j26$l0$h0; _ga_0MQS3FYDHL=GS2.2.s1750486356$o38$g1$t1750486361$j55$l0$h0; _ga_V61N4QB68M=GS2.1.s1750486356$o15$g1$t1750486376$j40$l0$h0; _ga=GA1.1.1163680588.1721908013; _ga_LX121NPD7K=GS2.1.s1750821184$o416$g1$t1750821260$j44$l0$h141438196; _ga_DN9TZ3Q2LG=GS2.1.s1750821184$o416$g1$t1750821260$j44$l0$h0
    [HTTP_PRIORITY] => u=0, i
    [HTTP_ACCEPT_LANGUAGE] => ja-JP,ja;q=0.9,en-US;q=0.8,en;q=0.7
    [HTTP_REFERER] => https://secure.telecomcredit.co.jp/
    [HTTP_SEC_CH_UA_PLATFORM] => "Android"
    [HTTP_SEC_CH_UA_MOBILE] => ?1
    [HTTP_SEC_CH_UA] => "Google Chrome";v="137", "Chromium";v="137", "Not/A)Brand";v="24"
    [HTTP_SEC_FETCH_DEST] => document
    [HTTP_SEC_FETCH_MODE] => navigate
    [HTTP_SEC_FETCH_SITE] => cross-site
    [HTTP_ACCEPT] => text/html,application/xhtml+xml,application/xml;q=0.9,image/avif,image/webp,image/apng,*/*;q=0.8,application/signed-exchange;v=b3;q=0.7
    [HTTP_USER_AGENT] => Mozilla/5.0 (Linux; Android 10; K) AppleWebKit/537.36 (KHTML, like Gecko) Chrome/137.0.0.0 Mobile Safari/537.36
    [HTTP_UPGRADE_INSECURE_REQUESTS] => 1
    [HTTP_CACHE_CONTROL] => max-age=0
    [HTTP_CONNECTION] => close
    [HTTP_X_FILE_TYPE] => normal
    [HTTP_X_UA_DEVICE] => smartphone
    [HTTP_X_FAILURE_CACHE_TIME] => 0
    [HTTP_X_ACCEL_EXPIRES] => 60
    [HTTP_X_WP_ACCESS] => 0
    [HTTP_X_SERVER_ADDRESS] => 103.141.97.55
    [HTTP_X_REAL_IP] => 111.189.137.145
    [HTTP_X_FORWARDED_SSL] => on
    [HTTP_X_FORWARDED_PORT] => 443
    [HTTP_X_FORWARDED_HOST] => school.heartf.com
    [HTTP_X_FORWARDED_PROTO] => https
    [HTTP_X_FORWARDED_FOR] => 111.189.137.145
    [HTTP_HOST] => school.heartf.com
    [Ngx_Cache_StaticMode] => 1
    [Ngx_Cache_NormalFile] => 1
    [FailureCacheTime] => 0
    [HTTPS] => on
    [UNIQUE_ID] => aFt9XvTMBxbetiWR9bGJAgAAAJE
    [MEF_PROXY_ADDR] => 103.141.97.55
    [FCGI_ROLE] => RESPONDER
    [PHP_SELF] => /kanaeru/rep.php
    [REQUEST_TIME_FLOAT] => 1750826334.5515
    [REQUEST_TIME] => 1750826334
)

Generated hash data: 109:item_jp_new_30:txn_685b7d21c2a6b7.27017166_2237_1750826273:1750826334:lionking
Hash: 0c2ff77a56a286cad6c268a3aa45083747daafcb39c5df754385628cede0bc3eAPI Response: API Success: Redirecting to thanks pageUser Environment Info:
IP Address: 49.96.236.91
Host Name / Provider: sp49-96-236-91.msc.spmode.ne.jp
User Agent: Mozilla/5.0 (Windows NT 10.0; Win64; x64) AppleWebKit/537.36 (KHTML, like Gecko) Chrome/137.0.0.0 Safari/537.36 Edg/137.0.0.0
Server Info: Array
(
    [PATH] => /usr/local/sbin:/usr/local/bin:/usr/sbin:/usr/bin
    [PWD] => /home/userfastcgi/heartf/heartf.com
    [SHLVL] => 0
    [SCRIPT_NAME] => /kanaeru/rep.php
    [REQUEST_URI] => /kanaeru/rep.php?user_id=25&price=5500&item_name=item_jp_new_100&transaction_id=txn_685d1706e774a2.35316814_2299_1750931206&callback=my
    [QUERY_STRING] => user_id=25&price=5500&item_name=item_jp_new_100&transaction_id=txn_685d1706e774a2.35316814_2299_1750931206&callback=my
    [REQUEST_METHOD] => GET
    [SERVER_PROTOCOL] => HTTP/1.1
    [GATEWAY_INTERFACE] => CGI/1.1
    [REMOTE_PORT] => 51352
    [SCRIPT_FILENAME] => /home/heartf/heartf.com/public_html/school/kanaeru/rep.php
    [SERVER_ADMIN] => webmaster@heartf.com
    [CONTEXT_DOCUMENT_ROOT] => /home/heartf/heartf.com/public_html/school
    [CONTEXT_PREFIX] => 
    [REQUEST_SCHEME] => https
    [DOCUMENT_ROOT] => /home/heartf/heartf.com/public_html/school
    [REMOTE_ADDR] => 49.96.236.91
    [SERVER_PORT] => 443
    [SERVER_ADDR] => 103.141.97.55
    [SERVER_NAME] => school.heartf.com
    [SERVER_SOFTWARE] => Apache
    [SERVER_SIGNATURE] => 
    [HTTP_COOKIE] => _ga=GA1.2.436393874.1748925959; _ga_HE2HZGS8HL=GS2.2.s1748925959$o1$g1$t1748925959$j60$l0$h0
    [HTTP_PRIORITY] => u=0, i
    [HTTP_ACCEPT_LANGUAGE] => ja,en;q=0.9,en-GB;q=0.8,en-US;q=0.7
    [HTTP_REFERER] => https://secure.telecomcredit.co.jp/
    [HTTP_SEC_CH_UA_PLATFORM] => "Windows"
    [HTTP_SEC_CH_UA_MOBILE] => ?0
    [HTTP_SEC_CH_UA] => "Microsoft Edge";v="137", "Chromium";v="137", "Not/A)Brand";v="24"
    [HTTP_SEC_FETCH_DEST] => document
    [HTTP_SEC_FETCH_MODE] => navigate
    [HTTP_SEC_FETCH_SITE] => cross-site
    [HTTP_ACCEPT] => text/html,application/xhtml+xml,application/xml;q=0.9,image/avif,image/webp,image/apng,*/*;q=0.8,application/signed-exchange;v=b3;q=0.7
    [HTTP_USER_AGENT] => Mozilla/5.0 (Windows NT 10.0; Win64; x64) AppleWebKit/537.36 (KHTML, like Gecko) Chrome/137.0.0.0 Safari/537.36 Edg/137.0.0.0
    [HTTP_UPGRADE_INSECURE_REQUESTS] => 1
    [HTTP_CACHE_CONTROL] => max-age=0
    [HTTP_CONNECTION] => close
    [HTTP_X_FILE_TYPE] => normal
    [HTTP_X_UA_DEVICE] => pc
    [HTTP_X_FAILURE_CACHE_TIME] => 0
    [HTTP_X_ACCEL_EXPIRES] => 60
    [HTTP_X_WP_ACCESS] => 0
    [HTTP_X_SERVER_ADDRESS] => 103.141.97.55
    [HTTP_X_REAL_IP] => 49.96.236.91
    [HTTP_X_FORWARDED_SSL] => on
    [HTTP_X_FORWARDED_PORT] => 443
    [HTTP_X_FORWARDED_HOST] => school.heartf.com
    [HTTP_X_FORWARDED_PROTO] => https
    [HTTP_X_FORWARDED_FOR] => 49.96.236.91
    [HTTP_HOST] => school.heartf.com
    [Ngx_Cache_StaticMode] => 1
    [Ngx_Cache_NormalFile] => 1
    [FailureCacheTime] => 0
    [HTTPS] => on
    [UNIQUE_ID] => aF0XU9CIkShvHzvNPkN32gAAAMI
    [MEF_PROXY_ADDR] => 103.141.97.55
    [FCGI_ROLE] => RESPONDER
    [PHP_SELF] => /kanaeru/rep.php
    [REQUEST_TIME_FLOAT] => 1750931283.8422
    [REQUEST_TIME] => 1750931283
)

Generated hash data: 25:item_jp_new_100:txn_685d1706e774a2.35316814_2299_1750931206:1750931283:lionking
Hash: a106dcff8564a544d3d9a580024f208d0ea49a01df76ec806bda66a77013ab3dAPI Response: API Success: Redirecting to thanks pageUser Environment Info:
IP Address: 60.67.60.56
Host Name / Provider: softbank060067060056.bbtec.net
User Agent: Mozilla/5.0 (iPhone; CPU iPhone OS 18_5 like Mac OS X) AppleWebKit/605.1.15 (KHTML, like Gecko) Mobile/15E148 Safari Line/15.9.1
Server Info: Array
(
    [PATH] => /usr/local/sbin:/usr/local/bin:/usr/sbin:/usr/bin
    [PWD] => /home/userfastcgi/heartf/heartf.com
    [SHLVL] => 0
    [SCRIPT_NAME] => /kanaeru/rep.php
    [REQUEST_URI] => /kanaeru/rep.php?user_id=56&price=660&item_name=item_jp_new_12&transaction_id=txn_68638323854c25.18718994_9136_1751352099&callback=my
    [QUERY_STRING] => user_id=56&price=660&item_name=item_jp_new_12&transaction_id=txn_68638323854c25.18718994_9136_1751352099&callback=my
    [REQUEST_METHOD] => GET
    [SERVER_PROTOCOL] => HTTP/1.1
    [GATEWAY_INTERFACE] => CGI/1.1
    [REMOTE_PORT] => 55050
    [SCRIPT_FILENAME] => /home/heartf/heartf.com/public_html/school/kanaeru/rep.php
    [SERVER_ADMIN] => webmaster@heartf.com
    [CONTEXT_DOCUMENT_ROOT] => /home/heartf/heartf.com/public_html/school
    [CONTEXT_PREFIX] => 
    [REQUEST_SCHEME] => https
    [DOCUMENT_ROOT] => /home/heartf/heartf.com/public_html/school
    [REMOTE_ADDR] => 60.67.60.56
    [SERVER_PORT] => 443
    [SERVER_ADDR] => 103.141.97.55
    [SERVER_NAME] => school.heartf.com
    [SERVER_SOFTWARE] => Apache
    [SERVER_SIGNATURE] => 
    [HTTP_SEC_FETCH_DEST] => document
    [HTTP_ACCEPT_LANGUAGE] => ja
    [HTTP_USER_AGENT] => Mozilla/5.0 (iPhone; CPU iPhone OS 18_5 like Mac OS X) AppleWebKit/605.1.15 (KHTML, like Gecko) Mobile/15E148 Safari Line/15.9.1
    [HTTP_SEC_FETCH_MODE] => navigate
    [HTTP_REFERER] => https://secure.telecomcredit.co.jp/
    [HTTP_SEC_FETCH_SITE] => cross-site
    [HTTP_ACCEPT] => text/html,application/xhtml+xml,application/xml;q=0.9,*/*;q=0.8
    [HTTP_CONNECTION] => close
    [HTTP_X_FILE_TYPE] => normal
    [HTTP_X_UA_DEVICE] => smartphone
    [HTTP_X_FAILURE_CACHE_TIME] => 0
    [HTTP_X_ACCEL_EXPIRES] => 60
    [HTTP_X_WP_ACCESS] => 0
    [HTTP_X_SERVER_ADDRESS] => 103.141.97.55
    [HTTP_X_REAL_IP] => 60.67.60.56
    [HTTP_X_FORWARDED_SSL] => on
    [HTTP_X_FORWARDED_PORT] => 443
    [HTTP_X_FORWARDED_HOST] => school.heartf.com
    [HTTP_X_FORWARDED_PROTO] => https
    [HTTP_X_FORWARDED_FOR] => 60.67.60.56
    [HTTP_HOST] => school.heartf.com
    [Ngx_Cache_StaticMode] => 1
    [Ngx_Cache_NormalFile] => 1
    [FailureCacheTime] => 0
    [HTTPS] => on
    [UNIQUE_ID] => aGOD8CJjxiBvKdax1wdQBwAAAJA
    [MEF_PROXY_ADDR] => 103.141.97.55
    [FCGI_ROLE] => RESPONDER
    [PHP_SELF] => /kanaeru/rep.php
    [REQUEST_TIME_FLOAT] => 1751352304.5318
    [REQUEST_TIME] => 1751352304
)

Generated hash data: 56:item_jp_new_12:txn_68638323854c25.18718994_9136_1751352099:1751352304:lionking
Hash: 32d316f6beb1c52dfbbe3e45ec3c2e3dd1757d7833b7cd7c74e8a477ef969a3cAPI Response: API Success: Redirecting to thanks pageUser Environment Info:
IP Address: 49.109.230.159
Host Name / Provider: sp49-109-230-159.tck01.spmode.ne.jp
User Agent: Mozilla/5.0 (Windows NT 10.0; Win64; x64) AppleWebKit/537.36 (KHTML, like Gecko) Chrome/138.0.0.0 Safari/537.36 Edg/138.0.0.0
Server Info: Array
(
    [PATH] => /usr/local/sbin:/usr/local/bin:/usr/sbin:/usr/bin
    [PWD] => /home/userfastcgi/heartf/heartf.com
    [SHLVL] => 0
    [SCRIPT_NAME] => /kanaeru/rep.php
    [REQUEST_URI] => /kanaeru/rep.php?user_id=25&price=5500&item_name=item_jp_new_100&transaction_id=txn_68653b8c62d585.71776540_3039_1751464844&callback=my
    [QUERY_STRING] => user_id=25&price=5500&item_name=item_jp_new_100&transaction_id=txn_68653b8c62d585.71776540_3039_1751464844&callback=my
    [REQUEST_METHOD] => GET
    [SERVER_PROTOCOL] => HTTP/1.1
    [GATEWAY_INTERFACE] => CGI/1.1
    [REMOTE_PORT] => 44376
    [SCRIPT_FILENAME] => /home/heartf/heartf.com/public_html/school/kanaeru/rep.php
    [SERVER_ADMIN] => webmaster@heartf.com
    [CONTEXT_DOCUMENT_ROOT] => /home/heartf/heartf.com/public_html/school
    [CONTEXT_PREFIX] => 
    [REQUEST_SCHEME] => https
    [DOCUMENT_ROOT] => /home/heartf/heartf.com/public_html/school
    [REMOTE_ADDR] => 49.109.230.159
    [SERVER_PORT] => 443
    [SERVER_ADDR] => 103.141.97.55
    [SERVER_NAME] => school.heartf.com
    [SERVER_SOFTWARE] => Apache
    [SERVER_SIGNATURE] => 
    [HTTP_COOKIE] => _ga=GA1.2.436393874.1748925959; _ga_HE2HZGS8HL=GS2.2.s1748925959$o1$g1$t1748925959$j60$l0$h0
    [HTTP_PRIORITY] => u=0, i
    [HTTP_ACCEPT_LANGUAGE] => ja,en;q=0.9,en-GB;q=0.8,en-US;q=0.7
    [HTTP_REFERER] => https://secure.telecomcredit.co.jp/
    [HTTP_SEC_CH_UA_PLATFORM] => "Windows"
    [HTTP_SEC_CH_UA_MOBILE] => ?0
    [HTTP_SEC_CH_UA] => "Not)A;Brand";v="8", "Chromium";v="138", "Microsoft Edge";v="138"
    [HTTP_SEC_FETCH_DEST] => document
    [HTTP_SEC_FETCH_MODE] => navigate
    [HTTP_SEC_FETCH_SITE] => cross-site
    [HTTP_ACCEPT] => text/html,application/xhtml+xml,application/xml;q=0.9,image/avif,image/webp,image/apng,*/*;q=0.8,application/signed-exchange;v=b3;q=0.7
    [HTTP_USER_AGENT] => Mozilla/5.0 (Windows NT 10.0; Win64; x64) AppleWebKit/537.36 (KHTML, like Gecko) Chrome/138.0.0.0 Safari/537.36 Edg/138.0.0.0
    [HTTP_UPGRADE_INSECURE_REQUESTS] => 1
    [HTTP_CACHE_CONTROL] => max-age=0
    [HTTP_CONNECTION] => close
    [HTTP_X_FILE_TYPE] => normal
    [HTTP_X_UA_DEVICE] => pc
    [HTTP_X_FAILURE_CACHE_TIME] => 0
    [HTTP_X_ACCEL_EXPIRES] => 60
    [HTTP_X_WP_ACCESS] => 0
    [HTTP_X_SERVER_ADDRESS] => 103.141.97.55
    [HTTP_X_REAL_IP] => 49.109.230.159
    [HTTP_X_FORWARDED_SSL] => on
    [HTTP_X_FORWARDED_PORT] => 443
    [HTTP_X_FORWARDED_HOST] => school.heartf.com
    [HTTP_X_FORWARDED_PROTO] => https
    [HTTP_X_FORWARDED_FOR] => 49.109.230.159
    [HTTP_HOST] => school.heartf.com
    [Ngx_Cache_StaticMode] => 1
    [Ngx_Cache_NormalFile] => 1
    [FailureCacheTime] => 0
    [HTTPS] => on
    [UNIQUE_ID] => aGU7tyKNy-QzH0vmf_ZEXgAAAfs
    [MEF_PROXY_ADDR] => 103.141.97.55
    [FCGI_ROLE] => RESPONDER
    [PHP_SELF] => /kanaeru/rep.php
    [REQUEST_TIME_FLOAT] => 1751464887.8306
    [REQUEST_TIME] => 1751464887
)

Generated hash data: 25:item_jp_new_100:txn_68653b8c62d585.71776540_3039_1751464844:1751464887:lionking
Hash: a83b7db1f802550010ffb23b67d0b3feef67e9721b42ab735c464953ba17970eAPI Response: API Success: Redirecting to thanks pageUser Environment Info:
IP Address: 49.109.156.20
Host Name / Provider: sp49-109-156-20.tck02.spmode.ne.jp
User Agent: Mozilla/5.0 (Windows NT 10.0; Win64; x64) AppleWebKit/537.36 (KHTML, like Gecko) Chrome/138.0.0.0 Safari/537.36 Edg/138.0.0.0
Server Info: Array
(
    [PATH] => /usr/local/sbin:/usr/local/bin:/usr/sbin:/usr/bin
    [PWD] => /home/userfastcgi/heartf/heartf.com
    [SHLVL] => 0
    [SCRIPT_NAME] => /kanaeru/rep.php
    [REQUEST_URI] => /kanaeru/rep.php?user_id=25&price=5500&item_name=item_jp_new_100&transaction_id=txn_686e45ca04ffe8.14116723_4442_1752057290&callback=my
    [QUERY_STRING] => user_id=25&price=5500&item_name=item_jp_new_100&transaction_id=txn_686e45ca04ffe8.14116723_4442_1752057290&callback=my
    [REQUEST_METHOD] => GET
    [SERVER_PROTOCOL] => HTTP/1.1
    [GATEWAY_INTERFACE] => CGI/1.1
    [REMOTE_PORT] => 48066
    [SCRIPT_FILENAME] => /home/heartf/heartf.com/public_html/school/kanaeru/rep.php
    [SERVER_ADMIN] => webmaster@heartf.com
    [CONTEXT_DOCUMENT_ROOT] => /home/heartf/heartf.com/public_html/school
    [CONTEXT_PREFIX] => 
    [REQUEST_SCHEME] => https
    [DOCUMENT_ROOT] => /home/heartf/heartf.com/public_html/school
    [REMOTE_ADDR] => 49.109.156.20
    [SERVER_PORT] => 443
    [SERVER_ADDR] => 103.141.97.55
    [SERVER_NAME] => school.heartf.com
    [SERVER_SOFTWARE] => Apache
    [SERVER_SIGNATURE] => 
    [HTTP_COOKIE] => _ga=GA1.2.436393874.1748925959; _ga_HE2HZGS8HL=GS2.2.s1748925959$o1$g1$t1748925959$j60$l0$h0
    [HTTP_PRIORITY] => u=0, i
    [HTTP_ACCEPT_LANGUAGE] => ja,en;q=0.9,en-GB;q=0.8,en-US;q=0.7
    [HTTP_REFERER] => https://secure.telecomcredit.co.jp/
    [HTTP_SEC_CH_UA_PLATFORM] => "Windows"
    [HTTP_SEC_CH_UA_MOBILE] => ?0
    [HTTP_SEC_CH_UA] => "Not)A;Brand";v="8", "Chromium";v="138", "Microsoft Edge";v="138"
    [HTTP_SEC_FETCH_DEST] => document
    [HTTP_SEC_FETCH_MODE] => navigate
    [HTTP_SEC_FETCH_SITE] => cross-site
    [HTTP_ACCEPT] => text/html,application/xhtml+xml,application/xml;q=0.9,image/avif,image/webp,image/apng,*/*;q=0.8,application/signed-exchange;v=b3;q=0.7
    [HTTP_USER_AGENT] => Mozilla/5.0 (Windows NT 10.0; Win64; x64) AppleWebKit/537.36 (KHTML, like Gecko) Chrome/138.0.0.0 Safari/537.36 Edg/138.0.0.0
    [HTTP_UPGRADE_INSECURE_REQUESTS] => 1
    [HTTP_CACHE_CONTROL] => max-age=0
    [HTTP_CONNECTION] => close
    [HTTP_X_FILE_TYPE] => normal
    [HTTP_X_UA_DEVICE] => pc
    [HTTP_X_FAILURE_CACHE_TIME] => 0
    [HTTP_X_ACCEL_EXPIRES] => 60
    [HTTP_X_WP_ACCESS] => 0
    [HTTP_X_SERVER_ADDRESS] => 103.141.97.55
    [HTTP_X_REAL_IP] => 49.109.156.20
    [HTTP_X_FORWARDED_SSL] => on
    [HTTP_X_FORWARDED_PORT] => 443
    [HTTP_X_FORWARDED_HOST] => school.heartf.com
    [HTTP_X_FORWARDED_PROTO] => https
    [HTTP_X_FORWARDED_FOR] => 49.109.156.20
    [HTTP_HOST] => school.heartf.com
    [Ngx_Cache_StaticMode] => 1
    [Ngx_Cache_NormalFile] => 1
    [FailureCacheTime] => 0
    [HTTPS] => on
    [UNIQUE_ID] => aG5GJVMQOw6A387uSMYKFwAAAEI
    [MEF_PROXY_ADDR] => 103.141.97.55
    [FCGI_ROLE] => RESPONDER
    [PHP_SELF] => /kanaeru/rep.php
    [REQUEST_TIME_FLOAT] => 1752057381.6203
    [REQUEST_TIME] => 1752057381
)

Generated hash data: 25:item_jp_new_100:txn_686e45ca04ffe8.14116723_4442_1752057290:1752057381:lionking
Hash: b7ab867524aee3c55e5ca493a7b12b1b450e078648549d7ee67e3a271558f142API Response: API Success: Redirecting to thanks pageUser Environment Info:
IP Address: 118.240.185.193
Host Name / Provider: fp76f0b9c1.knge111.ap.nuro.jp
User Agent: Mozilla/5.0 (iPhone; CPU iPhone OS 18_5 like Mac OS X) AppleWebKit/605.1.15 (KHTML, like Gecko) Version/18.5 Mobile/15E148 Safari/604.1
Server Info: Array
(
    [PATH] => /usr/local/sbin:/usr/local/bin:/usr/sbin:/usr/bin
    [PWD] => /home/userfastcgi/heartf/heartf.com
    [SHLVL] => 0
    [SCRIPT_NAME] => /kanaeru/rep.php
    [REQUEST_URI] => /kanaeru/rep.php?user_id=12&price=1650&item_name=item_jp_new_30&transaction_id=txn_68717e176f0635.84423732_5842_1752268311&callback=my
    [QUERY_STRING] => user_id=12&price=1650&item_name=item_jp_new_30&transaction_id=txn_68717e176f0635.84423732_5842_1752268311&callback=my
    [REQUEST_METHOD] => GET
    [SERVER_PROTOCOL] => HTTP/1.1
    [GATEWAY_INTERFACE] => CGI/1.1
    [REMOTE_PORT] => 45422
    [SCRIPT_FILENAME] => /home/heartf/heartf.com/public_html/school/kanaeru/rep.php
    [SERVER_ADMIN] => webmaster@heartf.com
    [CONTEXT_DOCUMENT_ROOT] => /home/heartf/heartf.com/public_html/school
    [CONTEXT_PREFIX] => 
    [REQUEST_SCHEME] => https
    [DOCUMENT_ROOT] => /home/heartf/heartf.com/public_html/school
    [REMOTE_ADDR] => 118.240.185.193
    [SERVER_PORT] => 443
    [SERVER_ADDR] => 103.141.97.55
    [SERVER_NAME] => school.heartf.com
    [SERVER_SOFTWARE] => Apache
    [SERVER_SIGNATURE] => 
    [HTTP_COOKIE] => _ga=GA1.1.1927557228.1495135823; _ga_DN9TZ3Q2LG=GS2.1.s1751252280$o1741$g1$t1751252290$j50$l0$h0; _ga_LX121NPD7K=GS2.1.s1751252280$o932$g1$t1751252290$j50$l0$h1050857604; _ga_0MQS3FYDHL=GS1.2.1743414196.255.1.1743414211.45.0.0; _ga_4PK6XBV3BP=GS1.1.1743414195.197.1.1743414210.0.0.0; _ga_4GVF9RW05T=GS1.1.1743230259.14.1.1743230277.0.0.0; _ga_ZV0WQXHT00=GS1.1.1742822238.52.0.1742822238.0.0.0; _ga_PWQM3ESTQV=GS1.1.1737903422.4.1.1737903488.0.0.0; _ga_ZQKCLRKB5Q=GS1.1.1730289052.1.0.1730289052.0.0.0; _ga_HE2HZGS8HL=GS1.2.1729350225.1.1.1729350225.0.0.0; _ga_7DRL21B865=GS1.1.1729349769.12.0.1729349769.0.0.0; _ga_24KCBZETC9=GS1.1.1729161525.1.0.1729161525.0.0.0; _ga_M2QG0JN89S=GS1.1.1722152751.3.0.1722152751.0.0.0
    [HTTP_SEC_FETCH_DEST] => document
    [HTTP_REFERER] => https://secure.telecomcredit.co.jp/
    [HTTP_ACCEPT_LANGUAGE] => ja
    [HTTP_USER_AGENT] => Mozilla/5.0 (iPhone; CPU iPhone OS 18_5 like Mac OS X) AppleWebKit/605.1.15 (KHTML, like Gecko) Version/18.5 Mobile/15E148 Safari/604.1
    [HTTP_SEC_FETCH_MODE] => navigate
    [HTTP_PRIORITY] => u=0, i
    [HTTP_SEC_FETCH_SITE] => cross-site
    [HTTP_ACCEPT] => text/html,application/xhtml+xml,application/xml;q=0.9,*/*;q=0.8
    [HTTP_CONNECTION] => close
    [HTTP_X_FILE_TYPE] => normal
    [HTTP_X_UA_DEVICE] => smartphone
    [HTTP_X_FAILURE_CACHE_TIME] => 0
    [HTTP_X_ACCEL_EXPIRES] => 60
    [HTTP_X_WP_ACCESS] => 0
    [HTTP_X_SERVER_ADDRESS] => 103.141.97.55
    [HTTP_X_REAL_IP] => 118.240.185.193
    [HTTP_X_FORWARDED_SSL] => on
    [HTTP_X_FORWARDED_PORT] => 443
    [HTTP_X_FORWARDED_HOST] => school.heartf.com
    [HTTP_X_FORWARDED_PROTO] => https
    [HTTP_X_FORWARDED_FOR] => 118.240.185.193
    [HTTP_HOST] => school.heartf.com
    [Ngx_Cache_StaticMode] => 1
    [Ngx_Cache_NormalFile] => 1
    [FailureCacheTime] => 0
    [HTTPS] => on
    [UNIQUE_ID] => aHF-iHm2y-7ZlG5d_L56tQAAAGk
    [MEF_PROXY_ADDR] => 103.141.97.55
    [FCGI_ROLE] => RESPONDER
    [PHP_SELF] => /kanaeru/rep.php
    [REQUEST_TIME_FLOAT] => 1752268424.3358
    [REQUEST_TIME] => 1752268424
)

Generated hash data: 12:item_jp_new_30:txn_68717e176f0635.84423732_5842_1752268311:1752268424:lionking
Hash: 4a167250a13c166218dc5f123d5eed68df9f9b20ac703d8027cb847e33c2931cAPI Response: API Success: Redirecting to thanks pageUser Environment Info:
IP Address: 49.109.162.46
Host Name / Provider: sp49-109-162-46.tck02.spmode.ne.jp
User Agent: Mozilla/5.0 (Windows NT 10.0; Win64; x64) AppleWebKit/537.36 (KHTML, like Gecko) Chrome/138.0.0.0 Safari/537.36 Edg/138.0.0.0
Server Info: Array
(
    [PATH] => /usr/local/sbin:/usr/local/bin:/usr/sbin:/usr/bin
    [PWD] => /home/userfastcgi/heartf/heartf.com
    [SHLVL] => 0
    [SCRIPT_NAME] => /kanaeru/rep.php
    [REQUEST_URI] => /kanaeru/rep.php?user_id=25&price=5500&item_name=item_jp_new_100&transaction_id=txn_687620ba341bd3.47855201_7228_1752572090&callback=my
    [QUERY_STRING] => user_id=25&price=5500&item_name=item_jp_new_100&transaction_id=txn_687620ba341bd3.47855201_7228_1752572090&callback=my
    [REQUEST_METHOD] => GET
    [SERVER_PROTOCOL] => HTTP/1.1
    [GATEWAY_INTERFACE] => CGI/1.1
    [REMOTE_PORT] => 35622
    [SCRIPT_FILENAME] => /home/heartf/heartf.com/public_html/school/kanaeru/rep.php
    [SERVER_ADMIN] => webmaster@heartf.com
    [CONTEXT_DOCUMENT_ROOT] => /home/heartf/heartf.com/public_html/school
    [CONTEXT_PREFIX] => 
    [REQUEST_SCHEME] => https
    [DOCUMENT_ROOT] => /home/heartf/heartf.com/public_html/school
    [REMOTE_ADDR] => 49.109.162.46
    [SERVER_PORT] => 443
    [SERVER_ADDR] => 103.141.97.55
    [SERVER_NAME] => school.heartf.com
    [SERVER_SOFTWARE] => Apache
    [SERVER_SIGNATURE] => 
    [HTTP_COOKIE] => _ga=GA1.2.436393874.1748925959; _ga_HE2HZGS8HL=GS2.2.s1748925959$o1$g1$t1748925959$j60$l0$h0
    [HTTP_PRIORITY] => u=0, i
    [HTTP_ACCEPT_LANGUAGE] => ja,en;q=0.9,en-GB;q=0.8,en-US;q=0.7
    [HTTP_REFERER] => https://secure.telecomcredit.co.jp/
    [HTTP_SEC_CH_UA_PLATFORM] => "Windows"
    [HTTP_SEC_CH_UA_MOBILE] => ?0
    [HTTP_SEC_CH_UA] => "Not)A;Brand";v="8", "Chromium";v="138", "Microsoft Edge";v="138"
    [HTTP_SEC_FETCH_DEST] => document
    [HTTP_SEC_FETCH_MODE] => navigate
    [HTTP_SEC_FETCH_SITE] => cross-site
    [HTTP_ACCEPT] => text/html,application/xhtml+xml,application/xml;q=0.9,image/avif,image/webp,image/apng,*/*;q=0.8,application/signed-exchange;v=b3;q=0.7
    [HTTP_USER_AGENT] => Mozilla/5.0 (Windows NT 10.0; Win64; x64) AppleWebKit/537.36 (KHTML, like Gecko) Chrome/138.0.0.0 Safari/537.36 Edg/138.0.0.0
    [HTTP_UPGRADE_INSECURE_REQUESTS] => 1
    [HTTP_CACHE_CONTROL] => max-age=0
    [HTTP_CONNECTION] => close
    [HTTP_X_FILE_TYPE] => normal
    [HTTP_X_UA_DEVICE] => pc
    [HTTP_X_FAILURE_CACHE_TIME] => 0
    [HTTP_X_ACCEL_EXPIRES] => 60
    [HTTP_X_WP_ACCESS] => 0
    [HTTP_X_SERVER_ADDRESS] => 103.141.97.55
    [HTTP_X_REAL_IP] => 49.109.162.46
    [HTTP_X_FORWARDED_SSL] => on
    [HTTP_X_FORWARDED_PORT] => 443
    [HTTP_X_FORWARDED_HOST] => school.heartf.com
    [HTTP_X_FORWARDED_PROTO] => https
    [HTTP_X_FORWARDED_FOR] => 49.109.162.46
    [HTTP_HOST] => school.heartf.com
    [Ngx_Cache_StaticMode] => 1
    [Ngx_Cache_NormalFile] => 1
    [FailureCacheTime] => 0
    [HTTPS] => on
    [UNIQUE_ID] => aHYg8ys23A25Ipsi1baGAAAAAiE
    [MEF_PROXY_ADDR] => 103.141.97.55
    [FCGI_ROLE] => RESPONDER
    [PHP_SELF] => /kanaeru/rep.php
    [REQUEST_TIME_FLOAT] => 1752572147.5612
    [REQUEST_TIME] => 1752572147
)

Generated hash data: 25:item_jp_new_100:txn_687620ba341bd3.47855201_7228_1752572090:1752572147:lionking
Hash: 4a742e72f0947031ef33d9502c32b4470c503e556299d7d00cace7cf16e83c2cAPI Response: API Success: Redirecting to thanks pageUser Environment Info:
IP Address: 49.109.158.97
Host Name / Provider: sp49-109-158-97.tck02.spmode.ne.jp
User Agent: Mozilla/5.0 (Windows NT 10.0; Win64; x64) AppleWebKit/537.36 (KHTML, like Gecko) Chrome/138.0.0.0 Safari/537.36 Edg/138.0.0.0
Server Info: Array
(
    [PATH] => /usr/local/sbin:/usr/local/bin:/usr/sbin:/usr/bin
    [PWD] => /home/userfastcgi/heartf/heartf.com
    [SHLVL] => 0
    [SCRIPT_NAME] => /kanaeru/rep.php
    [REQUEST_URI] => /kanaeru/rep.php?user_id=25&price=5500&item_name=item_jp_new_100&transaction_id=txn_687a192f534858.73437281_3347_1752832303&callback=my
    [QUERY_STRING] => user_id=25&price=5500&item_name=item_jp_new_100&transaction_id=txn_687a192f534858.73437281_3347_1752832303&callback=my
    [REQUEST_METHOD] => GET
    [SERVER_PROTOCOL] => HTTP/1.1
    [GATEWAY_INTERFACE] => CGI/1.1
    [REMOTE_PORT] => 48614
    [SCRIPT_FILENAME] => /home/heartf/heartf.com/public_html/school/kanaeru/rep.php
    [SERVER_ADMIN] => webmaster@heartf.com
    [CONTEXT_DOCUMENT_ROOT] => /home/heartf/heartf.com/public_html/school
    [CONTEXT_PREFIX] => 
    [REQUEST_SCHEME] => https
    [DOCUMENT_ROOT] => /home/heartf/heartf.com/public_html/school
    [REMOTE_ADDR] => 49.109.158.97
    [SERVER_PORT] => 443
    [SERVER_ADDR] => 103.141.97.55
    [SERVER_NAME] => school.heartf.com
    [SERVER_SOFTWARE] => Apache
    [SERVER_SIGNATURE] => 
    [HTTP_COOKIE] => _ga=GA1.2.436393874.1748925959; _ga_HE2HZGS8HL=GS2.2.s1748925959$o1$g1$t1748925959$j60$l0$h0
    [HTTP_PRIORITY] => u=0, i
    [HTTP_ACCEPT_LANGUAGE] => ja,en;q=0.9,en-GB;q=0.8,en-US;q=0.7
    [HTTP_REFERER] => https://secure.telecomcredit.co.jp/
    [HTTP_SEC_CH_UA_PLATFORM] => "Windows"
    [HTTP_SEC_CH_UA_MOBILE] => ?0
    [HTTP_SEC_CH_UA] => "Not)A;Brand";v="8", "Chromium";v="138", "Microsoft Edge";v="138"
    [HTTP_SEC_FETCH_DEST] => document
    [HTTP_SEC_FETCH_MODE] => navigate
    [HTTP_SEC_FETCH_SITE] => cross-site
    [HTTP_ACCEPT] => text/html,application/xhtml+xml,application/xml;q=0.9,image/avif,image/webp,image/apng,*/*;q=0.8,application/signed-exchange;v=b3;q=0.7
    [HTTP_USER_AGENT] => Mozilla/5.0 (Windows NT 10.0; Win64; x64) AppleWebKit/537.36 (KHTML, like Gecko) Chrome/138.0.0.0 Safari/537.36 Edg/138.0.0.0
    [HTTP_UPGRADE_INSECURE_REQUESTS] => 1
    [HTTP_CACHE_CONTROL] => max-age=0
    [HTTP_CONNECTION] => close
    [HTTP_X_FILE_TYPE] => normal
    [HTTP_X_UA_DEVICE] => pc
    [HTTP_X_FAILURE_CACHE_TIME] => 0
    [HTTP_X_ACCEL_EXPIRES] => 60
    [HTTP_X_WP_ACCESS] => 0
    [HTTP_X_SERVER_ADDRESS] => 103.141.97.55
    [HTTP_X_REAL_IP] => 49.109.158.97
    [HTTP_X_FORWARDED_SSL] => on
    [HTTP_X_FORWARDED_PORT] => 443
    [HTTP_X_FORWARDED_HOST] => school.heartf.com
    [HTTP_X_FORWARDED_PROTO] => https
    [HTTP_X_FORWARDED_FOR] => 49.109.158.97
    [HTTP_HOST] => school.heartf.com
    [Ngx_Cache_StaticMode] => 1
    [Ngx_Cache_NormalFile] => 1
    [FailureCacheTime] => 0
    [HTTPS] => on
    [UNIQUE_ID] => aHoZWvuFV9JJndHcDDcyFAAAAVU
    [MEF_PROXY_ADDR] => 103.141.97.55
    [FCGI_ROLE] => RESPONDER
    [PHP_SELF] => /kanaeru/rep.php
    [REQUEST_TIME_FLOAT] => 1752832346.2371
    [REQUEST_TIME] => 1752832346
)

Generated hash data: 25:item_jp_new_100:txn_687a192f534858.73437281_3347_1752832303:1752832346:lionking
Hash: 4a86b88fff1f739be5e96e167965f2d4d3f30c3990925b809393d7d9b4c4b9ddAPI Response: API Success: Redirecting to thanks pageUser Environment Info:
IP Address: 49.109.151.122
Host Name / Provider: sp49-109-151-122.tck02.spmode.ne.jp
User Agent: Mozilla/5.0 (Windows NT 10.0; Win64; x64) AppleWebKit/537.36 (KHTML, like Gecko) Chrome/138.0.0.0 Safari/537.36 Edg/138.0.0.0
Server Info: Array
(
    [PATH] => /usr/local/sbin:/usr/local/bin:/usr/sbin:/usr/bin
    [PWD] => /home/userfastcgi/heartf/heartf.com
    [SHLVL] => 0
    [SCRIPT_NAME] => /kanaeru/rep.php
    [REQUEST_URI] => /kanaeru/rep.php?user_id=25&price=5500&item_name=item_jp_new_100&transaction_id=txn_688891ddc41f20.51620174_7728_1753780701&callback=my
    [QUERY_STRING] => user_id=25&price=5500&item_name=item_jp_new_100&transaction_id=txn_688891ddc41f20.51620174_7728_1753780701&callback=my
    [REQUEST_METHOD] => GET
    [SERVER_PROTOCOL] => HTTP/1.1
    [GATEWAY_INTERFACE] => CGI/1.1
    [REMOTE_PORT] => 33550
    [SCRIPT_FILENAME] => /home/heartf/heartf.com/public_html/school/kanaeru/rep.php
    [SERVER_ADMIN] => webmaster@heartf.com
    [CONTEXT_DOCUMENT_ROOT] => /home/heartf/heartf.com/public_html/school
    [CONTEXT_PREFIX] => 
    [REQUEST_SCHEME] => https
    [DOCUMENT_ROOT] => /home/heartf/heartf.com/public_html/school
    [REMOTE_ADDR] => 49.109.151.122
    [SERVER_PORT] => 443
    [SERVER_ADDR] => 103.141.97.55
    [SERVER_NAME] => school.heartf.com
    [SERVER_SOFTWARE] => Apache
    [SERVER_SIGNATURE] => 
    [HTTP_COOKIE] => _ga=GA1.2.436393874.1748925959; _ga_HE2HZGS8HL=GS2.2.s1748925959$o1$g1$t1748925959$j60$l0$h0
    [HTTP_PRIORITY] => u=0, i
    [HTTP_ACCEPT_LANGUAGE] => ja,en;q=0.9,en-GB;q=0.8,en-US;q=0.7
    [HTTP_REFERER] => https://secure.telecomcredit.co.jp/
    [HTTP_SEC_CH_UA_PLATFORM] => "Windows"
    [HTTP_SEC_CH_UA_MOBILE] => ?0
    [HTTP_SEC_CH_UA] => "Not)A;Brand";v="8", "Chromium";v="138", "Microsoft Edge";v="138"
    [HTTP_SEC_FETCH_DEST] => document
    [HTTP_SEC_FETCH_MODE] => navigate
    [HTTP_SEC_FETCH_SITE] => cross-site
    [HTTP_ACCEPT] => text/html,application/xhtml+xml,application/xml;q=0.9,image/avif,image/webp,image/apng,*/*;q=0.8,application/signed-exchange;v=b3;q=0.7
    [HTTP_USER_AGENT] => Mozilla/5.0 (Windows NT 10.0; Win64; x64) AppleWebKit/537.36 (KHTML, like Gecko) Chrome/138.0.0.0 Safari/537.36 Edg/138.0.0.0
    [HTTP_UPGRADE_INSECURE_REQUESTS] => 1
    [HTTP_CACHE_CONTROL] => max-age=0
    [HTTP_CONNECTION] => close
    [HTTP_X_FILE_TYPE] => normal
    [HTTP_X_UA_DEVICE] => pc
    [HTTP_X_FAILURE_CACHE_TIME] => 0
    [HTTP_X_ACCEL_EXPIRES] => 60
    [HTTP_X_WP_ACCESS] => 0
    [HTTP_X_SERVER_ADDRESS] => 103.141.97.55
    [HTTP_X_REAL_IP] => 49.109.151.122
    [HTTP_X_FORWARDED_SSL] => on
    [HTTP_X_FORWARDED_PORT] => 443
    [HTTP_X_FORWARDED_HOST] => school.heartf.com
    [HTTP_X_FORWARDED_PROTO] => https
    [HTTP_X_FORWARDED_FOR] => 49.109.151.122
    [HTTP_HOST] => school.heartf.com
    [Ngx_Cache_StaticMode] => 1
    [Ngx_Cache_NormalFile] => 1
    [FailureCacheTime] => 0
    [HTTPS] => on
    [UNIQUE_ID] => aIiSFyYzH2CVQV41_pirYQAAAdM
    [MEF_PROXY_ADDR] => 103.141.97.55
    [FCGI_ROLE] => RESPONDER
    [PHP_SELF] => /kanaeru/rep.php
    [REQUEST_TIME_FLOAT] => 1753780759.4388
    [REQUEST_TIME] => 1753780759
)

Generated hash data: 25:item_jp_new_100:txn_688891ddc41f20.51620174_7728_1753780701:1753780759:lionking
Hash: fe34d644afb2651d26142119d502ab0b836a4dec3d773c03809af9360f8fbb97API Response: API Success: Redirecting to thanks pageUser Environment Info:
IP Address: 1.112.60.150
Host Name / Provider: softbank001112060150.bbtec.net
User Agent: Mozilla/5.0 (Linux; Android 10; K) AppleWebKit/537.36 (KHTML, like Gecko) Chrome/138.0.0.0 Mobile Safari/537.36
Server Info: Array
(
    [PATH] => /usr/local/sbin:/usr/local/bin:/usr/sbin:/usr/bin
    [PWD] => /home/userfastcgi/heartf/heartf.com
    [SHLVL] => 0
    [SCRIPT_NAME] => /kanaeru/rep.php
    [REQUEST_URI] => /kanaeru/rep.php?user_id=109&price=3300&item_name=item_jp_new_60&transaction_id=txn_688d89871c21b8.73317711_6886_1754106247&callback=my
    [QUERY_STRING] => user_id=109&price=3300&item_name=item_jp_new_60&transaction_id=txn_688d89871c21b8.73317711_6886_1754106247&callback=my
    [REQUEST_METHOD] => GET
    [SERVER_PROTOCOL] => HTTP/1.1
    [GATEWAY_INTERFACE] => CGI/1.1
    [REMOTE_PORT] => 54870
    [SCRIPT_FILENAME] => /home/heartf/heartf.com/public_html/school/kanaeru/rep.php
    [SERVER_ADMIN] => webmaster@heartf.com
    [CONTEXT_DOCUMENT_ROOT] => /home/heartf/heartf.com/public_html/school
    [CONTEXT_PREFIX] => 
    [REQUEST_SCHEME] => https
    [DOCUMENT_ROOT] => /home/heartf/heartf.com/public_html/school
    [REMOTE_ADDR] => 1.112.60.150
    [SERVER_PORT] => 443
    [SERVER_ADDR] => 103.141.97.55
    [SERVER_NAME] => school.heartf.com
    [SERVER_SOFTWARE] => Apache
    [SERVER_SIGNATURE] => 
    [HTTP_COOKIE] => _ga_W99M1L8DL1=GS1.1.1728638341.1.1.1728638392.0.0.0; _ga_ZV0WQXHT00=GS1.1.1739035433.1.0.1739035440.0.0.0; _ga_4PK6XBV3BP=GS1.1.1739035479.1.0.1739035484.0.0.0; _ga_ZKNBTVGEJE=GS1.1.1739667497.2.1.1739667523.0.0.0; _ga_ZQKCLRKB5Q=GS1.1.1740230918.4.1.1740231032.0.0.0; _ga_M2QG0JN89S=GS1.1.1740286885.4.1.1740286992.0.0.0; _ga_YEYDQZ3W8X=GS1.1.1740289666.4.1.1740289720.0.0.0; _ga_PWQM3ESTQV=GS1.1.1743520077.9.1.1743520101.0.0.0; _ga_KD8MNG8J43=GS1.1.1743520122.6.1.1743521619.0.0.0; _ga_4GVF9RW05T=GS1.1.1744687263.1.1.1744687299.0.0.0; _ga_TF7VQ3P4WK=GS1.1.1745935814.4.0.1745935816.0.0.0; _ga_7DRL21B865=GS2.1.s1746538776$o44$g0$t1746538784$j0$l0$h0; _gcl_gs=2.1.k1$i1747965216$u173987873; _gcl_au=1.1.1089817837.1747965221; _clck=3480ct%7C2%7Cfw5%7C0%7C1745; _gcl_aw=GCL.1747965222.Cj0KCQjwlrvBBhDnARIsAHEQgORY01-PUUDKm1Uar0hGOFm9jGsxTx-tOqY_1vV_dZgK3BmpWeNUFHUaAkZeEALw_wcB; _ga_KKDS2Y063Q=GS2.1.s1747965221$o4$g0$t1747965221$j60$l0$h147963702$dvycGpS9NaYLbSQ0ahym5IJDhb5HBPMr1NA; _ga_0MQS3FYDHL=GS2.2.s1750486356$o38$g1$t1750486361$j55$l0$h0; _ga_V61N4QB68M=GS2.1.s1750486356$o15$g1$t1750486376$j40$l0$h0; _ga_24KCBZETC9=GS2.1.s1750858852$o18$g1$t1750858882$j30$l0$h0; _ga_HE2HZGS8HL=GS2.2.s1753237570$o203$g1$t1753237570$j60$l0$h0; _ga_65VNZXJB15=GS2.1.s1753858681$o20$g1$t1753858743$j60$l0$h0; _gid=GA1.2.482422233.1754002690; _ga=GA1.1.1163680588.1721908013; _ga_DN9TZ3Q2LG=GS2.1.s1754105186$o522$g1$t1754106021$j60$l0$h0; _ga_LX121NPD7K=GS2.1.s1754105186$o522$g1$t1754106021$j60$l0$h1465566001
    [HTTP_PRIORITY] => u=0, i
    [HTTP_ACCEPT_LANGUAGE] => ja-JP,ja;q=0.9,en-US;q=0.8,en;q=0.7
    [HTTP_REFERER] => https://secure.telecomcredit.co.jp/
    [HTTP_SEC_CH_UA_PLATFORM] => "Android"
    [HTTP_SEC_CH_UA_MOBILE] => ?1
    [HTTP_SEC_CH_UA] => "Not)A;Brand";v="8", "Chromium";v="138", "Google Chrome";v="138"
    [HTTP_SEC_FETCH_DEST] => document
    [HTTP_SEC_FETCH_MODE] => navigate
    [HTTP_SEC_FETCH_SITE] => cross-site
    [HTTP_ACCEPT] => text/html,application/xhtml+xml,application/xml;q=0.9,image/avif,image/webp,image/apng,*/*;q=0.8,application/signed-exchange;v=b3;q=0.7
    [HTTP_USER_AGENT] => Mozilla/5.0 (Linux; Android 10; K) AppleWebKit/537.36 (KHTML, like Gecko) Chrome/138.0.0.0 Mobile Safari/537.36
    [HTTP_UPGRADE_INSECURE_REQUESTS] => 1
    [HTTP_CACHE_CONTROL] => max-age=0
    [HTTP_CONNECTION] => close
    [HTTP_X_FILE_TYPE] => normal
    [HTTP_X_UA_DEVICE] => smartphone
    [HTTP_X_FAILURE_CACHE_TIME] => 0
    [HTTP_X_ACCEL_EXPIRES] => 60
    [HTTP_X_WP_ACCESS] => 0
    [HTTP_X_SERVER_ADDRESS] => 103.141.97.55
    [HTTP_X_REAL_IP] => 1.112.60.150
    [HTTP_X_FORWARDED_SSL] => on
    [HTTP_X_FORWARDED_PORT] => 443
    [HTTP_X_FORWARDED_HOST] => school.heartf.com
    [HTTP_X_FORWARDED_PROTO] => https
    [HTTP_X_FORWARDED_FOR] => 1.112.60.150
    [HTTP_HOST] => school.heartf.com
    [Ngx_Cache_StaticMode] => 1
    [Ngx_Cache_NormalFile] => 1
    [FailureCacheTime] => 0
    [HTTPS] => on
    [UNIQUE_ID] => aI2KH8tzO4BBw99vhwjGSAAAAdY
    [MEF_PROXY_ADDR] => 103.141.97.55
    [FCGI_ROLE] => RESPONDER
    [PHP_SELF] => /kanaeru/rep.php
    [REQUEST_TIME_FLOAT] => 1754106399.5367
    [REQUEST_TIME] => 1754106399
)

Generated hash data: 109:item_jp_new_60:txn_688d89871c21b8.73317711_6886_1754106247:1754106399:lionking
Hash: 196cf30284b49c80b639faf09b250809a01e68225fd52d24e81ec3b926ea493aAPI Response: API Success: Redirecting to thanks pageUser Environment Info:
IP Address: 49.109.161.196
Host Name / Provider: sp49-109-161-196.tck02.spmode.ne.jp
User Agent: Mozilla/5.0 (Windows NT 10.0; Win64; x64) AppleWebKit/537.36 (KHTML, like Gecko) Chrome/138.0.0.0 Safari/537.36 Edg/138.0.0.0
Server Info: Array
(
    [PATH] => /usr/local/sbin:/usr/local/bin:/usr/sbin:/usr/bin
    [PWD] => /home/userfastcgi/heartf/heartf.com
    [SHLVL] => 0
    [SCRIPT_NAME] => /kanaeru/rep.php
    [REQUEST_URI] => /kanaeru/rep.php?user_id=25&price=5500&item_name=item_jp_new_100&transaction_id=txn_688ddad4733063.28977463_2132_1754127060&callback=my
    [QUERY_STRING] => user_id=25&price=5500&item_name=item_jp_new_100&transaction_id=txn_688ddad4733063.28977463_2132_1754127060&callback=my
    [REQUEST_METHOD] => GET
    [SERVER_PROTOCOL] => HTTP/1.1
    [GATEWAY_INTERFACE] => CGI/1.1
    [REMOTE_PORT] => 46874
    [SCRIPT_FILENAME] => /home/heartf/heartf.com/public_html/school/kanaeru/rep.php
    [SERVER_ADMIN] => webmaster@heartf.com
    [CONTEXT_DOCUMENT_ROOT] => /home/heartf/heartf.com/public_html/school
    [CONTEXT_PREFIX] => 
    [REQUEST_SCHEME] => https
    [DOCUMENT_ROOT] => /home/heartf/heartf.com/public_html/school
    [REMOTE_ADDR] => 49.109.161.196
    [SERVER_PORT] => 443
    [SERVER_ADDR] => 103.141.97.55
    [SERVER_NAME] => school.heartf.com
    [SERVER_SOFTWARE] => Apache
    [SERVER_SIGNATURE] => 
    [HTTP_COOKIE] => _ga=GA1.2.436393874.1748925959; _ga_HE2HZGS8HL=GS2.2.s1748925959$o1$g1$t1748925959$j60$l0$h0
    [HTTP_PRIORITY] => u=0, i
    [HTTP_ACCEPT_LANGUAGE] => ja,en;q=0.9,en-GB;q=0.8,en-US;q=0.7
    [HTTP_REFERER] => https://secure.telecomcredit.co.jp/
    [HTTP_SEC_CH_UA_PLATFORM] => "Windows"
    [HTTP_SEC_CH_UA_MOBILE] => ?0
    [HTTP_SEC_CH_UA] => "Not)A;Brand";v="8", "Chromium";v="138", "Microsoft Edge";v="138"
    [HTTP_SEC_FETCH_DEST] => document
    [HTTP_SEC_FETCH_MODE] => navigate
    [HTTP_SEC_FETCH_SITE] => cross-site
    [HTTP_ACCEPT] => text/html,application/xhtml+xml,application/xml;q=0.9,image/avif,image/webp,image/apng,*/*;q=0.8,application/signed-exchange;v=b3;q=0.7
    [HTTP_USER_AGENT] => Mozilla/5.0 (Windows NT 10.0; Win64; x64) AppleWebKit/537.36 (KHTML, like Gecko) Chrome/138.0.0.0 Safari/537.36 Edg/138.0.0.0
    [HTTP_UPGRADE_INSECURE_REQUESTS] => 1
    [HTTP_CACHE_CONTROL] => max-age=0
    [HTTP_CONNECTION] => close
    [HTTP_X_FILE_TYPE] => normal
    [HTTP_X_UA_DEVICE] => pc
    [HTTP_X_FAILURE_CACHE_TIME] => 0
    [HTTP_X_ACCEL_EXPIRES] => 60
    [HTTP_X_WP_ACCESS] => 0
    [HTTP_X_SERVER_ADDRESS] => 103.141.97.55
    [HTTP_X_REAL_IP] => 49.109.161.196
    [HTTP_X_FORWARDED_SSL] => on
    [HTTP_X_FORWARDED_PORT] => 443
    [HTTP_X_FORWARDED_HOST] => school.heartf.com
    [HTTP_X_FORWARDED_PROTO] => https
    [HTTP_X_FORWARDED_FOR] => 49.109.161.196
    [HTTP_HOST] => school.heartf.com
    [Ngx_Cache_StaticMode] => 1
    [Ngx_Cache_NormalFile] => 1
    [FailureCacheTime] => 0
    [HTTPS] => on
    [UNIQUE_ID] => aI3bA1CElJGP32mBAgGqTQAAAkw
    [MEF_PROXY_ADDR] => 103.141.97.55
    [FCGI_ROLE] => RESPONDER
    [PHP_SELF] => /kanaeru/rep.php
    [REQUEST_TIME_FLOAT] => 1754127107.5476
    [REQUEST_TIME] => 1754127107
)

Generated hash data: 25:item_jp_new_100:txn_688ddad4733063.28977463_2132_1754127060:1754127107:lionking
Hash: e6a7569756aea7e5603feb03e1a6f95953d57b26db6a264196227914851bfa75API Response: API Success: Redirecting to thanks pageUser Environment Info:
IP Address: 49.109.107.111
Host Name / Provider: sp49-109-107-111.smd02.spmode.ne.jp
User Agent: Mozilla/5.0 (Windows NT 10.0; Win64; x64) AppleWebKit/537.36 (KHTML, like Gecko) Chrome/138.0.0.0 Safari/537.36 Edg/138.0.0.0
Server Info: Array
(
    [PATH] => /usr/local/sbin:/usr/local/bin:/usr/sbin:/usr/bin
    [PWD] => /home/userfastcgi/heartf/heartf.com
    [SHLVL] => 0
    [SCRIPT_NAME] => /kanaeru/rep.php
    [REQUEST_URI] => /kanaeru/rep.php?user_id=25&price=5500&item_name=item_jp_new_100&transaction_id=txn_689718bab4ce74.88053187_9831_1754732730&callback=my
    [QUERY_STRING] => user_id=25&price=5500&item_name=item_jp_new_100&transaction_id=txn_689718bab4ce74.88053187_9831_1754732730&callback=my
    [REQUEST_METHOD] => GET
    [SERVER_PROTOCOL] => HTTP/1.1
    [GATEWAY_INTERFACE] => CGI/1.1
    [REMOTE_PORT] => 39168
    [SCRIPT_FILENAME] => /home/heartf/heartf.com/public_html/school/kanaeru/rep.php
    [SERVER_ADMIN] => webmaster@heartf.com
    [CONTEXT_DOCUMENT_ROOT] => /home/heartf/heartf.com/public_html/school
    [CONTEXT_PREFIX] => 
    [REQUEST_SCHEME] => https
    [DOCUMENT_ROOT] => /home/heartf/heartf.com/public_html/school
    [REMOTE_ADDR] => 49.109.107.111
    [SERVER_PORT] => 443
    [SERVER_ADDR] => 103.141.97.55
    [SERVER_NAME] => school.heartf.com
    [SERVER_SOFTWARE] => Apache
    [SERVER_SIGNATURE] => 
    [HTTP_COOKIE] => _ga=GA1.2.436393874.1748925959; _ga_HE2HZGS8HL=GS2.2.s1748925959$o1$g1$t1748925959$j60$l0$h0
    [HTTP_PRIORITY] => u=0, i
    [HTTP_ACCEPT_LANGUAGE] => ja,en;q=0.9,en-GB;q=0.8,en-US;q=0.7
    [HTTP_REFERER] => https://secure.telecomcredit.co.jp/
    [HTTP_SEC_CH_UA_PLATFORM] => "Windows"
    [HTTP_SEC_CH_UA_MOBILE] => ?0
    [HTTP_SEC_CH_UA] => "Not)A;Brand";v="8", "Chromium";v="138", "Microsoft Edge";v="138"
    [HTTP_SEC_FETCH_DEST] => document
    [HTTP_SEC_FETCH_MODE] => navigate
    [HTTP_SEC_FETCH_SITE] => cross-site
    [HTTP_ACCEPT] => text/html,application/xhtml+xml,application/xml;q=0.9,image/avif,image/webp,image/apng,*/*;q=0.8,application/signed-exchange;v=b3;q=0.7
    [HTTP_USER_AGENT] => Mozilla/5.0 (Windows NT 10.0; Win64; x64) AppleWebKit/537.36 (KHTML, like Gecko) Chrome/138.0.0.0 Safari/537.36 Edg/138.0.0.0
    [HTTP_UPGRADE_INSECURE_REQUESTS] => 1
    [HTTP_CACHE_CONTROL] => max-age=0
    [HTTP_CONNECTION] => close
    [HTTP_X_FILE_TYPE] => normal
    [HTTP_X_UA_DEVICE] => pc
    [HTTP_X_FAILURE_CACHE_TIME] => 0
    [HTTP_X_ACCEL_EXPIRES] => 60
    [HTTP_X_WP_ACCESS] => 0
    [HTTP_X_SERVER_ADDRESS] => 103.141.97.55
    [HTTP_X_REAL_IP] => 49.109.107.111
    [HTTP_X_FORWARDED_SSL] => on
    [HTTP_X_FORWARDED_PORT] => 443
    [HTTP_X_FORWARDED_HOST] => school.heartf.com
    [HTTP_X_FORWARDED_PROTO] => https
    [HTTP_X_FORWARDED_FOR] => 49.109.107.111
    [HTTP_HOST] => school.heartf.com
    [Ngx_Cache_StaticMode] => 1
    [Ngx_Cache_NormalFile] => 1
    [FailureCacheTime] => 0
    [HTTPS] => on
    [UNIQUE_ID] => aJcY9kv-ia3sd243ye4SMQAAAa4
    [MEF_PROXY_ADDR] => 103.141.97.55
    [FCGI_ROLE] => RESPONDER
    [PHP_SELF] => /kanaeru/rep.php
    [REQUEST_TIME_FLOAT] => 1754732790.3189
    [REQUEST_TIME] => 1754732790
)

Generated hash data: 25:item_jp_new_100:txn_689718bab4ce74.88053187_9831_1754732730:1754732790:lionking
Hash: 7913eb40ae046c9fc913f20b2836264e72147e46461b4f815a0ca20b23ab8486API Response: API Success: Redirecting to thanks pageUser Environment Info:
IP Address: 60.67.60.56
Host Name / Provider: softbank060067060056.bbtec.net
User Agent: Mozilla/5.0 (iPhone; CPU iPhone OS 18_4_1 like Mac OS X) AppleWebKit/605.1.15 (KHTML, like Gecko) Mobile/15E148 Safari Line/15.12.1
Server Info: Array
(
    [PATH] => /usr/local/sbin:/usr/local/bin:/usr/sbin:/usr/bin
    [PWD] => /home/userfastcgi/heartf/heartf.com
    [SHLVL] => 0
    [SCRIPT_NAME] => /kanaeru/rep.php
    [REQUEST_URI] => /kanaeru/rep.php?user_id=87&price=660&item_name=item_jp_new_12&transaction_id=txn_689ab6825c2df4.61650424_9503_1754969730&callback=my
    [QUERY_STRING] => user_id=87&price=660&item_name=item_jp_new_12&transaction_id=txn_689ab6825c2df4.61650424_9503_1754969730&callback=my
    [REQUEST_METHOD] => GET
    [SERVER_PROTOCOL] => HTTP/1.1
    [GATEWAY_INTERFACE] => CGI/1.1
    [REMOTE_PORT] => 48370
    [SCRIPT_FILENAME] => /home/heartf/heartf.com/public_html/school/kanaeru/rep.php
    [SERVER_ADMIN] => webmaster@heartf.com
    [CONTEXT_DOCUMENT_ROOT] => /home/heartf/heartf.com/public_html/school
    [CONTEXT_PREFIX] => 
    [REQUEST_SCHEME] => https
    [DOCUMENT_ROOT] => /home/heartf/heartf.com/public_html/school
    [REMOTE_ADDR] => 60.67.60.56
    [SERVER_PORT] => 443
    [SERVER_ADDR] => 103.141.97.55
    [SERVER_NAME] => school.heartf.com
    [SERVER_SOFTWARE] => Apache
    [SERVER_SIGNATURE] => 
    [HTTP_SEC_FETCH_DEST] => document
    [HTTP_ACCEPT_LANGUAGE] => ja
    [HTTP_USER_AGENT] => Mozilla/5.0 (iPhone; CPU iPhone OS 18_4_1 like Mac OS X) AppleWebKit/605.1.15 (KHTML, like Gecko) Mobile/15E148 Safari Line/15.12.1
    [HTTP_SEC_FETCH_MODE] => navigate
    [HTTP_REFERER] => https://secure.telecomcredit.co.jp/
    [HTTP_SEC_FETCH_SITE] => cross-site
    [HTTP_ACCEPT] => text/html,application/xhtml+xml,application/xml;q=0.9,*/*;q=0.8
    [HTTP_CONNECTION] => close
    [HTTP_X_FILE_TYPE] => normal
    [HTTP_X_UA_DEVICE] => smartphone
    [HTTP_X_FAILURE_CACHE_TIME] => 0
    [HTTP_X_ACCEL_EXPIRES] => 60
    [HTTP_X_WP_ACCESS] => 0
    [HTTP_X_SERVER_ADDRESS] => 103.141.97.55
    [HTTP_X_REAL_IP] => 60.67.60.56
    [HTTP_X_FORWARDED_SSL] => on
    [HTTP_X_FORWARDED_PORT] => 443
    [HTTP_X_FORWARDED_HOST] => school.heartf.com
    [HTTP_X_FORWARDED_PROTO] => https
    [HTTP_X_FORWARDED_FOR] => 60.67.60.56
    [HTTP_HOST] => school.heartf.com
    [Ngx_Cache_StaticMode] => 1
    [Ngx_Cache_NormalFile] => 1
    [FailureCacheTime] => 0
    [HTTPS] => on
    [UNIQUE_ID] => aJq3MswqrWQpua3b45uiJwAAAcQ
    [MEF_PROXY_ADDR] => 103.141.97.55
    [FCGI_ROLE] => RESPONDER
    [PHP_SELF] => /kanaeru/rep.php
    [REQUEST_TIME_FLOAT] => 1754969906.0236
    [REQUEST_TIME] => 1754969906
)

Generated hash data: 87:item_jp_new_12:txn_689ab6825c2df4.61650424_9503_1754969730:1754969906:lionking
Hash: 0665344063bd3f423705166385b5b10d014e862892d9a9e4a7f9f719d65ce7f7API Response: API Success: Redirecting to thanks pageUser Environment Info:
IP Address: 1.73.145.152
Host Name / Provider: sp1-73-145-152.smd01.spmode.ne.jp
User Agent: Mozilla/5.0 (Windows NT 10.0; Win64; x64) AppleWebKit/537.36 (KHTML, like Gecko) Chrome/139.0.0.0 Safari/537.36 Edg/139.0.0.0
Server Info: Array
(
    [PATH] => /usr/local/sbin:/usr/local/bin:/usr/sbin:/usr/bin
    [PWD] => /home/userfastcgi/heartf/heartf.com
    [SHLVL] => 0
    [SCRIPT_NAME] => /kanaeru/rep.php
    [REQUEST_URI] => /kanaeru/rep.php?user_id=25&price=5500&item_name=item_jp_new_100&transaction_id=txn_689f032c9ec970.50164992_1007_1755251500&callback=my
    [QUERY_STRING] => user_id=25&price=5500&item_name=item_jp_new_100&transaction_id=txn_689f032c9ec970.50164992_1007_1755251500&callback=my
    [REQUEST_METHOD] => GET
    [SERVER_PROTOCOL] => HTTP/1.1
    [GATEWAY_INTERFACE] => CGI/1.1
    [REMOTE_PORT] => 38060
    [SCRIPT_FILENAME] => /home/heartf/heartf.com/public_html/school/kanaeru/rep.php
    [SERVER_ADMIN] => webmaster@heartf.com
    [CONTEXT_DOCUMENT_ROOT] => /home/heartf/heartf.com/public_html/school
    [CONTEXT_PREFIX] => 
    [REQUEST_SCHEME] => https
    [DOCUMENT_ROOT] => /home/heartf/heartf.com/public_html/school
    [REMOTE_ADDR] => 1.73.145.152
    [SERVER_PORT] => 443
    [SERVER_ADDR] => 103.141.97.55
    [SERVER_NAME] => school.heartf.com
    [SERVER_SOFTWARE] => Apache
    [SERVER_SIGNATURE] => 
    [HTTP_COOKIE] => _ga=GA1.2.436393874.1748925959; _ga_HE2HZGS8HL=GS2.2.s1748925959$o1$g1$t1748925959$j60$l0$h0
    [HTTP_PRIORITY] => u=0, i
    [HTTP_ACCEPT_LANGUAGE] => ja,en;q=0.9,en-GB;q=0.8,en-US;q=0.7
    [HTTP_REFERER] => https://secure.telecomcredit.co.jp/
    [HTTP_SEC_CH_UA_PLATFORM] => "Windows"
    [HTTP_SEC_CH_UA_MOBILE] => ?0
    [HTTP_SEC_CH_UA] => "Not;A=Brand";v="99", "Microsoft Edge";v="139", "Chromium";v="139"
    [HTTP_SEC_FETCH_DEST] => document
    [HTTP_SEC_FETCH_MODE] => navigate
    [HTTP_SEC_FETCH_SITE] => cross-site
    [HTTP_ACCEPT] => text/html,application/xhtml+xml,application/xml;q=0.9,image/avif,image/webp,image/apng,*/*;q=0.8,application/signed-exchange;v=b3;q=0.7
    [HTTP_USER_AGENT] => Mozilla/5.0 (Windows NT 10.0; Win64; x64) AppleWebKit/537.36 (KHTML, like Gecko) Chrome/139.0.0.0 Safari/537.36 Edg/139.0.0.0
    [HTTP_UPGRADE_INSECURE_REQUESTS] => 1
    [HTTP_CACHE_CONTROL] => max-age=0
    [HTTP_CONNECTION] => close
    [HTTP_X_FILE_TYPE] => normal
    [HTTP_X_UA_DEVICE] => pc
    [HTTP_X_FAILURE_CACHE_TIME] => 0
    [HTTP_X_ACCEL_EXPIRES] => 60
    [HTTP_X_WP_ACCESS] => 0
    [HTTP_X_SERVER_ADDRESS] => 103.141.97.55
    [HTTP_X_REAL_IP] => 1.73.145.152
    [HTTP_X_FORWARDED_SSL] => on
    [HTTP_X_FORWARDED_PORT] => 443
    [HTTP_X_FORWARDED_HOST] => school.heartf.com
    [HTTP_X_FORWARDED_PROTO] => https
    [HTTP_X_FORWARDED_FOR] => 1.73.145.152
    [HTTP_HOST] => school.heartf.com
    [Ngx_Cache_StaticMode] => 1
    [Ngx_Cache_NormalFile] => 1
    [FailureCacheTime] => 0
    [HTTPS] => on
    [UNIQUE_ID] => aJ8DVc2vdphlLTk66awAXwAAAbE
    [MEF_PROXY_ADDR] => 103.141.97.55
    [FCGI_ROLE] => RESPONDER
    [PHP_SELF] => /kanaeru/rep.php
    [REQUEST_TIME_FLOAT] => 1755251541.4724
    [REQUEST_TIME] => 1755251541
)

Generated hash data: 25:item_jp_new_100:txn_689f032c9ec970.50164992_1007_1755251500:1755251541:lionking
Hash: c02a8c10232fb0c952f42d9cd4a9964579bc42ddb8efd3ad99c908512857cf34API Response: API Success: Redirecting to thanks pageUser Environment Info:
IP Address: 1.73.154.219
Host Name / Provider: sp1-73-154-219.smd01.spmode.ne.jp
User Agent: Mozilla/5.0 (Windows NT 10.0; Win64; x64) AppleWebKit/537.36 (KHTML, like Gecko) Chrome/139.0.0.0 Safari/537.36 Edg/139.0.0.0
Server Info: Array
(
    [PATH] => /usr/local/sbin:/usr/local/bin:/usr/sbin:/usr/bin
    [PWD] => /home/userfastcgi/heartf/heartf.com
    [SHLVL] => 0
    [SCRIPT_NAME] => /kanaeru/rep.php
    [REQUEST_URI] => /kanaeru/rep.php?user_id=25&price=5500&item_name=item_jp_new_100&transaction_id=txn_68a597442517c6.07535749_9366_1755682628&callback=my
    [QUERY_STRING] => user_id=25&price=5500&item_name=item_jp_new_100&transaction_id=txn_68a597442517c6.07535749_9366_1755682628&callback=my
    [REQUEST_METHOD] => GET
    [SERVER_PROTOCOL] => HTTP/1.1
    [GATEWAY_INTERFACE] => CGI/1.1
    [REMOTE_PORT] => 41880
    [SCRIPT_FILENAME] => /home/heartf/heartf.com/public_html/school/kanaeru/rep.php
    [SERVER_ADMIN] => webmaster@heartf.com
    [CONTEXT_DOCUMENT_ROOT] => /home/heartf/heartf.com/public_html/school
    [CONTEXT_PREFIX] => 
    [REQUEST_SCHEME] => https
    [DOCUMENT_ROOT] => /home/heartf/heartf.com/public_html/school
    [REMOTE_ADDR] => 1.73.154.219
    [SERVER_PORT] => 443
    [SERVER_ADDR] => 103.141.97.55
    [SERVER_NAME] => school.heartf.com
    [SERVER_SOFTWARE] => Apache
    [SERVER_SIGNATURE] => 
    [HTTP_COOKIE] => _ga=GA1.2.436393874.1748925959; _ga_HE2HZGS8HL=GS2.2.s1748925959$o1$g1$t1748925959$j60$l0$h0
    [HTTP_PRIORITY] => u=0, i
    [HTTP_ACCEPT_LANGUAGE] => ja,en;q=0.9,en-GB;q=0.8,en-US;q=0.7
    [HTTP_REFERER] => https://secure.telecomcredit.co.jp/
    [HTTP_SEC_CH_UA_PLATFORM] => "Windows"
    [HTTP_SEC_CH_UA_MOBILE] => ?0
    [HTTP_SEC_CH_UA] => "Not;A=Brand";v="99", "Microsoft Edge";v="139", "Chromium";v="139"
    [HTTP_SEC_FETCH_DEST] => document
    [HTTP_SEC_FETCH_MODE] => navigate
    [HTTP_SEC_FETCH_SITE] => cross-site
    [HTTP_ACCEPT] => text/html,application/xhtml+xml,application/xml;q=0.9,image/avif,image/webp,image/apng,*/*;q=0.8,application/signed-exchange;v=b3;q=0.7
    [HTTP_USER_AGENT] => Mozilla/5.0 (Windows NT 10.0; Win64; x64) AppleWebKit/537.36 (KHTML, like Gecko) Chrome/139.0.0.0 Safari/537.36 Edg/139.0.0.0
    [HTTP_UPGRADE_INSECURE_REQUESTS] => 1
    [HTTP_CACHE_CONTROL] => max-age=0
    [HTTP_CONNECTION] => close
    [HTTP_X_FILE_TYPE] => normal
    [HTTP_X_UA_DEVICE] => pc
    [HTTP_X_FAILURE_CACHE_TIME] => 0
    [HTTP_X_ACCEL_EXPIRES] => 60
    [HTTP_X_WP_ACCESS] => 0
    [HTTP_X_SERVER_ADDRESS] => 103.141.97.55
    [HTTP_X_REAL_IP] => 1.73.154.219
    [HTTP_X_FORWARDED_SSL] => on
    [HTTP_X_FORWARDED_PORT] => 443
    [HTTP_X_FORWARDED_HOST] => school.heartf.com
    [HTTP_X_FORWARDED_PROTO] => https
    [HTTP_X_FORWARDED_FOR] => 1.73.154.219
    [HTTP_HOST] => school.heartf.com
    [Ngx_Cache_StaticMode] => 1
    [Ngx_Cache_NormalFile] => 1
    [FailureCacheTime] => 0
    [HTTPS] => on
    [UNIQUE_ID] => aKWXfBsPkKwie21iJwFvuwAAABE
    [MEF_PROXY_ADDR] => 103.141.97.55
    [FCGI_ROLE] => RESPONDER
    [PHP_SELF] => /kanaeru/rep.php
    [REQUEST_TIME_FLOAT] => 1755682684.9966
    [REQUEST_TIME] => 1755682684
)

Generated hash data: 25:item_jp_new_100:txn_68a597442517c6.07535749_9366_1755682628:1755682685:lionking
Hash: 26b1045c477021d2f46579ebfe3ef89f1825f1790a984befcc6c2bbba6b3bd90API Response: API Success: Redirecting to thanks pageUser Environment Info:
IP Address: 49.109.147.218
Host Name / Provider: sp49-109-147-218.tck02.spmode.ne.jp
User Agent: Mozilla/5.0 (Windows NT 10.0; Win64; x64) AppleWebKit/537.36 (KHTML, like Gecko) Chrome/139.0.0.0 Safari/537.36 Edg/139.0.0.0
Server Info: Array
(
    [PATH] => /usr/local/sbin:/usr/local/bin:/usr/sbin:/usr/bin
    [PWD] => /home/userfastcgi/heartf/heartf.com
    [SHLVL] => 0
    [SCRIPT_NAME] => /kanaeru/rep.php
    [REQUEST_URI] => /kanaeru/rep.php?user_id=25&price=5500&item_name=item_jp_new_100&transaction_id=txn_68ad96d1597b55.29103092_8024_1756206801&callback=my
    [QUERY_STRING] => user_id=25&price=5500&item_name=item_jp_new_100&transaction_id=txn_68ad96d1597b55.29103092_8024_1756206801&callback=my
    [REQUEST_METHOD] => GET
    [SERVER_PROTOCOL] => HTTP/1.1
    [GATEWAY_INTERFACE] => CGI/1.1
    [REMOTE_PORT] => 59196
    [SCRIPT_FILENAME] => /home/heartf/heartf.com/public_html/school/kanaeru/rep.php
    [SERVER_ADMIN] => webmaster@heartf.com
    [CONTEXT_DOCUMENT_ROOT] => /home/heartf/heartf.com/public_html/school
    [CONTEXT_PREFIX] => 
    [REQUEST_SCHEME] => https
    [DOCUMENT_ROOT] => /home/heartf/heartf.com/public_html/school
    [REMOTE_ADDR] => 49.109.147.218
    [SERVER_PORT] => 443
    [SERVER_ADDR] => 103.141.97.55
    [SERVER_NAME] => school.heartf.com
    [SERVER_SOFTWARE] => Apache
    [SERVER_SIGNATURE] => 
    [HTTP_COOKIE] => _ga=GA1.2.436393874.1748925959; _ga_HE2HZGS8HL=GS2.2.s1748925959$o1$g1$t1748925959$j60$l0$h0
    [HTTP_PRIORITY] => u=0, i
    [HTTP_ACCEPT_LANGUAGE] => ja,en;q=0.9,en-GB;q=0.8,en-US;q=0.7
    [HTTP_REFERER] => https://secure.telecomcredit.co.jp/
    [HTTP_SEC_CH_UA_PLATFORM] => "Windows"
    [HTTP_SEC_CH_UA_MOBILE] => ?0
    [HTTP_SEC_CH_UA] => "Not;A=Brand";v="99", "Microsoft Edge";v="139", "Chromium";v="139"
    [HTTP_SEC_FETCH_DEST] => document
    [HTTP_SEC_FETCH_MODE] => navigate
    [HTTP_SEC_FETCH_SITE] => cross-site
    [HTTP_ACCEPT] => text/html,application/xhtml+xml,application/xml;q=0.9,image/avif,image/webp,image/apng,*/*;q=0.8,application/signed-exchange;v=b3;q=0.7
    [HTTP_USER_AGENT] => Mozilla/5.0 (Windows NT 10.0; Win64; x64) AppleWebKit/537.36 (KHTML, like Gecko) Chrome/139.0.0.0 Safari/537.36 Edg/139.0.0.0
    [HTTP_UPGRADE_INSECURE_REQUESTS] => 1
    [HTTP_CACHE_CONTROL] => max-age=0
    [HTTP_CONNECTION] => close
    [HTTP_X_FILE_TYPE] => normal
    [HTTP_X_UA_DEVICE] => pc
    [HTTP_X_FAILURE_CACHE_TIME] => 0
    [HTTP_X_ACCEL_EXPIRES] => 60
    [HTTP_X_WP_ACCESS] => 0
    [HTTP_X_SERVER_ADDRESS] => 103.141.97.55
    [HTTP_X_REAL_IP] => 49.109.147.218
    [HTTP_X_FORWARDED_SSL] => on
    [HTTP_X_FORWARDED_PORT] => 443
    [HTTP_X_FORWARDED_HOST] => school.heartf.com
    [HTTP_X_FORWARDED_PROTO] => https
    [HTTP_X_FORWARDED_FOR] => 49.109.147.218
    [HTTP_HOST] => school.heartf.com
    [Ngx_Cache_StaticMode] => 1
    [Ngx_Cache_NormalFile] => 1
    [FailureCacheTime] => 0
    [HTTPS] => on
    [UNIQUE_ID] => aK2XAH-3KqMOBjY6YLXHxAAAAnI
    [MEF_PROXY_ADDR] => 103.141.97.55
    [FCGI_ROLE] => RESPONDER
    [PHP_SELF] => /kanaeru/rep.php
    [REQUEST_TIME_FLOAT] => 1756206848.205
    [REQUEST_TIME] => 1756206848
)

Generated hash data: 25:item_jp_new_100:txn_68ad96d1597b55.29103092_8024_1756206801:1756206848:lionking
Hash: bea22bc1b6493c1ce8771e809fd2e1fed95066d3d8b04af6c3acbda41571584bAPI Response: API Success: Redirecting to thanks pageUser Environment Info:
IP Address: 118.111.33.8
Host Name / Provider: flh4-118-111-33-8.tky.mesh.ad.jp
User Agent: Mozilla/5.0 (Windows NT 10.0; Win64; x64) AppleWebKit/537.36 (KHTML, like Gecko) Chrome/139.0.0.0 Safari/537.36 Edg/139.0.0.0
Server Info: Array
(
    [PATH] => /usr/local/sbin:/usr/local/bin:/usr/sbin:/usr/bin
    [PWD] => /home/userfastcgi/heartf/heartf.com
    [SHLVL] => 0
    [SCRIPT_NAME] => /kanaeru/rep.php
    [REQUEST_URI] => /kanaeru/rep.php?user_id=25&price=5500&item_name=item_jp_new_100&transaction_id=txn_68b6bb89e98bb0.00144048_4798_1756806025&callback=my
    [QUERY_STRING] => user_id=25&price=5500&item_name=item_jp_new_100&transaction_id=txn_68b6bb89e98bb0.00144048_4798_1756806025&callback=my
    [REQUEST_METHOD] => GET
    [SERVER_PROTOCOL] => HTTP/1.1
    [GATEWAY_INTERFACE] => CGI/1.1
    [REMOTE_PORT] => 42022
    [SCRIPT_FILENAME] => /home/heartf/heartf.com/public_html/school/kanaeru/rep.php
    [SERVER_ADMIN] => webmaster@heartf.com
    [CONTEXT_DOCUMENT_ROOT] => /home/heartf/heartf.com/public_html/school
    [CONTEXT_PREFIX] => 
    [REQUEST_SCHEME] => https
    [DOCUMENT_ROOT] => /home/heartf/heartf.com/public_html/school
    [REMOTE_ADDR] => 118.111.33.8
    [SERVER_PORT] => 443
    [SERVER_ADDR] => 103.141.97.55
    [SERVER_NAME] => school.heartf.com
    [SERVER_SOFTWARE] => Apache
    [SERVER_SIGNATURE] => 
    [HTTP_COOKIE] => _ga=GA1.2.436393874.1748925959; _ga_HE2HZGS8HL=GS2.2.s1748925959$o1$g1$t1748925959$j60$l0$h0
    [HTTP_PRIORITY] => u=0, i
    [HTTP_ACCEPT_LANGUAGE] => ja,en;q=0.9,en-GB;q=0.8,en-US;q=0.7
    [HTTP_REFERER] => https://secure.telecomcredit.co.jp/
    [HTTP_SEC_CH_UA_PLATFORM] => "Windows"
    [HTTP_SEC_CH_UA_MOBILE] => ?0
    [HTTP_SEC_CH_UA] => "Not;A=Brand";v="99", "Microsoft Edge";v="139", "Chromium";v="139"
    [HTTP_SEC_FETCH_DEST] => document
    [HTTP_SEC_FETCH_MODE] => navigate
    [HTTP_SEC_FETCH_SITE] => cross-site
    [HTTP_ACCEPT] => text/html,application/xhtml+xml,application/xml;q=0.9,image/avif,image/webp,image/apng,*/*;q=0.8,application/signed-exchange;v=b3;q=0.7
    [HTTP_USER_AGENT] => Mozilla/5.0 (Windows NT 10.0; Win64; x64) AppleWebKit/537.36 (KHTML, like Gecko) Chrome/139.0.0.0 Safari/537.36 Edg/139.0.0.0
    [HTTP_UPGRADE_INSECURE_REQUESTS] => 1
    [HTTP_CACHE_CONTROL] => max-age=0
    [HTTP_CONNECTION] => close
    [HTTP_X_FILE_TYPE] => normal
    [HTTP_X_UA_DEVICE] => pc
    [HTTP_X_FAILURE_CACHE_TIME] => 0
    [HTTP_X_ACCEL_EXPIRES] => 60
    [HTTP_X_WP_ACCESS] => 0
    [HTTP_X_SERVER_ADDRESS] => 103.141.97.55
    [HTTP_X_REAL_IP] => 118.111.33.8
    [HTTP_X_FORWARDED_SSL] => on
    [HTTP_X_FORWARDED_PORT] => 443
    [HTTP_X_FORWARDED_HOST] => school.heartf.com
    [HTTP_X_FORWARDED_PROTO] => https
    [HTTP_X_FORWARDED_FOR] => 118.111.33.8
    [HTTP_HOST] => school.heartf.com
    [Ngx_Cache_StaticMode] => 1
    [Ngx_Cache_NormalFile] => 1
    [FailureCacheTime] => 0
    [HTTPS] => on
    [UNIQUE_ID] => aLa7wbV_Wtzm4ohLd9MULAAAAXc
    [MEF_PROXY_ADDR] => 103.141.97.55
    [FCGI_ROLE] => RESPONDER
    [PHP_SELF] => /kanaeru/rep.php
    [REQUEST_TIME_FLOAT] => 1756806081.1291
    [REQUEST_TIME] => 1756806081
)

Generated hash data: 25:item_jp_new_100:txn_68b6bb89e98bb0.00144048_4798_1756806025:1756806081:lionking
Hash: b60f24c6ed4b3c296eaf1037e1875db8d109f48ff97c970e086d9874ec7fd42dAPI Response: API Success: Redirecting to thanks pageUser Environment Info:
IP Address: 49.109.155.27
Host Name / Provider: sp49-109-155-27.tck02.spmode.ne.jp
User Agent: Mozilla/5.0 (Windows NT 10.0; Win64; x64) AppleWebKit/537.36 (KHTML, like Gecko) Chrome/140.0.0.0 Safari/537.36 Edg/140.0.0.0
Server Info: Array
(
    [PATH] => /usr/local/sbin:/usr/local/bin:/usr/sbin:/usr/bin
    [PWD] => /home/userfastcgi/heartf/heartf.com
    [SHLVL] => 0
    [SCRIPT_NAME] => /kanaeru/rep.php
    [REQUEST_URI] => /kanaeru/rep.php?user_id=25&price=5500&item_name=item_jp_new_100&transaction_id=txn_68bffe3a9d2374.50885151_9053_1757412922&callback=my
    [QUERY_STRING] => user_id=25&price=5500&item_name=item_jp_new_100&transaction_id=txn_68bffe3a9d2374.50885151_9053_1757412922&callback=my
    [REQUEST_METHOD] => GET
    [SERVER_PROTOCOL] => HTTP/1.1
    [GATEWAY_INTERFACE] => CGI/1.1
    [REMOTE_PORT] => 33816
    [SCRIPT_FILENAME] => /home/heartf/heartf.com/public_html/school/kanaeru/rep.php
    [SERVER_ADMIN] => webmaster@heartf.com
    [CONTEXT_DOCUMENT_ROOT] => /home/heartf/heartf.com/public_html/school
    [CONTEXT_PREFIX] => 
    [REQUEST_SCHEME] => https
    [DOCUMENT_ROOT] => /home/heartf/heartf.com/public_html/school
    [REMOTE_ADDR] => 49.109.155.27
    [SERVER_PORT] => 443
    [SERVER_ADDR] => 103.141.97.55
    [SERVER_NAME] => school.heartf.com
    [SERVER_SOFTWARE] => Apache
    [SERVER_SIGNATURE] => 
    [HTTP_COOKIE] => _ga=GA1.2.436393874.1748925959; _ga_HE2HZGS8HL=GS2.2.s1757032045$o2$g1$t1757032086$j19$l0$h0
    [HTTP_PRIORITY] => u=0, i
    [HTTP_ACCEPT_LANGUAGE] => ja,en;q=0.9,en-GB;q=0.8,en-US;q=0.7
    [HTTP_REFERER] => https://secure.telecomcredit.co.jp/
    [HTTP_SEC_CH_UA_PLATFORM] => "Windows"
    [HTTP_SEC_CH_UA_MOBILE] => ?0
    [HTTP_SEC_CH_UA] => "Chromium";v="140", "Not=A?Brand";v="24", "Microsoft Edge";v="140"
    [HTTP_SEC_FETCH_DEST] => document
    [HTTP_SEC_FETCH_MODE] => navigate
    [HTTP_SEC_FETCH_SITE] => cross-site
    [HTTP_ACCEPT] => text/html,application/xhtml+xml,application/xml;q=0.9,image/avif,image/webp,image/apng,*/*;q=0.8,application/signed-exchange;v=b3;q=0.7
    [HTTP_USER_AGENT] => Mozilla/5.0 (Windows NT 10.0; Win64; x64) AppleWebKit/537.36 (KHTML, like Gecko) Chrome/140.0.0.0 Safari/537.36 Edg/140.0.0.0
    [HTTP_UPGRADE_INSECURE_REQUESTS] => 1
    [HTTP_CACHE_CONTROL] => max-age=0
    [HTTP_CONNECTION] => close
    [HTTP_X_FILE_TYPE] => normal
    [HTTP_X_UA_DEVICE] => pc
    [HTTP_X_FAILURE_CACHE_TIME] => 0
    [HTTP_X_ACCEL_EXPIRES] => 60
    [HTTP_X_WP_ACCESS] => 0
    [HTTP_X_SERVER_ADDRESS] => 103.141.97.55
    [HTTP_X_REAL_IP] => 49.109.155.27
    [HTTP_X_FORWARDED_SSL] => on
    [HTTP_X_FORWARDED_PORT] => 443
    [HTTP_X_FORWARDED_HOST] => school.heartf.com
    [HTTP_X_FORWARDED_PROTO] => https
    [HTTP_X_FORWARDED_FOR] => 49.109.155.27
    [HTTP_HOST] => school.heartf.com
    [Ngx_Cache_StaticMode] => 1
    [Ngx_Cache_NormalFile] => 1
    [FailureCacheTime] => 0
    [HTTPS] => on
    [UNIQUE_ID] => aL_-cYB-WUU38mXIVLZadQAAAEQ
    [MEF_PROXY_ADDR] => 103.141.97.55
    [FCGI_ROLE] => RESPONDER
    [PHP_SELF] => /kanaeru/rep.php
    [REQUEST_TIME_FLOAT] => 1757412977.6329
    [REQUEST_TIME] => 1757412977
)

Generated hash data: 25:item_jp_new_100:txn_68bffe3a9d2374.50885151_9053_1757412922:1757412977:lionking
Hash: 5b328d4093d1f3080e0937ee8335b2016091b717d3a9762bc52e7e096a2c6f4cAPI Response: API Success: Redirecting to thanks pageUser Environment Info:
IP Address: 49.109.149.134
Host Name / Provider: sp49-109-149-134.tck02.spmode.ne.jp
User Agent: Mozilla/5.0 (Windows NT 10.0; Win64; x64) AppleWebKit/537.36 (KHTML, like Gecko) Chrome/140.0.0.0 Safari/537.36 Edg/140.0.0.0
Server Info: Array
(
    [PATH] => /usr/local/sbin:/usr/local/bin:/usr/sbin:/usr/bin
    [PWD] => /home/userfastcgi/heartf/heartf.com
    [SHLVL] => 0
    [SCRIPT_NAME] => /kanaeru/rep.php
    [REQUEST_URI] => /kanaeru/rep.php?user_id=25&price=5500&item_name=item_jp_new_100&transaction_id=txn_68c3e3151b5929.59126126_5940_1757668117&callback=my
    [QUERY_STRING] => user_id=25&price=5500&item_name=item_jp_new_100&transaction_id=txn_68c3e3151b5929.59126126_5940_1757668117&callback=my
    [REQUEST_METHOD] => GET
    [SERVER_PROTOCOL] => HTTP/1.1
    [GATEWAY_INTERFACE] => CGI/1.1
    [REMOTE_PORT] => 43612
    [SCRIPT_FILENAME] => /home/heartf/heartf.com/public_html/school/kanaeru/rep.php
    [SERVER_ADMIN] => webmaster@heartf.com
    [CONTEXT_DOCUMENT_ROOT] => /home/heartf/heartf.com/public_html/school
    [CONTEXT_PREFIX] => 
    [REQUEST_SCHEME] => https
    [DOCUMENT_ROOT] => /home/heartf/heartf.com/public_html/school
    [REMOTE_ADDR] => 49.109.149.134
    [SERVER_PORT] => 443
    [SERVER_ADDR] => 103.141.97.55
    [SERVER_NAME] => school.heartf.com
    [SERVER_SOFTWARE] => Apache
    [SERVER_SIGNATURE] => 
    [HTTP_COOKIE] => _ga=GA1.2.436393874.1748925959; _ga_HE2HZGS8HL=GS2.2.s1757032045$o2$g1$t1757032086$j19$l0$h0
    [HTTP_PRIORITY] => u=0, i
    [HTTP_ACCEPT_LANGUAGE] => ja,en;q=0.9,en-GB;q=0.8,en-US;q=0.7
    [HTTP_REFERER] => https://secure.telecomcredit.co.jp/
    [HTTP_SEC_CH_UA_PLATFORM] => "Windows"
    [HTTP_SEC_CH_UA_MOBILE] => ?0
    [HTTP_SEC_CH_UA] => "Chromium";v="140", "Not=A?Brand";v="24", "Microsoft Edge";v="140"
    [HTTP_SEC_FETCH_DEST] => document
    [HTTP_SEC_FETCH_MODE] => navigate
    [HTTP_SEC_FETCH_SITE] => cross-site
    [HTTP_ACCEPT] => text/html,application/xhtml+xml,application/xml;q=0.9,image/avif,image/webp,image/apng,*/*;q=0.8,application/signed-exchange;v=b3;q=0.7
    [HTTP_USER_AGENT] => Mozilla/5.0 (Windows NT 10.0; Win64; x64) AppleWebKit/537.36 (KHTML, like Gecko) Chrome/140.0.0.0 Safari/537.36 Edg/140.0.0.0
    [HTTP_UPGRADE_INSECURE_REQUESTS] => 1
    [HTTP_CACHE_CONTROL] => max-age=0
    [HTTP_CONNECTION] => close
    [HTTP_X_FILE_TYPE] => normal
    [HTTP_X_UA_DEVICE] => pc
    [HTTP_X_FAILURE_CACHE_TIME] => 0
    [HTTP_X_ACCEL_EXPIRES] => 60
    [HTTP_X_WP_ACCESS] => 0
    [HTTP_X_SERVER_ADDRESS] => 103.141.97.55
    [HTTP_X_REAL_IP] => 49.109.149.134
    [HTTP_X_FORWARDED_SSL] => on
    [HTTP_X_FORWARDED_PORT] => 443
    [HTTP_X_FORWARDED_HOST] => school.heartf.com
    [HTTP_X_FORWARDED_PROTO] => https
    [HTTP_X_FORWARDED_FOR] => 49.109.149.134
    [HTTP_HOST] => school.heartf.com
    [Ngx_Cache_StaticMode] => 1
    [Ngx_Cache_NormalFile] => 1
    [FailureCacheTime] => 0
    [HTTPS] => on
    [UNIQUE_ID] => aMPjS_JN_tKUqwzpEHksHgAAAQQ
    [MEF_PROXY_ADDR] => 103.141.97.55
    [FCGI_ROLE] => RESPONDER
    [PHP_SELF] => /kanaeru/rep.php
    [REQUEST_TIME_FLOAT] => 1757668171.7236
    [REQUEST_TIME] => 1757668171
)

Generated hash data: 25:item_jp_new_100:txn_68c3e3151b5929.59126126_5940_1757668117:1757668171:lionking
Hash: 30662c101e0ff5ab8d17d6bf81bc2b120a17fb0ed76c09e9c061fcfb94dac8c8API Response: API Success: Redirecting to thanks pageUser Environment Info:
IP Address: 49.109.129.158
Host Name / Provider: sp49-109-129-158.tck02.spmode.ne.jp
User Agent: Mozilla/5.0 (Windows NT 10.0; Win64; x64) AppleWebKit/537.36 (KHTML, like Gecko) Chrome/140.0.0.0 Safari/537.36 Edg/140.0.0.0
Server Info: Array
(
    [PATH] => /usr/local/sbin:/usr/local/bin:/usr/sbin:/usr/bin
    [PWD] => /home/userfastcgi/heartf/heartf.com
    [SHLVL] => 0
    [SCRIPT_NAME] => /kanaeru/rep.php
    [REQUEST_URI] => /kanaeru/rep.php?user_id=25&price=5500&item_name=item_jp_new_100&transaction_id=txn_68cbd42161de75.80325197_1830_1758188577&callback=my
    [QUERY_STRING] => user_id=25&price=5500&item_name=item_jp_new_100&transaction_id=txn_68cbd42161de75.80325197_1830_1758188577&callback=my
    [REQUEST_METHOD] => GET
    [SERVER_PROTOCOL] => HTTP/1.1
    [GATEWAY_INTERFACE] => CGI/1.1
    [REMOTE_PORT] => 42154
    [SCRIPT_FILENAME] => /home/heartf/heartf.com/public_html/school/kanaeru/rep.php
    [SERVER_ADMIN] => webmaster@heartf.com
    [CONTEXT_DOCUMENT_ROOT] => /home/heartf/heartf.com/public_html/school
    [CONTEXT_PREFIX] => 
    [REQUEST_SCHEME] => https
    [DOCUMENT_ROOT] => /home/heartf/heartf.com/public_html/school
    [REMOTE_ADDR] => 49.109.129.158
    [SERVER_PORT] => 443
    [SERVER_ADDR] => 103.141.97.55
    [SERVER_NAME] => school.heartf.com
    [SERVER_SOFTWARE] => Apache
    [SERVER_SIGNATURE] => 
    [HTTP_COOKIE] => _ga=GA1.2.436393874.1748925959; _ga_HE2HZGS8HL=GS2.2.s1757032045$o2$g1$t1757032086$j19$l0$h0
    [HTTP_PRIORITY] => u=0, i
    [HTTP_ACCEPT_LANGUAGE] => ja,en;q=0.9,en-GB;q=0.8,en-US;q=0.7
    [HTTP_REFERER] => https://secure.telecomcredit.co.jp/
    [HTTP_SEC_CH_UA_PLATFORM] => "Windows"
    [HTTP_SEC_CH_UA_MOBILE] => ?0
    [HTTP_SEC_CH_UA] => "Chromium";v="140", "Not=A?Brand";v="24", "Microsoft Edge";v="140"
    [HTTP_SEC_FETCH_DEST] => document
    [HTTP_SEC_FETCH_MODE] => navigate
    [HTTP_SEC_FETCH_SITE] => cross-site
    [HTTP_ACCEPT] => text/html,application/xhtml+xml,application/xml;q=0.9,image/avif,image/webp,image/apng,*/*;q=0.8,application/signed-exchange;v=b3;q=0.7
    [HTTP_USER_AGENT] => Mozilla/5.0 (Windows NT 10.0; Win64; x64) AppleWebKit/537.36 (KHTML, like Gecko) Chrome/140.0.0.0 Safari/537.36 Edg/140.0.0.0
    [HTTP_UPGRADE_INSECURE_REQUESTS] => 1
    [HTTP_CACHE_CONTROL] => max-age=0
    [HTTP_CONNECTION] => close
    [HTTP_X_FILE_TYPE] => normal
    [HTTP_X_UA_DEVICE] => pc
    [HTTP_X_FAILURE_CACHE_TIME] => 0
    [HTTP_X_ACCEL_EXPIRES] => 60
    [HTTP_X_WP_ACCESS] => 0
    [HTTP_X_SERVER_ADDRESS] => 103.141.97.55
    [HTTP_X_REAL_IP] => 49.109.129.158
    [HTTP_X_FORWARDED_SSL] => on
    [HTTP_X_FORWARDED_PORT] => 443
    [HTTP_X_FORWARDED_HOST] => school.heartf.com
    [HTTP_X_FORWARDED_PROTO] => https
    [HTTP_X_FORWARDED_FOR] => 49.109.129.158
    [HTTP_HOST] => school.heartf.com
    [Ngx_Cache_StaticMode] => 1
    [Ngx_Cache_NormalFile] => 1
    [FailureCacheTime] => 0
    [HTTPS] => on
    [UNIQUE_ID] => aMvUS4KmmYd6zTzfOOvrTAAAAEs
    [MEF_PROXY_ADDR] => 103.141.97.55
    [FCGI_ROLE] => RESPONDER
    [PHP_SELF] => /kanaeru/rep.php
    [REQUEST_TIME_FLOAT] => 1758188619.8171
    [REQUEST_TIME] => 1758188619
)

Generated hash data: 25:item_jp_new_100:txn_68cbd42161de75.80325197_1830_1758188577:1758188619:lionking
Hash: 721390b5224aa7f7b1161a9edf8a5dbcd95c10c9d3b1c4e8a4b06620a6a4f852API Response: API Success: Redirecting to thanks pageUser Environment Info:
IP Address: 126.147.250.39
Host Name / Provider: softbank126147250039.bbtec.net
User Agent: Mozilla/5.0 (iPhone; CPU iPhone OS 18_6_2 like Mac OS X) AppleWebKit/605.1.15 (KHTML, like Gecko) Mobile/15E148 Safari Line/15.15.1
Server Info: Array
(
    [PATH] => /usr/local/sbin:/usr/local/bin:/usr/sbin:/usr/bin
    [PWD] => /home/userfastcgi/heartf/heartf.com
    [SHLVL] => 0
    [SCRIPT_NAME] => /kanaeru/rep.php
    [REQUEST_URI] => /kanaeru/rep.php?user_id=56&price=660&item_name=item_jp_new_12&transaction_id=txn_68d21734632772.20248180_7503_1758598964&callback=tq
    [QUERY_STRING] => user_id=56&price=660&item_name=item_jp_new_12&transaction_id=txn_68d21734632772.20248180_7503_1758598964&callback=tq
    [REQUEST_METHOD] => GET
    [SERVER_PROTOCOL] => HTTP/1.1
    [GATEWAY_INTERFACE] => CGI/1.1
    [REMOTE_PORT] => 45790
    [SCRIPT_FILENAME] => /home/heartf/heartf.com/public_html/school/kanaeru/rep.php
    [SERVER_ADMIN] => webmaster@heartf.com
    [CONTEXT_DOCUMENT_ROOT] => /home/heartf/heartf.com/public_html/school
    [CONTEXT_PREFIX] => 
    [REQUEST_SCHEME] => https
    [DOCUMENT_ROOT] => /home/heartf/heartf.com/public_html/school
    [REMOTE_ADDR] => 126.147.250.39
    [SERVER_PORT] => 443
    [SERVER_ADDR] => 103.141.97.55
    [SERVER_NAME] => school.heartf.com
    [SERVER_SOFTWARE] => Apache
    [SERVER_SIGNATURE] => 
    [HTTP_SEC_FETCH_DEST] => document
    [HTTP_ACCEPT_LANGUAGE] => ja
    [HTTP_USER_AGENT] => Mozilla/5.0 (iPhone; CPU iPhone OS 18_6_2 like Mac OS X) AppleWebKit/605.1.15 (KHTML, like Gecko) Mobile/15E148 Safari Line/15.15.1
    [HTTP_SEC_FETCH_MODE] => navigate
    [HTTP_REFERER] => https://secure.telecomcredit.co.jp/
    [HTTP_SEC_FETCH_SITE] => cross-site
    [HTTP_ACCEPT] => text/html,application/xhtml+xml,application/xml;q=0.9,*/*;q=0.8
    [HTTP_CONNECTION] => close
    [HTTP_X_FILE_TYPE] => normal
    [HTTP_X_UA_DEVICE] => smartphone
    [HTTP_X_FAILURE_CACHE_TIME] => 0
    [HTTP_X_ACCEL_EXPIRES] => 60
    [HTTP_X_WP_ACCESS] => 0
    [HTTP_X_SERVER_ADDRESS] => 103.141.97.55
    [HTTP_X_REAL_IP] => 126.147.250.39
    [HTTP_X_FORWARDED_SSL] => on
    [HTTP_X_FORWARDED_PORT] => 443
    [HTTP_X_FORWARDED_HOST] => school.heartf.com
    [HTTP_X_FORWARDED_PROTO] => https
    [HTTP_X_FORWARDED_FOR] => 126.147.250.39
    [HTTP_HOST] => school.heartf.com
    [Ngx_Cache_StaticMode] => 1
    [Ngx_Cache_NormalFile] => 1
    [FailureCacheTime] => 0
    [HTTPS] => on
    [UNIQUE_ID] => aNIYSkozek94hLgZdYb31AAAAhM
    [MEF_PROXY_ADDR] => 103.141.97.55
    [FCGI_ROLE] => RESPONDER
    [PHP_SELF] => /kanaeru/rep.php
    [REQUEST_TIME_FLOAT] => 1758599242.3526
    [REQUEST_TIME] => 1758599242
)

Generated hash data: 56:item_jp_new_12:txn_68d21734632772.20248180_7503_1758598964:1758599242:lionking
Hash: b3f141ecbd1d62d802812f5d7684ebef758c640a927ad2c0c824c31a7f1bb4d2API Response: API Success: Redirecting to thanks pageUser Environment Info:
IP Address: 49.109.153.77
Host Name / Provider: sp49-109-153-77.tck02.spmode.ne.jp
User Agent: Mozilla/5.0 (Windows NT 10.0; Win64; x64) AppleWebKit/537.36 (KHTML, like Gecko) Chrome/140.0.0.0 Safari/537.36 Edg/140.0.0.0
Server Info: Array
(
    [PATH] => /usr/local/sbin:/usr/local/bin:/usr/sbin:/usr/bin
    [PWD] => /home/userfastcgi/heartf/heartf.com
    [SHLVL] => 0
    [SCRIPT_NAME] => /kanaeru/rep.php
    [REQUEST_URI] => /kanaeru/rep.php?user_id=25&price=5500&item_name=item_jp_new_100&transaction_id=txn_68d3bb12497de6.47575729_5004_1758706450&callback=my
    [QUERY_STRING] => user_id=25&price=5500&item_name=item_jp_new_100&transaction_id=txn_68d3bb12497de6.47575729_5004_1758706450&callback=my
    [REQUEST_METHOD] => GET
    [SERVER_PROTOCOL] => HTTP/1.1
    [GATEWAY_INTERFACE] => CGI/1.1
    [REMOTE_PORT] => 44710
    [SCRIPT_FILENAME] => /home/heartf/heartf.com/public_html/school/kanaeru/rep.php
    [SERVER_ADMIN] => webmaster@heartf.com
    [CONTEXT_DOCUMENT_ROOT] => /home/heartf/heartf.com/public_html/school
    [CONTEXT_PREFIX] => 
    [REQUEST_SCHEME] => https
    [DOCUMENT_ROOT] => /home/heartf/heartf.com/public_html/school
    [REMOTE_ADDR] => 49.109.153.77
    [SERVER_PORT] => 443
    [SERVER_ADDR] => 103.141.97.55
    [SERVER_NAME] => school.heartf.com
    [SERVER_SOFTWARE] => Apache
    [SERVER_SIGNATURE] => 
    [HTTP_COOKIE] => _ga=GA1.2.436393874.1748925959; _ga_HE2HZGS8HL=GS2.2.s1757032045$o2$g1$t1757032086$j19$l0$h0
    [HTTP_PRIORITY] => u=0, i
    [HTTP_ACCEPT_LANGUAGE] => ja,en;q=0.9,en-GB;q=0.8,en-US;q=0.7
    [HTTP_REFERER] => https://secure.telecomcredit.co.jp/
    [HTTP_SEC_CH_UA_PLATFORM] => "Windows"
    [HTTP_SEC_CH_UA_MOBILE] => ?0
    [HTTP_SEC_CH_UA] => "Chromium";v="140", "Not=A?Brand";v="24", "Microsoft Edge";v="140"
    [HTTP_SEC_FETCH_DEST] => document
    [HTTP_SEC_FETCH_MODE] => navigate
    [HTTP_SEC_FETCH_SITE] => cross-site
    [HTTP_ACCEPT] => text/html,application/xhtml+xml,application/xml;q=0.9,image/avif,image/webp,image/apng,*/*;q=0.8,application/signed-exchange;v=b3;q=0.7
    [HTTP_USER_AGENT] => Mozilla/5.0 (Windows NT 10.0; Win64; x64) AppleWebKit/537.36 (KHTML, like Gecko) Chrome/140.0.0.0 Safari/537.36 Edg/140.0.0.0
    [HTTP_UPGRADE_INSECURE_REQUESTS] => 1
    [HTTP_CACHE_CONTROL] => max-age=0
    [HTTP_CONNECTION] => close
    [HTTP_X_FILE_TYPE] => normal
    [HTTP_X_UA_DEVICE] => pc
    [HTTP_X_FAILURE_CACHE_TIME] => 0
    [HTTP_X_ACCEL_EXPIRES] => 60
    [HTTP_X_WP_ACCESS] => 0
    [HTTP_X_SERVER_ADDRESS] => 103.141.97.55
    [HTTP_X_REAL_IP] => 49.109.153.77
    [HTTP_X_FORWARDED_SSL] => on
    [HTTP_X_FORWARDED_PORT] => 443
    [HTTP_X_FORWARDED_HOST] => school.heartf.com
    [HTTP_X_FORWARDED_PROTO] => https
    [HTTP_X_FORWARDED_FOR] => 49.109.153.77
    [HTTP_HOST] => school.heartf.com
    [Ngx_Cache_StaticMode] => 1
    [Ngx_Cache_NormalFile] => 1
    [FailureCacheTime] => 0
    [HTTPS] => on
    [UNIQUE_ID] => aNO7RDX6Fz1M-oFSL5aqzgAAAhc
    [MEF_PROXY_ADDR] => 103.141.97.55
    [FCGI_ROLE] => RESPONDER
    [PHP_SELF] => /kanaeru/rep.php
    [REQUEST_TIME_FLOAT] => 1758706500.7979
    [REQUEST_TIME] => 1758706500
)

Generated hash data: 25:item_jp_new_100:txn_68d3bb12497de6.47575729_5004_1758706450:1758706500:lionking
Hash: f15fa42a62401702920ddafe9d42120d9568a4e7f33d80b9c4a42b290a1dbfcbAPI Response: API Success: Redirecting to thanks pageUser Environment Info:
IP Address: 61.25.36.154
Host Name / Provider: 61-25-36-154.rev.home.ne.jp
User Agent: Mozilla/5.0 (Linux; Android 10; K) AppleWebKit/537.36 (KHTML, like Gecko) Chrome/140.0.0.0 Mobile Safari/537.36
Server Info: Array
(
    [PATH] => /usr/local/sbin:/usr/local/bin:/usr/sbin:/usr/bin
    [PWD] => /home/userfastcgi/heartf/heartf.com
    [SHLVL] => 0
    [SCRIPT_NAME] => /kanaeru/rep.php
    [REQUEST_URI] => /kanaeru/rep.php?user_id=129&price=1650&item_name=item_jp_new_30&transaction_id=txn_68da58a3df04c5.33697572_4154_1759140003&callback=tq
    [QUERY_STRING] => user_id=129&price=1650&item_name=item_jp_new_30&transaction_id=txn_68da58a3df04c5.33697572_4154_1759140003&callback=tq
    [REQUEST_METHOD] => GET
    [SERVER_PROTOCOL] => HTTP/1.1
    [GATEWAY_INTERFACE] => CGI/1.1
    [REMOTE_PORT] => 59236
    [SCRIPT_FILENAME] => /home/heartf/heartf.com/public_html/school/kanaeru/rep.php
    [SERVER_ADMIN] => webmaster@heartf.com
    [CONTEXT_DOCUMENT_ROOT] => /home/heartf/heartf.com/public_html/school
    [CONTEXT_PREFIX] => 
    [REQUEST_SCHEME] => https
    [DOCUMENT_ROOT] => /home/heartf/heartf.com/public_html/school
    [REMOTE_ADDR] => 61.25.36.154
    [SERVER_PORT] => 443
    [SERVER_ADDR] => 103.141.97.55
    [SERVER_NAME] => school.heartf.com
    [SERVER_SOFTWARE] => Apache
    [SERVER_SIGNATURE] => 
    [HTTP_PRIORITY] => u=0, i
    [HTTP_ACCEPT_LANGUAGE] => ja-JP,ja;q=0.9,en-US;q=0.8,en;q=0.7
    [HTTP_REFERER] => https://secure.telecomcredit.co.jp/
    [HTTP_SEC_CH_UA_PLATFORM] => "Android"
    [HTTP_SEC_CH_UA_MOBILE] => ?1
    [HTTP_SEC_CH_UA] => "Chromium";v="140", "Not=A?Brand";v="24", "Google Chrome";v="140"
    [HTTP_SEC_FETCH_DEST] => document
    [HTTP_SEC_FETCH_MODE] => navigate
    [HTTP_SEC_FETCH_SITE] => cross-site
    [HTTP_ACCEPT] => text/html,application/xhtml+xml,application/xml;q=0.9,image/avif,image/webp,image/apng,*/*;q=0.8,application/signed-exchange;v=b3;q=0.7
    [HTTP_USER_AGENT] => Mozilla/5.0 (Linux; Android 10; K) AppleWebKit/537.36 (KHTML, like Gecko) Chrome/140.0.0.0 Mobile Safari/537.36
    [HTTP_UPGRADE_INSECURE_REQUESTS] => 1
    [HTTP_CACHE_CONTROL] => max-age=0
    [HTTP_CONNECTION] => close
    [HTTP_X_FILE_TYPE] => normal
    [HTTP_X_UA_DEVICE] => smartphone
    [HTTP_X_FAILURE_CACHE_TIME] => 0
    [HTTP_X_ACCEL_EXPIRES] => 60
    [HTTP_X_WP_ACCESS] => 0
    [HTTP_X_SERVER_ADDRESS] => 103.141.97.55
    [HTTP_X_REAL_IP] => 61.25.36.154
    [HTTP_X_FORWARDED_SSL] => on
    [HTTP_X_FORWARDED_PORT] => 443
    [HTTP_X_FORWARDED_HOST] => school.heartf.com
    [HTTP_X_FORWARDED_PROTO] => https
    [HTTP_X_FORWARDED_FOR] => 61.25.36.154
    [HTTP_HOST] => school.heartf.com
    [Ngx_Cache_StaticMode] => 1
    [Ngx_Cache_NormalFile] => 1
    [FailureCacheTime] => 0
    [HTTPS] => on
    [UNIQUE_ID] => aNpZTiJWD2Y4IWpXA5gwYAAAAZ4
    [MEF_PROXY_ADDR] => 103.141.97.55
    [FCGI_ROLE] => RESPONDER
    [PHP_SELF] => /kanaeru/rep.php
    [REQUEST_TIME_FLOAT] => 1759140174.7557
    [REQUEST_TIME] => 1759140174
)

Generated hash data: 129:item_jp_new_30:txn_68da58a3df04c5.33697572_4154_1759140003:1759140174:lionking
Hash: 037ad85e3f51c483c5ec1aba1bcbd78f6372cce472007823ac76bb17372eb057API Response: API Success: Redirecting to thanks pageUser Environment Info:
IP Address: 153.210.236.84
Host Name / Provider: p2257084-ipxg07601akatuka.ibaraki.ocn.ne.jp
User Agent: Mozilla/5.0 (iPhone; CPU iPhone OS 18_3_2 like Mac OS X) AppleWebKit/605.1.15 (KHTML, like Gecko) Version/18.3.1 Mobile/15E148 Safari/604.1
Server Info: Array
(
    [PATH] => /usr/local/sbin:/usr/local/bin:/usr/sbin:/usr/bin
    [PWD] => /home/userfastcgi/heartf/heartf.com
    [SHLVL] => 0
    [SCRIPT_NAME] => /kanaeru/rep.php
    [REQUEST_URI] => /kanaeru/rep.php?user_id=149&price=660&item_name=item_jp_new_12&transaction_id=txn_68db65b3465573.66047163_4018_1759208883&callback=tq
    [QUERY_STRING] => user_id=149&price=660&item_name=item_jp_new_12&transaction_id=txn_68db65b3465573.66047163_4018_1759208883&callback=tq
    [REQUEST_METHOD] => GET
    [SERVER_PROTOCOL] => HTTP/1.1
    [GATEWAY_INTERFACE] => CGI/1.1
    [REMOTE_PORT] => 46828
    [SCRIPT_FILENAME] => /home/heartf/heartf.com/public_html/school/kanaeru/rep.php
    [SERVER_ADMIN] => webmaster@heartf.com
    [CONTEXT_DOCUMENT_ROOT] => /home/heartf/heartf.com/public_html/school
    [CONTEXT_PREFIX] => 
    [REQUEST_SCHEME] => https
    [DOCUMENT_ROOT] => /home/heartf/heartf.com/public_html/school
    [REMOTE_ADDR] => 153.210.236.84
    [SERVER_PORT] => 443
    [SERVER_ADDR] => 103.141.97.55
    [SERVER_NAME] => school.heartf.com
    [SERVER_SOFTWARE] => Apache
    [SERVER_SIGNATURE] => 
    [HTTP_COOKIE] => _ga=GA1.2.834085039.1757227297; _ga_HE2HZGS8HL=GS2.2.s1759202767$o7$g1$t1759205324$j48$l0$h0; _gid=GA1.2.1314403941.1759125246; _ga_DN9TZ3Q2LG=GS2.1.s1759193253$o4$g1$t1759193955$j60$l0$h0; _ga_LX121NPD7K=GS2.1.s1759193253$o4$g1$t1759193955$j60$l0$h909392550; _ga_PWQM3ESTQV=GS2.1.s1757738645$o4$g1$t1757738702$j3$l0$h0; _ga_24KCBZETC9=GS2.1.s1757658546$o1$g0$t1757658546$j60$l0$h0
    [HTTP_SEC_FETCH_DEST] => document
    [HTTP_REFERER] => https://secure.telecomcredit.co.jp/
    [HTTP_ACCEPT_LANGUAGE] => ja
    [HTTP_USER_AGENT] => Mozilla/5.0 (iPhone; CPU iPhone OS 18_3_2 like Mac OS X) AppleWebKit/605.1.15 (KHTML, like Gecko) Version/18.3.1 Mobile/15E148 Safari/604.1
    [HTTP_SEC_FETCH_MODE] => navigate
    [HTTP_PRIORITY] => u=0, i
    [HTTP_SEC_FETCH_SITE] => cross-site
    [HTTP_ACCEPT] => text/html,application/xhtml+xml,application/xml;q=0.9,*/*;q=0.8
    [HTTP_CONNECTION] => close
    [HTTP_X_FILE_TYPE] => normal
    [HTTP_X_UA_DEVICE] => smartphone
    [HTTP_X_FAILURE_CACHE_TIME] => 0
    [HTTP_X_ACCEL_EXPIRES] => 60
    [HTTP_X_WP_ACCESS] => 0
    [HTTP_X_SERVER_ADDRESS] => 103.141.97.55
    [HTTP_X_REAL_IP] => 153.210.236.84
    [HTTP_X_FORWARDED_SSL] => on
    [HTTP_X_FORWARDED_PORT] => 443
    [HTTP_X_FORWARDED_HOST] => school.heartf.com
    [HTTP_X_FORWARDED_PROTO] => https
    [HTTP_X_FORWARDED_FOR] => 153.210.236.84
    [HTTP_HOST] => school.heartf.com
    [Ngx_Cache_StaticMode] => 1
    [Ngx_Cache_NormalFile] => 1
    [FailureCacheTime] => 0
    [HTTPS] => on
    [UNIQUE_ID] => aNtmE4h0afuMmJk2xq0lYwAAAcQ
    [MEF_PROXY_ADDR] => 103.141.97.55
    [FCGI_ROLE] => RESPONDER
    [PHP_SELF] => /kanaeru/rep.php
    [REQUEST_TIME_FLOAT] => 1759208979.3665
    [REQUEST_TIME] => 1759208979
)

Generated hash data: 149:item_jp_new_12:txn_68db65b3465573.66047163_4018_1759208883:1759208979:lionking
Hash: c3beebaf122aa41c3d91fb6fb4de8c8c4cf966fd4bb4a0be47e7b760e417b8feAPI Response: API Success: Redirecting to thanks pageUser Environment Info:
IP Address: 153.210.236.84
Host Name / Provider: p2257084-ipxg07601akatuka.ibaraki.ocn.ne.jp
User Agent: Mozilla/5.0 (iPhone; CPU iPhone OS 18_3_2 like Mac OS X) AppleWebKit/605.1.15 (KHTML, like Gecko) Version/18.3.1 Mobile/15E148 Safari/604.1
Server Info: Array
(
    [PATH] => /usr/local/sbin:/usr/local/bin:/usr/sbin:/usr/bin
    [PWD] => /home/userfastcgi/heartf/heartf.com
    [SHLVL] => 0
    [SCRIPT_NAME] => /kanaeru/rep.php
    [REQUEST_URI] => /kanaeru/rep.php?user_id=149&price=660&item_name=item_jp_new_12&transaction_id=txn_68db7d9f1a3755.20967910_5256_1759215007&callback=tq
    [QUERY_STRING] => user_id=149&price=660&item_name=item_jp_new_12&transaction_id=txn_68db7d9f1a3755.20967910_5256_1759215007&callback=tq
    [REQUEST_METHOD] => GET
    [SERVER_PROTOCOL] => HTTP/1.1
    [GATEWAY_INTERFACE] => CGI/1.1
    [REMOTE_PORT] => 57738
    [SCRIPT_FILENAME] => /home/heartf/heartf.com/public_html/school/kanaeru/rep.php
    [SERVER_ADMIN] => webmaster@heartf.com
    [CONTEXT_DOCUMENT_ROOT] => /home/heartf/heartf.com/public_html/school
    [CONTEXT_PREFIX] => 
    [REQUEST_SCHEME] => https
    [DOCUMENT_ROOT] => /home/heartf/heartf.com/public_html/school
    [REMOTE_ADDR] => 153.210.236.84
    [SERVER_PORT] => 443
    [SERVER_ADDR] => 103.141.97.55
    [SERVER_NAME] => school.heartf.com
    [SERVER_SOFTWARE] => Apache
    [SERVER_SIGNATURE] => 
    [HTTP_COOKIE] => _ga=GA1.2.834085039.1757227297; _ga_HE2HZGS8HL=GS2.2.s1759202767$o7$g1$t1759205324$j48$l0$h0; _gid=GA1.2.1314403941.1759125246; _ga_DN9TZ3Q2LG=GS2.1.s1759193253$o4$g1$t1759193955$j60$l0$h0; _ga_LX121NPD7K=GS2.1.s1759193253$o4$g1$t1759193955$j60$l0$h909392550; _ga_PWQM3ESTQV=GS2.1.s1757738645$o4$g1$t1757738702$j3$l0$h0; _ga_24KCBZETC9=GS2.1.s1757658546$o1$g0$t1757658546$j60$l0$h0
    [HTTP_SEC_FETCH_DEST] => document
    [HTTP_REFERER] => https://secure.telecomcredit.co.jp/
    [HTTP_ACCEPT_LANGUAGE] => ja
    [HTTP_USER_AGENT] => Mozilla/5.0 (iPhone; CPU iPhone OS 18_3_2 like Mac OS X) AppleWebKit/605.1.15 (KHTML, like Gecko) Version/18.3.1 Mobile/15E148 Safari/604.1
    [HTTP_SEC_FETCH_MODE] => navigate
    [HTTP_PRIORITY] => u=0, i
    [HTTP_SEC_FETCH_SITE] => cross-site
    [HTTP_ACCEPT] => text/html,application/xhtml+xml,application/xml;q=0.9,*/*;q=0.8
    [HTTP_CONNECTION] => close
    [HTTP_X_FILE_TYPE] => normal
    [HTTP_X_UA_DEVICE] => smartphone
    [HTTP_X_FAILURE_CACHE_TIME] => 0
    [HTTP_X_ACCEL_EXPIRES] => 60
    [HTTP_X_WP_ACCESS] => 0
    [HTTP_X_SERVER_ADDRESS] => 103.141.97.55
    [HTTP_X_REAL_IP] => 153.210.236.84
    [HTTP_X_FORWARDED_SSL] => on
    [HTTP_X_FORWARDED_PORT] => 443
    [HTTP_X_FORWARDED_HOST] => school.heartf.com
    [HTTP_X_FORWARDED_PROTO] => https
    [HTTP_X_FORWARDED_FOR] => 153.210.236.84
    [HTTP_HOST] => school.heartf.com
    [Ngx_Cache_StaticMode] => 1
    [Ngx_Cache_NormalFile] => 1
    [FailureCacheTime] => 0
    [HTTPS] => on
    [UNIQUE_ID] => aNt93Aer70uH4SZgWmdfRwAAALw
    [MEF_PROXY_ADDR] => 103.141.97.55
    [FCGI_ROLE] => RESPONDER
    [PHP_SELF] => /kanaeru/rep.php
    [REQUEST_TIME_FLOAT] => 1759215068.2617
    [REQUEST_TIME] => 1759215068
)

Generated hash data: 149:item_jp_new_12:txn_68db7d9f1a3755.20967910_5256_1759215007:1759215068:lionking
Hash: 5262d537170358185c35d09c0bcd3b6d8e9ea8bf4120d55f8ba9e3d5d3e0b87eAPI Response: API Success: Redirecting to thanks pageUser Environment Info:
IP Address: 49.109.144.224
Host Name / Provider: sp49-109-144-224.tck02.spmode.ne.jp
User Agent: Mozilla/5.0 (Windows NT 10.0; Win64; x64) AppleWebKit/537.36 (KHTML, like Gecko) Chrome/140.0.0.0 Safari/537.36 Edg/140.0.0.0
Server Info: Array
(
    [PATH] => /usr/local/sbin:/usr/local/bin:/usr/sbin:/usr/bin
    [PWD] => /home/userfastcgi/heartf/heartf.com
    [SHLVL] => 0
    [SCRIPT_NAME] => /kanaeru/rep.php
    [REQUEST_URI] => /kanaeru/rep.php?user_id=25&price=5500&item_name=item_jp_new_100&transaction_id=txn_68dbac37517dc3.94695907_6754_1759226935&callback=my
    [QUERY_STRING] => user_id=25&price=5500&item_name=item_jp_new_100&transaction_id=txn_68dbac37517dc3.94695907_6754_1759226935&callback=my
    [REQUEST_METHOD] => GET
    [SERVER_PROTOCOL] => HTTP/1.1
    [GATEWAY_INTERFACE] => CGI/1.1
    [REMOTE_PORT] => 58922
    [SCRIPT_FILENAME] => /home/heartf/heartf.com/public_html/school/kanaeru/rep.php
    [SERVER_ADMIN] => webmaster@heartf.com
    [CONTEXT_DOCUMENT_ROOT] => /home/heartf/heartf.com/public_html/school
    [CONTEXT_PREFIX] => 
    [REQUEST_SCHEME] => https
    [DOCUMENT_ROOT] => /home/heartf/heartf.com/public_html/school
    [REMOTE_ADDR] => 49.109.144.224
    [SERVER_PORT] => 443
    [SERVER_ADDR] => 103.141.97.55
    [SERVER_NAME] => school.heartf.com
    [SERVER_SOFTWARE] => Apache
    [SERVER_SIGNATURE] => 
    [HTTP_COOKIE] => _ga=GA1.2.436393874.1748925959; _ga_HE2HZGS8HL=GS2.2.s1757032045$o2$g1$t1757032086$j19$l0$h0
    [HTTP_PRIORITY] => u=0, i
    [HTTP_ACCEPT_LANGUAGE] => ja,en;q=0.9,en-GB;q=0.8,en-US;q=0.7
    [HTTP_REFERER] => https://secure.telecomcredit.co.jp/
    [HTTP_SEC_CH_UA_PLATFORM] => "Windows"
    [HTTP_SEC_CH_UA_MOBILE] => ?0
    [HTTP_SEC_CH_UA] => "Chromium";v="140", "Not=A?Brand";v="24", "Microsoft Edge";v="140"
    [HTTP_SEC_FETCH_DEST] => document
    [HTTP_SEC_FETCH_MODE] => navigate
    [HTTP_SEC_FETCH_SITE] => cross-site
    [HTTP_ACCEPT] => text/html,application/xhtml+xml,application/xml;q=0.9,image/avif,image/webp,image/apng,*/*;q=0.8,application/signed-exchange;v=b3;q=0.7
    [HTTP_USER_AGENT] => Mozilla/5.0 (Windows NT 10.0; Win64; x64) AppleWebKit/537.36 (KHTML, like Gecko) Chrome/140.0.0.0 Safari/537.36 Edg/140.0.0.0
    [HTTP_UPGRADE_INSECURE_REQUESTS] => 1
    [HTTP_CACHE_CONTROL] => max-age=0
    [HTTP_CONNECTION] => close
    [HTTP_X_FILE_TYPE] => normal
    [HTTP_X_UA_DEVICE] => pc
    [HTTP_X_FAILURE_CACHE_TIME] => 0
    [HTTP_X_ACCEL_EXPIRES] => 60
    [HTTP_X_WP_ACCESS] => 0
    [HTTP_X_SERVER_ADDRESS] => 103.141.97.55
    [HTTP_X_REAL_IP] => 49.109.144.224
    [HTTP_X_FORWARDED_SSL] => on
    [HTTP_X_FORWARDED_PORT] => 443
    [HTTP_X_FORWARDED_HOST] => school.heartf.com
    [HTTP_X_FORWARDED_PROTO] => https
    [HTTP_X_FORWARDED_FOR] => 49.109.144.224
    [HTTP_HOST] => school.heartf.com
    [Ngx_Cache_StaticMode] => 1
    [Ngx_Cache_NormalFile] => 1
    [FailureCacheTime] => 0
    [HTTPS] => on
    [UNIQUE_ID] => aNusZfWhKAJZg0cHGvK6agAAAFc
    [MEF_PROXY_ADDR] => 103.141.97.55
    [FCGI_ROLE] => RESPONDER
    [PHP_SELF] => /kanaeru/rep.php
    [REQUEST_TIME_FLOAT] => 1759226981.1441
    [REQUEST_TIME] => 1759226981
)

Generated hash data: 25:item_jp_new_100:txn_68dbac37517dc3.94695907_6754_1759226935:1759226981:lionking
Hash: ed4157c926e77abb439855eb2c00391ece5d284cc649cddfc23e5801d31d0a64API Response: API Success: Redirecting to thanks pageUser Environment Info:
IP Address: 49.109.163.126
Host Name / Provider: sp49-109-163-126.tck02.spmode.ne.jp
User Agent: Mozilla/5.0 (Windows NT 10.0; Win64; x64) AppleWebKit/537.36 (KHTML, like Gecko) Chrome/140.0.0.0 Safari/537.36 Edg/140.0.0.0
Server Info: Array
(
    [PATH] => /usr/local/sbin:/usr/local/bin:/usr/sbin:/usr/bin
    [PWD] => /home/userfastcgi/heartf/heartf.com
    [SHLVL] => 0
    [SCRIPT_NAME] => /kanaeru/rep.php
    [REQUEST_URI] => /kanaeru/rep.php?user_id=25&price=5500&item_name=item_jp_new_100&transaction_id=txn_68df5f4a7b4c30.99962971_7786_1759469386&callback=my
    [QUERY_STRING] => user_id=25&price=5500&item_name=item_jp_new_100&transaction_id=txn_68df5f4a7b4c30.99962971_7786_1759469386&callback=my
    [REQUEST_METHOD] => GET
    [SERVER_PROTOCOL] => HTTP/1.1
    [GATEWAY_INTERFACE] => CGI/1.1
    [REMOTE_PORT] => 49238
    [SCRIPT_FILENAME] => /home/heartf/heartf.com/public_html/school/kanaeru/rep.php
    [SERVER_ADMIN] => webmaster@heartf.com
    [CONTEXT_DOCUMENT_ROOT] => /home/heartf/heartf.com/public_html/school
    [CONTEXT_PREFIX] => 
    [REQUEST_SCHEME] => https
    [DOCUMENT_ROOT] => /home/heartf/heartf.com/public_html/school
    [REMOTE_ADDR] => 49.109.163.126
    [SERVER_PORT] => 443
    [SERVER_ADDR] => 103.141.97.55
    [SERVER_NAME] => school.heartf.com
    [SERVER_SOFTWARE] => Apache
    [SERVER_SIGNATURE] => 
    [HTTP_COOKIE] => _ga=GA1.2.436393874.1748925959; _ga_HE2HZGS8HL=GS2.2.s1757032045$o2$g1$t1757032086$j19$l0$h0
    [HTTP_PRIORITY] => u=0, i
    [HTTP_ACCEPT_LANGUAGE] => ja,en;q=0.9,en-GB;q=0.8,en-US;q=0.7
    [HTTP_REFERER] => https://secure.telecomcredit.co.jp/
    [HTTP_SEC_CH_UA_PLATFORM] => "Windows"
    [HTTP_SEC_CH_UA_MOBILE] => ?0
    [HTTP_SEC_CH_UA] => "Chromium";v="140", "Not=A?Brand";v="24", "Microsoft Edge";v="140"
    [HTTP_SEC_FETCH_DEST] => document
    [HTTP_SEC_FETCH_MODE] => navigate
    [HTTP_SEC_FETCH_SITE] => cross-site
    [HTTP_ACCEPT] => text/html,application/xhtml+xml,application/xml;q=0.9,image/avif,image/webp,image/apng,*/*;q=0.8,application/signed-exchange;v=b3;q=0.7
    [HTTP_USER_AGENT] => Mozilla/5.0 (Windows NT 10.0; Win64; x64) AppleWebKit/537.36 (KHTML, like Gecko) Chrome/140.0.0.0 Safari/537.36 Edg/140.0.0.0
    [HTTP_UPGRADE_INSECURE_REQUESTS] => 1
    [HTTP_CACHE_CONTROL] => max-age=0
    [HTTP_CONNECTION] => close
    [HTTP_X_FILE_TYPE] => normal
    [HTTP_X_UA_DEVICE] => pc
    [HTTP_X_FAILURE_CACHE_TIME] => 0
    [HTTP_X_ACCEL_EXPIRES] => 60
    [HTTP_X_WP_ACCESS] => 0
    [HTTP_X_SERVER_ADDRESS] => 103.141.97.55
    [HTTP_X_REAL_IP] => 49.109.163.126
    [HTTP_X_FORWARDED_SSL] => on
    [HTTP_X_FORWARDED_PORT] => 443
    [HTTP_X_FORWARDED_HOST] => school.heartf.com
    [HTTP_X_FORWARDED_PROTO] => https
    [HTTP_X_FORWARDED_FOR] => 49.109.163.126
    [HTTP_HOST] => school.heartf.com
    [Ngx_Cache_StaticMode] => 1
    [Ngx_Cache_NormalFile] => 1
    [FailureCacheTime] => 0
    [HTTPS] => on
    [UNIQUE_ID] => aN9fdAJZDgjbfcQusO1-_wAAAXY
    [MEF_PROXY_ADDR] => 103.141.97.55
    [FCGI_ROLE] => RESPONDER
    [PHP_SELF] => /kanaeru/rep.php
    [REQUEST_TIME_FLOAT] => 1759469428.061
    [REQUEST_TIME] => 1759469428
)

Generated hash data: 25:item_jp_new_100:txn_68df5f4a7b4c30.99962971_7786_1759469386:1759469428:lionking
Hash: a92d1a8dedd1988f7b5b59d335bc12e606cb499577fbe3d5eac7b3c8087e96dfAPI Response: API Success: Redirecting to thanks pageUser Environment Info:
IP Address: 49.109.153.17
Host Name / Provider: sp49-109-153-17.tck02.spmode.ne.jp
User Agent: Mozilla/5.0 (Windows NT 10.0; Win64; x64) AppleWebKit/537.36 (KHTML, like Gecko) Chrome/141.0.0.0 Safari/537.36 Edg/141.0.0.0
Server Info: Array
(
    [PATH] => /usr/local/sbin:/usr/local/bin:/usr/sbin:/usr/bin
    [PWD] => /home/userfastcgi/heartf/heartf.com
    [SHLVL] => 0
    [SCRIPT_NAME] => /kanaeru/rep.php
    [REQUEST_URI] => /kanaeru/rep.php?user_id=25&price=5500&item_name=item_jp_new_100&transaction_id=txn_68ea29c5ea3376.21879102_6879_1760176581&callback=my
    [QUERY_STRING] => user_id=25&price=5500&item_name=item_jp_new_100&transaction_id=txn_68ea29c5ea3376.21879102_6879_1760176581&callback=my
    [REQUEST_METHOD] => GET
    [SERVER_PROTOCOL] => HTTP/1.1
    [GATEWAY_INTERFACE] => CGI/1.1
    [REMOTE_PORT] => 36780
    [SCRIPT_FILENAME] => /home/heartf/heartf.com/public_html/school/kanaeru/rep.php
    [SERVER_ADMIN] => webmaster@heartf.com
    [CONTEXT_DOCUMENT_ROOT] => /home/heartf/heartf.com/public_html/school
    [CONTEXT_PREFIX] => 
    [REQUEST_SCHEME] => https
    [DOCUMENT_ROOT] => /home/heartf/heartf.com/public_html/school
    [REMOTE_ADDR] => 49.109.153.17
    [SERVER_PORT] => 443
    [SERVER_ADDR] => 103.141.97.55
    [SERVER_NAME] => school.heartf.com
    [SERVER_SOFTWARE] => Apache
    [SERVER_SIGNATURE] => 
    [HTTP_COOKIE] => _ga=GA1.2.436393874.1748925959; _ga_HE2HZGS8HL=GS2.2.s1757032045$o2$g1$t1757032086$j19$l0$h0
    [HTTP_PRIORITY] => u=0, i
    [HTTP_ACCEPT_LANGUAGE] => ja,en;q=0.9,en-GB;q=0.8,en-US;q=0.7
    [HTTP_REFERER] => https://secure.telecomcredit.co.jp/
    [HTTP_SEC_CH_UA_PLATFORM] => "Windows"
    [HTTP_SEC_CH_UA_MOBILE] => ?0
    [HTTP_SEC_CH_UA] => "Microsoft Edge";v="141", "Not?A_Brand";v="8", "Chromium";v="141"
    [HTTP_SEC_FETCH_DEST] => document
    [HTTP_SEC_FETCH_MODE] => navigate
    [HTTP_SEC_FETCH_SITE] => cross-site
    [HTTP_ACCEPT] => text/html,application/xhtml+xml,application/xml;q=0.9,image/avif,image/webp,image/apng,*/*;q=0.8,application/signed-exchange;v=b3;q=0.7
    [HTTP_USER_AGENT] => Mozilla/5.0 (Windows NT 10.0; Win64; x64) AppleWebKit/537.36 (KHTML, like Gecko) Chrome/141.0.0.0 Safari/537.36 Edg/141.0.0.0
    [HTTP_UPGRADE_INSECURE_REQUESTS] => 1
    [HTTP_CACHE_CONTROL] => max-age=0
    [HTTP_CONNECTION] => close
    [HTTP_X_FILE_TYPE] => normal
    [HTTP_X_UA_DEVICE] => pc
    [HTTP_X_FAILURE_CACHE_TIME] => 0
    [HTTP_X_ACCEL_EXPIRES] => 60
    [HTTP_X_WP_ACCESS] => 0
    [HTTP_X_SERVER_ADDRESS] => 103.141.97.55
    [HTTP_X_REAL_IP] => 49.109.153.17
    [HTTP_X_FORWARDED_SSL] => on
    [HTTP_X_FORWARDED_PORT] => 443
    [HTTP_X_FORWARDED_HOST] => school.heartf.com
    [HTTP_X_FORWARDED_PROTO] => https
    [HTTP_X_FORWARDED_FOR] => 49.109.153.17
    [HTTP_HOST] => school.heartf.com
    [Ngx_Cache_StaticMode] => 1
    [Ngx_Cache_NormalFile] => 1
    [FailureCacheTime] => 0
    [HTTPS] => on
    [UNIQUE_ID] => aOop9UH6SKseBErBaSKBlQAAAdc
    [MEF_PROXY_ADDR] => 103.141.97.55
    [FCGI_ROLE] => RESPONDER
    [PHP_SELF] => /kanaeru/rep.php
    [REQUEST_TIME_FLOAT] => 1760176629.5112
    [REQUEST_TIME] => 1760176629
)

Generated hash data: 25:item_jp_new_100:txn_68ea29c5ea3376.21879102_6879_1760176581:1760176629:lionking
Hash: 50a06d8966d10902163c3d1c47e8d56495a9538e86c04eff247d2847b7195189API Response: API Success: Redirecting to thanks pageUser Environment Info:
IP Address: 49.109.162.70
Host Name / Provider: sp49-109-162-70.tck02.spmode.ne.jp
User Agent: Mozilla/5.0 (Windows NT 10.0; Win64; x64) AppleWebKit/537.36 (KHTML, like Gecko) Chrome/141.0.0.0 Safari/537.36 Edg/141.0.0.0
Server Info: Array
(
    [PATH] => /usr/local/sbin:/usr/local/bin:/usr/sbin:/usr/bin
    [PWD] => /home/userfastcgi/heartf/heartf.com
    [SHLVL] => 0
    [SCRIPT_NAME] => /kanaeru/rep.php
    [REQUEST_URI] => /kanaeru/rep.php?user_id=25&price=5500&item_name=item_jp_new_100&transaction_id=txn_68ee1d2b507484.90320100_5210_1760435499&callback=my
    [QUERY_STRING] => user_id=25&price=5500&item_name=item_jp_new_100&transaction_id=txn_68ee1d2b507484.90320100_5210_1760435499&callback=my
    [REQUEST_METHOD] => GET
    [SERVER_PROTOCOL] => HTTP/1.1
    [GATEWAY_INTERFACE] => CGI/1.1
    [REMOTE_PORT] => 33776
    [SCRIPT_FILENAME] => /home/heartf/heartf.com/public_html/school/kanaeru/rep.php
    [SERVER_ADMIN] => webmaster@heartf.com
    [CONTEXT_DOCUMENT_ROOT] => /home/heartf/heartf.com/public_html/school
    [CONTEXT_PREFIX] => 
    [REQUEST_SCHEME] => https
    [DOCUMENT_ROOT] => /home/heartf/heartf.com/public_html/school
    [REMOTE_ADDR] => 49.109.162.70
    [SERVER_PORT] => 443
    [SERVER_ADDR] => 103.141.97.55
    [SERVER_NAME] => school.heartf.com
    [SERVER_SOFTWARE] => Apache
    [SERVER_SIGNATURE] => 
    [HTTP_COOKIE] => _ga=GA1.2.436393874.1748925959; _ga_HE2HZGS8HL=GS2.2.s1757032045$o2$g1$t1757032086$j19$l0$h0
    [HTTP_PRIORITY] => u=0, i
    [HTTP_ACCEPT_LANGUAGE] => ja,en;q=0.9,en-GB;q=0.8,en-US;q=0.7
    [HTTP_REFERER] => https://secure.telecomcredit.co.jp/
    [HTTP_SEC_CH_UA_PLATFORM] => "Windows"
    [HTTP_SEC_CH_UA_MOBILE] => ?0
    [HTTP_SEC_CH_UA] => "Microsoft Edge";v="141", "Not?A_Brand";v="8", "Chromium";v="141"
    [HTTP_SEC_FETCH_DEST] => document
    [HTTP_SEC_FETCH_MODE] => navigate
    [HTTP_SEC_FETCH_SITE] => cross-site
    [HTTP_ACCEPT] => text/html,application/xhtml+xml,application/xml;q=0.9,image/avif,image/webp,image/apng,*/*;q=0.8,application/signed-exchange;v=b3;q=0.7
    [HTTP_USER_AGENT] => Mozilla/5.0 (Windows NT 10.0; Win64; x64) AppleWebKit/537.36 (KHTML, like Gecko) Chrome/141.0.0.0 Safari/537.36 Edg/141.0.0.0
    [HTTP_UPGRADE_INSECURE_REQUESTS] => 1
    [HTTP_CACHE_CONTROL] => max-age=0
    [HTTP_CONNECTION] => close
    [HTTP_X_FILE_TYPE] => normal
    [HTTP_X_UA_DEVICE] => pc
    [HTTP_X_FAILURE_CACHE_TIME] => 0
    [HTTP_X_ACCEL_EXPIRES] => 60
    [HTTP_X_WP_ACCESS] => 0
    [HTTP_X_SERVER_ADDRESS] => 103.141.97.55
    [HTTP_X_REAL_IP] => 49.109.162.70
    [HTTP_X_FORWARDED_SSL] => on
    [HTTP_X_FORWARDED_PORT] => 443
    [HTTP_X_FORWARDED_HOST] => school.heartf.com
    [HTTP_X_FORWARDED_PROTO] => https
    [HTTP_X_FORWARDED_FOR] => 49.109.162.70
    [HTTP_HOST] => school.heartf.com
    [Ngx_Cache_StaticMode] => 1
    [Ngx_Cache_NormalFile] => 1
    [FailureCacheTime] => 0
    [HTTPS] => on
    [UNIQUE_ID] => aO4dUefaYxD5I-1_G2lQSwAAAYg
    [MEF_PROXY_ADDR] => 103.141.97.55
    [FCGI_ROLE] => RESPONDER
    [PHP_SELF] => /kanaeru/rep.php
    [REQUEST_TIME_FLOAT] => 1760435537.873
    [REQUEST_TIME] => 1760435537
)

Generated hash data: 25:item_jp_new_100:txn_68ee1d2b507484.90320100_5210_1760435499:1760435537:lionking
Hash: 5c95a8e341c80a9ab237e8948400818cf49c8f8bb1cb3a0f763d4d95e53b932fAPI Response: API Success: Redirecting to thanks pageUser Environment Info:
IP Address: 49.109.137.222
Host Name / Provider: sp49-109-137-222.tck02.spmode.ne.jp
User Agent: Mozilla/5.0 (Windows NT 10.0; Win64; x64) AppleWebKit/537.36 (KHTML, like Gecko) Chrome/141.0.0.0 Safari/537.36 Edg/141.0.0.0
Server Info: Array
(
    [PATH] => /usr/local/sbin:/usr/local/bin:/usr/sbin:/usr/bin
    [PWD] => /home/userfastcgi/heartf/heartf.com
    [SHLVL] => 0
    [SCRIPT_NAME] => /kanaeru/rep.php
    [REQUEST_URI] => /kanaeru/rep.php?user_id=25&price=5500&item_name=item_jp_new_100&transaction_id=txn_68fb47994298c1.63839559_9403_1761298329&callback=my
    [QUERY_STRING] => user_id=25&price=5500&item_name=item_jp_new_100&transaction_id=txn_68fb47994298c1.63839559_9403_1761298329&callback=my
    [REQUEST_METHOD] => GET
    [SERVER_PROTOCOL] => HTTP/1.1
    [GATEWAY_INTERFACE] => CGI/1.1
    [REMOTE_PORT] => 35970
    [SCRIPT_FILENAME] => /home/heartf/heartf.com/public_html/school/kanaeru/rep.php
    [SERVER_ADMIN] => webmaster@heartf.com
    [CONTEXT_DOCUMENT_ROOT] => /home/heartf/heartf.com/public_html/school
    [CONTEXT_PREFIX] => 
    [REQUEST_SCHEME] => https
    [DOCUMENT_ROOT] => /home/heartf/heartf.com/public_html/school
    [REMOTE_ADDR] => 49.109.137.222
    [SERVER_PORT] => 443
    [SERVER_ADDR] => 103.141.97.55
    [SERVER_NAME] => school.heartf.com
    [SERVER_SOFTWARE] => Apache
    [SERVER_SIGNATURE] => 
    [HTTP_COOKIE] => _ga=GA1.2.436393874.1748925959; _ga_HE2HZGS8HL=GS2.2.s1757032045$o2$g1$t1757032086$j19$l0$h0
    [HTTP_PRIORITY] => u=0, i
    [HTTP_ACCEPT_LANGUAGE] => ja,en;q=0.9,en-GB;q=0.8,en-US;q=0.7
    [HTTP_REFERER] => https://secure.telecomcredit.co.jp/
    [HTTP_SEC_CH_UA_PLATFORM] => "Windows"
    [HTTP_SEC_CH_UA_MOBILE] => ?0
    [HTTP_SEC_CH_UA] => "Microsoft Edge";v="141", "Not?A_Brand";v="8", "Chromium";v="141"
    [HTTP_SEC_FETCH_DEST] => document
    [HTTP_SEC_FETCH_MODE] => navigate
    [HTTP_SEC_FETCH_SITE] => cross-site
    [HTTP_ACCEPT] => text/html,application/xhtml+xml,application/xml;q=0.9,image/avif,image/webp,image/apng,*/*;q=0.8,application/signed-exchange;v=b3;q=0.7
    [HTTP_USER_AGENT] => Mozilla/5.0 (Windows NT 10.0; Win64; x64) AppleWebKit/537.36 (KHTML, like Gecko) Chrome/141.0.0.0 Safari/537.36 Edg/141.0.0.0
    [HTTP_UPGRADE_INSECURE_REQUESTS] => 1
    [HTTP_CACHE_CONTROL] => max-age=0
    [HTTP_CONNECTION] => close
    [HTTP_X_FILE_TYPE] => normal
    [HTTP_X_UA_DEVICE] => pc
    [HTTP_X_FAILURE_CACHE_TIME] => 0
    [HTTP_X_ACCEL_EXPIRES] => 60
    [HTTP_X_WP_ACCESS] => 0
    [HTTP_X_SERVER_ADDRESS] => 103.141.97.55
    [HTTP_X_REAL_IP] => 49.109.137.222
    [HTTP_X_FORWARDED_SSL] => on
    [HTTP_X_FORWARDED_PORT] => 443
    [HTTP_X_FORWARDED_HOST] => school.heartf.com
    [HTTP_X_FORWARDED_PROTO] => https
    [HTTP_X_FORWARDED_FOR] => 49.109.137.222
    [HTTP_HOST] => school.heartf.com
    [Ngx_Cache_StaticMode] => 1
    [Ngx_Cache_NormalFile] => 1
    [FailureCacheTime] => 0
    [HTTPS] => on
    [UNIQUE_ID] => aPtHwRde97qGvnE-wuqKnAAAAco
    [MEF_PROXY_ADDR] => 103.141.97.55
    [FCGI_ROLE] => RESPONDER
    [PHP_SELF] => /kanaeru/rep.php
    [REQUEST_TIME_FLOAT] => 1761298369.6082
    [REQUEST_TIME] => 1761298369
)

Generated hash data: 25:item_jp_new_100:txn_68fb47994298c1.63839559_9403_1761298329:1761298369:lionking
Hash: 0fd19fbb6cb889bc36597ba8ef6f941ad710876128144de8faab2c16cd844ef1API Response: API Success: Redirecting to thanks pageUser Environment Info:
IP Address: 126.182.64.130
Host Name / Provider: pw126182064130.27.panda-world.ne.jp
User Agent: Mozilla/5.0 (iPhone; CPU iPhone OS 18_4_1 like Mac OS X) AppleWebKit/605.1.15 (KHTML, like Gecko) Mobile/15E148 Safari Line/15.16.1
Server Info: Array
(
    [PATH] => /usr/local/sbin:/usr/local/bin:/usr/sbin:/usr/bin
    [PWD] => /home/userfastcgi/heartf/heartf.com
    [SHLVL] => 0
    [SCRIPT_NAME] => /kanaeru/rep.php
    [REQUEST_URI] => /kanaeru/rep.php?user_id=87&price=1650&item_name=item_jp_new_30&transaction_id=txn_6903039fc07943.06388614_3947_1761805215&callback=my
    [QUERY_STRING] => user_id=87&price=1650&item_name=item_jp_new_30&transaction_id=txn_6903039fc07943.06388614_3947_1761805215&callback=my
    [REQUEST_METHOD] => GET
    [SERVER_PROTOCOL] => HTTP/1.1
    [GATEWAY_INTERFACE] => CGI/1.1
    [REMOTE_PORT] => 35050
    [SCRIPT_FILENAME] => /home/heartf/heartf.com/public_html/school/kanaeru/rep.php
    [SERVER_ADMIN] => webmaster@heartf.com
    [CONTEXT_DOCUMENT_ROOT] => /home/heartf/heartf.com/public_html/school
    [CONTEXT_PREFIX] => 
    [REQUEST_SCHEME] => https
    [DOCUMENT_ROOT] => /home/heartf/heartf.com/public_html/school
    [REMOTE_ADDR] => 126.182.64.130
    [SERVER_PORT] => 443
    [SERVER_ADDR] => 103.141.97.55
    [SERVER_NAME] => school.heartf.com
    [SERVER_SOFTWARE] => Apache
    [SERVER_SIGNATURE] => 
    [HTTP_SEC_FETCH_DEST] => document
    [HTTP_ACCEPT_LANGUAGE] => ja
    [HTTP_USER_AGENT] => Mozilla/5.0 (iPhone; CPU iPhone OS 18_4_1 like Mac OS X) AppleWebKit/605.1.15 (KHTML, like Gecko) Mobile/15E148 Safari Line/15.16.1
    [HTTP_SEC_FETCH_MODE] => navigate
    [HTTP_REFERER] => https://secure.telecomcredit.co.jp/
    [HTTP_SEC_FETCH_SITE] => cross-site
    [HTTP_ACCEPT] => text/html,application/xhtml+xml,application/xml;q=0.9,*/*;q=0.8
    [HTTP_CONNECTION] => close
    [HTTP_X_FILE_TYPE] => normal
    [HTTP_X_UA_DEVICE] => smartphone
    [HTTP_X_FAILURE_CACHE_TIME] => 0
    [HTTP_X_ACCEL_EXPIRES] => 60
    [HTTP_X_WP_ACCESS] => 0
    [HTTP_X_SERVER_ADDRESS] => 103.141.97.55
    [HTTP_X_REAL_IP] => 126.182.64.130
    [HTTP_X_FORWARDED_SSL] => on
    [HTTP_X_FORWARDED_PORT] => 443
    [HTTP_X_FORWARDED_HOST] => school.heartf.com
    [HTTP_X_FORWARDED_PROTO] => https
    [HTTP_X_FORWARDED_FOR] => 126.182.64.130
    [HTTP_HOST] => school.heartf.com
    [Ngx_Cache_StaticMode] => 1
    [Ngx_Cache_NormalFile] => 1
    [FailureCacheTime] => 0
    [HTTPS] => on
    [UNIQUE_ID] => aQME5XAw22IGjMMcD4gZfAAAAAU
    [MEF_PROXY_ADDR] => 103.141.97.55
    [FCGI_ROLE] => RESPONDER
    [PHP_SELF] => /kanaeru/rep.php
    [REQUEST_TIME_FLOAT] => 1761805542.323
    [REQUEST_TIME] => 1761805542
)

Generated hash data: 87:item_jp_new_30:txn_6903039fc07943.06388614_3947_1761805215:1761805542:lionking
Hash: a6f99c27ee7961451bb47666bf5f1dc63091f04a25a7c110f8d62dbe300e1b6aAPI Response: API Success: Redirecting to thanks pageUser Environment Info:
IP Address: 49.109.139.63
Host Name / Provider: sp49-109-139-63.tck02.spmode.ne.jp
User Agent: Mozilla/5.0 (Windows NT 10.0; Win64; x64) AppleWebKit/537.36 (KHTML, like Gecko) Chrome/141.0.0.0 Safari/537.36 Edg/141.0.0.0
Server Info: Array
(
    [PATH] => /usr/local/sbin:/usr/local/bin:/usr/sbin:/usr/bin
    [PWD] => /home/userfastcgi/heartf/heartf.com
    [SHLVL] => 0
    [SCRIPT_NAME] => /kanaeru/rep.php
    [REQUEST_URI] => /kanaeru/rep.php?user_id=25&price=5500&item_name=item_jp_new_100&transaction_id=txn_69033371ea52d3.77834242_3403_1761817457&callback=my
    [QUERY_STRING] => user_id=25&price=5500&item_name=item_jp_new_100&transaction_id=txn_69033371ea52d3.77834242_3403_1761817457&callback=my
    [REQUEST_METHOD] => GET
    [SERVER_PROTOCOL] => HTTP/1.1
    [GATEWAY_INTERFACE] => CGI/1.1
    [REMOTE_PORT] => 43094
    [SCRIPT_FILENAME] => /home/heartf/heartf.com/public_html/school/kanaeru/rep.php
    [SERVER_ADMIN] => webmaster@heartf.com
    [CONTEXT_DOCUMENT_ROOT] => /home/heartf/heartf.com/public_html/school
    [CONTEXT_PREFIX] => 
    [REQUEST_SCHEME] => https
    [DOCUMENT_ROOT] => /home/heartf/heartf.com/public_html/school
    [REMOTE_ADDR] => 49.109.139.63
    [SERVER_PORT] => 443
    [SERVER_ADDR] => 103.141.97.55
    [SERVER_NAME] => school.heartf.com
    [SERVER_SOFTWARE] => Apache
    [SERVER_SIGNATURE] => 
    [HTTP_COOKIE] => _ga=GA1.2.436393874.1748925959; _ga_HE2HZGS8HL=GS2.2.s1757032045$o2$g1$t1757032086$j19$l0$h0
    [HTTP_PRIORITY] => u=0, i
    [HTTP_ACCEPT_LANGUAGE] => ja,en;q=0.9,en-GB;q=0.8,en-US;q=0.7
    [HTTP_REFERER] => https://secure.telecomcredit.co.jp/
    [HTTP_SEC_CH_UA_PLATFORM] => "Windows"
    [HTTP_SEC_CH_UA_MOBILE] => ?0
    [HTTP_SEC_CH_UA] => "Microsoft Edge";v="141", "Not?A_Brand";v="8", "Chromium";v="141"
    [HTTP_SEC_FETCH_DEST] => document
    [HTTP_SEC_FETCH_MODE] => navigate
    [HTTP_SEC_FETCH_SITE] => cross-site
    [HTTP_ACCEPT] => text/html,application/xhtml+xml,application/xml;q=0.9,image/avif,image/webp,image/apng,*/*;q=0.8,application/signed-exchange;v=b3;q=0.7
    [HTTP_USER_AGENT] => Mozilla/5.0 (Windows NT 10.0; Win64; x64) AppleWebKit/537.36 (KHTML, like Gecko) Chrome/141.0.0.0 Safari/537.36 Edg/141.0.0.0
    [HTTP_UPGRADE_INSECURE_REQUESTS] => 1
    [HTTP_CACHE_CONTROL] => max-age=0
    [HTTP_CONNECTION] => close
    [HTTP_X_FILE_TYPE] => normal
    [HTTP_X_UA_DEVICE] => pc
    [HTTP_X_FAILURE_CACHE_TIME] => 0
    [HTTP_X_ACCEL_EXPIRES] => 60
    [HTTP_X_WP_ACCESS] => 0
    [HTTP_X_SERVER_ADDRESS] => 103.141.97.55
    [HTTP_X_REAL_IP] => 49.109.139.63
    [HTTP_X_FORWARDED_SSL] => on
    [HTTP_X_FORWARDED_PORT] => 443
    [HTTP_X_FORWARDED_HOST] => school.heartf.com
    [HTTP_X_FORWARDED_PROTO] => https
    [HTTP_X_FORWARDED_FOR] => 49.109.139.63
    [HTTP_HOST] => school.heartf.com
    [Ngx_Cache_StaticMode] => 1
    [Ngx_Cache_NormalFile] => 1
    [FailureCacheTime] => 0
    [HTTPS] => on
    [UNIQUE_ID] => aQMzxCffwUpI8XR39ec2CAAAAQ8
    [MEF_PROXY_ADDR] => 103.141.97.55
    [FCGI_ROLE] => RESPONDER
    [PHP_SELF] => /kanaeru/rep.php
    [REQUEST_TIME_FLOAT] => 1761817540.0132
    [REQUEST_TIME] => 1761817540
)

Generated hash data: 25:item_jp_new_100:txn_69033371ea52d3.77834242_3403_1761817457:1761817540:lionking
Hash: 3a3a564447b4ce0ea72474e6f7d3b592a87cae58f432dc888cafaaa1551a3669API Response: API Success: Redirecting to thanks pageUser Environment Info:
IP Address: 1.73.144.199
Host Name / Provider: sp1-73-144-199.smd01.spmode.ne.jp
User Agent: Mozilla/5.0 (Windows NT 10.0; Win64; x64) AppleWebKit/537.36 (KHTML, like Gecko) Chrome/142.0.0.0 Safari/537.36 Edg/142.0.0.0
Server Info: Array
(
    [PATH] => /usr/local/sbin:/usr/local/bin:/usr/sbin:/usr/bin
    [PWD] => /home/userfastcgi/heartf/heartf.com
    [SHLVL] => 0
    [SCRIPT_NAME] => /kanaeru/rep.php
    [REQUEST_URI] => /kanaeru/rep.php?user_id=25&price=5500&item_name=item_jp_new_100&transaction_id=txn_690fe5fc16c0c0.68295697_3794_1762649596&callback=my
    [QUERY_STRING] => user_id=25&price=5500&item_name=item_jp_new_100&transaction_id=txn_690fe5fc16c0c0.68295697_3794_1762649596&callback=my
    [REQUEST_METHOD] => GET
    [SERVER_PROTOCOL] => HTTP/1.1
    [GATEWAY_INTERFACE] => CGI/1.1
    [REMOTE_PORT] => 36190
    [SCRIPT_FILENAME] => /home/heartf/heartf.com/public_html/school/kanaeru/rep.php
    [SERVER_ADMIN] => webmaster@heartf.com
    [CONTEXT_DOCUMENT_ROOT] => /home/heartf/heartf.com/public_html/school
    [CONTEXT_PREFIX] => 
    [REQUEST_SCHEME] => https
    [DOCUMENT_ROOT] => /home/heartf/heartf.com/public_html/school
    [REMOTE_ADDR] => 1.73.144.199
    [SERVER_PORT] => 443
    [SERVER_ADDR] => 103.141.97.55
    [SERVER_NAME] => school.heartf.com
    [SERVER_SOFTWARE] => Apache
    [SERVER_SIGNATURE] => 
    [HTTP_COOKIE] => _ga=GA1.2.436393874.1748925959; _ga_HE2HZGS8HL=GS2.2.s1757032045$o2$g1$t1757032086$j19$l0$h0
    [HTTP_PRIORITY] => u=0, i
    [HTTP_ACCEPT_LANGUAGE] => ja,en;q=0.9,en-GB;q=0.8,en-US;q=0.7
    [HTTP_REFERER] => https://secure.telecomcredit.co.jp/
    [HTTP_SEC_CH_UA_PLATFORM] => "Windows"
    [HTTP_SEC_CH_UA_MOBILE] => ?0
    [HTTP_SEC_CH_UA] => "Chromium";v="142", "Microsoft Edge";v="142", "Not_A Brand";v="99"
    [HTTP_SEC_FETCH_DEST] => document
    [HTTP_SEC_FETCH_MODE] => navigate
    [HTTP_SEC_FETCH_SITE] => cross-site
    [HTTP_ACCEPT] => text/html,application/xhtml+xml,application/xml;q=0.9,image/avif,image/webp,image/apng,*/*;q=0.8,application/signed-exchange;v=b3;q=0.7
    [HTTP_USER_AGENT] => Mozilla/5.0 (Windows NT 10.0; Win64; x64) AppleWebKit/537.36 (KHTML, like Gecko) Chrome/142.0.0.0 Safari/537.36 Edg/142.0.0.0
    [HTTP_UPGRADE_INSECURE_REQUESTS] => 1
    [HTTP_CACHE_CONTROL] => max-age=0
    [HTTP_CONNECTION] => close
    [HTTP_X_FILE_TYPE] => normal
    [HTTP_X_UA_DEVICE] => pc
    [HTTP_X_FAILURE_CACHE_TIME] => 0
    [HTTP_X_ACCEL_EXPIRES] => 60
    [HTTP_X_WP_ACCESS] => 0
    [HTTP_X_SERVER_ADDRESS] => 103.141.97.55
    [HTTP_X_REAL_IP] => 1.73.144.199
    [HTTP_X_FORWARDED_SSL] => on
    [HTTP_X_FORWARDED_PORT] => 443
    [HTTP_X_FORWARDED_HOST] => school.heartf.com
    [HTTP_X_FORWARDED_PROTO] => https
    [HTTP_X_FORWARDED_FOR] => 1.73.144.199
    [HTTP_HOST] => school.heartf.com
    [Ngx_Cache_StaticMode] => 1
    [Ngx_Cache_NormalFile] => 1
    [FailureCacheTime] => 0
    [HTTPS] => on
    [UNIQUE_ID] => aQ_mIR8V_77hXwQvIf7whQAAAZs
    [MEF_PROXY_ADDR] => 103.141.97.55
    [FCGI_ROLE] => RESPONDER
    [PHP_SELF] => /kanaeru/rep.php
    [REQUEST_TIME_FLOAT] => 1762649633.4311
    [REQUEST_TIME] => 1762649633
)

Generated hash data: 25:item_jp_new_100:txn_690fe5fc16c0c0.68295697_3794_1762649596:1762649633:lionking
Hash: aa5f1d29a968755118e497f197f3bfc04f20b6c9dd9f4ef14acccbb242c0ee2fAPI Response: API Success: Redirecting to thanks pageUser Environment Info:
IP Address: 61.25.170.61
Host Name / Provider: 61-25-170-61.rev.home.ne.jp
User Agent: Mozilla/5.0 (Linux; Android 10; K) AppleWebKit/537.36 (KHTML, like Gecko) Chrome/142.0.0.0 Mobile Safari/537.36
Server Info: Array
(
    [PATH] => /usr/local/sbin:/usr/local/bin:/usr/sbin:/usr/bin
    [PWD] => /home/userfastcgi/heartf/heartf.com
    [SHLVL] => 0
    [SCRIPT_NAME] => /kanaeru/rep.php
    [REQUEST_URI] => /kanaeru/rep.php?user_id=129&price=660&item_name=item_jp_new_12&transaction_id=txn_6911aaf40448d6.50616639_2391_1762765556&callback=my
    [QUERY_STRING] => user_id=129&price=660&item_name=item_jp_new_12&transaction_id=txn_6911aaf40448d6.50616639_2391_1762765556&callback=my
    [REQUEST_METHOD] => GET
    [SERVER_PROTOCOL] => HTTP/1.1
    [GATEWAY_INTERFACE] => CGI/1.1
    [REMOTE_PORT] => 52578
    [SCRIPT_FILENAME] => /home/heartf/heartf.com/public_html/school/kanaeru/rep.php
    [SERVER_ADMIN] => webmaster@heartf.com
    [CONTEXT_DOCUMENT_ROOT] => /home/heartf/heartf.com/public_html/school
    [CONTEXT_PREFIX] => 
    [REQUEST_SCHEME] => https
    [DOCUMENT_ROOT] => /home/heartf/heartf.com/public_html/school
    [REMOTE_ADDR] => 61.25.170.61
    [SERVER_PORT] => 443
    [SERVER_ADDR] => 103.141.97.55
    [SERVER_NAME] => school.heartf.com
    [SERVER_SOFTWARE] => Apache
    [SERVER_SIGNATURE] => 
    [HTTP_PRIORITY] => u=0, i
    [HTTP_ACCEPT_LANGUAGE] => ja-JP,ja;q=0.9,en-US;q=0.8,en;q=0.7
    [HTTP_REFERER] => https://secure.telecomcredit.co.jp/
    [HTTP_SEC_CH_UA_PLATFORM] => "Android"
    [HTTP_SEC_CH_UA_MOBILE] => ?1
    [HTTP_SEC_CH_UA] => "Chromium";v="142", "Google Chrome";v="142", "Not_A Brand";v="99"
    [HTTP_SEC_FETCH_DEST] => document
    [HTTP_SEC_FETCH_MODE] => navigate
    [HTTP_SEC_FETCH_SITE] => cross-site
    [HTTP_ACCEPT] => text/html,application/xhtml+xml,application/xml;q=0.9,image/avif,image/webp,image/apng,*/*;q=0.8,application/signed-exchange;v=b3;q=0.7
    [HTTP_USER_AGENT] => Mozilla/5.0 (Linux; Android 10; K) AppleWebKit/537.36 (KHTML, like Gecko) Chrome/142.0.0.0 Mobile Safari/537.36
    [HTTP_UPGRADE_INSECURE_REQUESTS] => 1
    [HTTP_CACHE_CONTROL] => max-age=0
    [HTTP_CONNECTION] => close
    [HTTP_X_FILE_TYPE] => normal
    [HTTP_X_UA_DEVICE] => smartphone
    [HTTP_X_FAILURE_CACHE_TIME] => 0
    [HTTP_X_ACCEL_EXPIRES] => 60
    [HTTP_X_WP_ACCESS] => 0
    [HTTP_X_SERVER_ADDRESS] => 103.141.97.55
    [HTTP_X_REAL_IP] => 61.25.170.61
    [HTTP_X_FORWARDED_SSL] => on
    [HTTP_X_FORWARDED_PORT] => 443
    [HTTP_X_FORWARDED_HOST] => school.heartf.com
    [HTTP_X_FORWARDED_PROTO] => https
    [HTTP_X_FORWARDED_FOR] => 61.25.170.61
    [HTTP_HOST] => school.heartf.com
    [Ngx_Cache_StaticMode] => 1
    [Ngx_Cache_NormalFile] => 1
    [FailureCacheTime] => 0
    [HTTPS] => on
    [UNIQUE_ID] => aRGrZ_Y_e1ich2hQDsx2VAAAAJA
    [MEF_PROXY_ADDR] => 103.141.97.55
    [FCGI_ROLE] => RESPONDER
    [PHP_SELF] => /kanaeru/rep.php
    [REQUEST_TIME_FLOAT] => 1762765671.9798
    [REQUEST_TIME] => 1762765671
)

Generated hash data: 129:item_jp_new_12:txn_6911aaf40448d6.50616639_2391_1762765556:1762765672:lionking
Hash: a591760095d3297ae0cf94c0950b2f35dc2c7b27a8172ad43471218a63abdd68API Response: API Success: Redirecting to thanks pageUser Environment Info:
IP Address: 49.109.113.174
Host Name / Provider: sp49-109-113-174.smd02.spmode.ne.jp
User Agent: Mozilla/5.0 (Windows NT 10.0; Win64; x64) AppleWebKit/537.36 (KHTML, like Gecko) Chrome/142.0.0.0 Safari/537.36 Edg/142.0.0.0
Server Info: Array
(
    [PATH] => /usr/local/sbin:/usr/local/bin:/usr/sbin:/usr/bin
    [PWD] => /home/userfastcgi/heartf/heartf.com
    [SHLVL] => 0
    [SCRIPT_NAME] => /kanaeru/rep.php
    [REQUEST_URI] => /kanaeru/rep.php?user_id=25&price=5500&item_name=item_jp_new_100&transaction_id=txn_6918966d659656.56164610_5483_1763219053&callback=my
    [QUERY_STRING] => user_id=25&price=5500&item_name=item_jp_new_100&transaction_id=txn_6918966d659656.56164610_5483_1763219053&callback=my
    [REQUEST_METHOD] => GET
    [SERVER_PROTOCOL] => HTTP/1.1
    [GATEWAY_INTERFACE] => CGI/1.1
    [REMOTE_PORT] => 43070
    [SCRIPT_FILENAME] => /home/heartf/heartf.com/public_html/school/kanaeru/rep.php
    [SERVER_ADMIN] => webmaster@heartf.com
    [CONTEXT_DOCUMENT_ROOT] => /home/heartf/heartf.com/public_html/school
    [CONTEXT_PREFIX] => 
    [REQUEST_SCHEME] => https
    [DOCUMENT_ROOT] => /home/heartf/heartf.com/public_html/school
    [REMOTE_ADDR] => 49.109.113.174
    [SERVER_PORT] => 443
    [SERVER_ADDR] => 103.141.97.55
    [SERVER_NAME] => school.heartf.com
    [SERVER_SOFTWARE] => Apache
    [SERVER_SIGNATURE] => 
    [HTTP_COOKIE] => _ga=GA1.2.436393874.1748925959; _ga_HE2HZGS8HL=GS2.2.s1757032045$o2$g1$t1757032086$j19$l0$h0
    [HTTP_PRIORITY] => u=0, i
    [HTTP_ACCEPT_LANGUAGE] => ja,en;q=0.9,en-GB;q=0.8,en-US;q=0.7
    [HTTP_REFERER] => https://secure.telecomcredit.co.jp/
    [HTTP_SEC_CH_UA_PLATFORM] => "Windows"
    [HTTP_SEC_CH_UA_MOBILE] => ?0
    [HTTP_SEC_CH_UA] => "Chromium";v="142", "Microsoft Edge";v="142", "Not_A Brand";v="99"
    [HTTP_SEC_FETCH_DEST] => document
    [HTTP_SEC_FETCH_MODE] => navigate
    [HTTP_SEC_FETCH_SITE] => cross-site
    [HTTP_ACCEPT] => text/html,application/xhtml+xml,application/xml;q=0.9,image/avif,image/webp,image/apng,*/*;q=0.8,application/signed-exchange;v=b3;q=0.7
    [HTTP_USER_AGENT] => Mozilla/5.0 (Windows NT 10.0; Win64; x64) AppleWebKit/537.36 (KHTML, like Gecko) Chrome/142.0.0.0 Safari/537.36 Edg/142.0.0.0
    [HTTP_UPGRADE_INSECURE_REQUESTS] => 1
    [HTTP_CACHE_CONTROL] => max-age=0
    [HTTP_CONNECTION] => close
    [HTTP_X_FILE_TYPE] => normal
    [HTTP_X_UA_DEVICE] => pc
    [HTTP_X_FAILURE_CACHE_TIME] => 0
    [HTTP_X_ACCEL_EXPIRES] => 60
    [HTTP_X_WP_ACCESS] => 0
    [HTTP_X_SERVER_ADDRESS] => 103.141.97.55
    [HTTP_X_REAL_IP] => 49.109.113.174
    [HTTP_X_FORWARDED_SSL] => on
    [HTTP_X_FORWARDED_PORT] => 443
    [HTTP_X_FORWARDED_HOST] => school.heartf.com
    [HTTP_X_FORWARDED_PROTO] => https
    [HTTP_X_FORWARDED_FOR] => 49.109.113.174
    [HTTP_HOST] => school.heartf.com
    [Ngx_Cache_StaticMode] => 1
    [Ngx_Cache_NormalFile] => 1
    [FailureCacheTime] => 0
    [HTTPS] => on
    [UNIQUE_ID] => aRiWluc6JvZovJgq-H8sUwAAAKE
    [MEF_PROXY_ADDR] => 103.141.97.55
    [FCGI_ROLE] => RESPONDER
    [PHP_SELF] => /kanaeru/rep.php
    [REQUEST_TIME_FLOAT] => 1763219094.2895
    [REQUEST_TIME] => 1763219094
)

Generated hash data: 25:item_jp_new_100:txn_6918966d659656.56164610_5483_1763219053:1763219094:lionking
Hash: fc9b2c62ebfbff7dfb836fcb86c9f1dbe49057432444e1db84cc761038a65ca8API Response: API Success: Redirecting to thanks pageUser Environment Info:
IP Address: 49.109.21.25
Host Name / Provider: sp49-109-21-25.smd02.spmode.ne.jp
User Agent: Mozilla/5.0 (Windows NT 10.0; Win64; x64) AppleWebKit/537.36 (KHTML, like Gecko) Chrome/142.0.0.0 Safari/537.36 Edg/142.0.0.0
Server Info: Array
(
    [PATH] => /usr/local/sbin:/usr/local/bin:/usr/sbin:/usr/bin
    [PWD] => /home/userfastcgi/heartf/heartf.com
    [SHLVL] => 0
    [SCRIPT_NAME] => /kanaeru/rep.php
    [REQUEST_URI] => /kanaeru/rep.php?user_id=25&price=5500&item_name=item_jp_new_100&transaction_id=txn_691ee484063917.02163295_8019_1763632260&callback=my
    [QUERY_STRING] => user_id=25&price=5500&item_name=item_jp_new_100&transaction_id=txn_691ee484063917.02163295_8019_1763632260&callback=my
    [REQUEST_METHOD] => GET
    [SERVER_PROTOCOL] => HTTP/1.1
    [GATEWAY_INTERFACE] => CGI/1.1
    [REMOTE_PORT] => 38688
    [SCRIPT_FILENAME] => /home/heartf/heartf.com/public_html/school/kanaeru/rep.php
    [SERVER_ADMIN] => webmaster@heartf.com
    [CONTEXT_DOCUMENT_ROOT] => /home/heartf/heartf.com/public_html/school
    [CONTEXT_PREFIX] => 
    [REQUEST_SCHEME] => https
    [DOCUMENT_ROOT] => /home/heartf/heartf.com/public_html/school
    [REMOTE_ADDR] => 49.109.21.25
    [SERVER_PORT] => 443
    [SERVER_ADDR] => 103.141.97.55
    [SERVER_NAME] => school.heartf.com
    [SERVER_SOFTWARE] => Apache
    [SERVER_SIGNATURE] => 
    [HTTP_COOKIE] => _ga=GA1.2.436393874.1748925959; _ga_HE2HZGS8HL=GS2.2.s1757032045$o2$g1$t1757032086$j19$l0$h0
    [HTTP_PRIORITY] => u=0, i
    [HTTP_ACCEPT_LANGUAGE] => ja,en;q=0.9,en-GB;q=0.8,en-US;q=0.7
    [HTTP_REFERER] => https://secure.telecomcredit.co.jp/
    [HTTP_SEC_CH_UA_PLATFORM] => "Windows"
    [HTTP_SEC_CH_UA_MOBILE] => ?0
    [HTTP_SEC_CH_UA] => "Chromium";v="142", "Microsoft Edge";v="142", "Not_A Brand";v="99"
    [HTTP_SEC_FETCH_DEST] => document
    [HTTP_SEC_FETCH_MODE] => navigate
    [HTTP_SEC_FETCH_SITE] => cross-site
    [HTTP_ACCEPT] => text/html,application/xhtml+xml,application/xml;q=0.9,image/avif,image/webp,image/apng,*/*;q=0.8,application/signed-exchange;v=b3;q=0.7
    [HTTP_USER_AGENT] => Mozilla/5.0 (Windows NT 10.0; Win64; x64) AppleWebKit/537.36 (KHTML, like Gecko) Chrome/142.0.0.0 Safari/537.36 Edg/142.0.0.0
    [HTTP_UPGRADE_INSECURE_REQUESTS] => 1
    [HTTP_CACHE_CONTROL] => max-age=0
    [HTTP_CONNECTION] => close
    [HTTP_X_FILE_TYPE] => normal
    [HTTP_X_UA_DEVICE] => pc
    [HTTP_X_FAILURE_CACHE_TIME] => 0
    [HTTP_X_ACCEL_EXPIRES] => 60
    [HTTP_X_WP_ACCESS] => 0
    [HTTP_X_SERVER_ADDRESS] => 103.141.97.55
    [HTTP_X_REAL_IP] => 49.109.21.25
    [HTTP_X_FORWARDED_SSL] => on
    [HTTP_X_FORWARDED_PORT] => 443
    [HTTP_X_FORWARDED_HOST] => school.heartf.com
    [HTTP_X_FORWARDED_PROTO] => https
    [HTTP_X_FORWARDED_FOR] => 49.109.21.25
    [HTTP_HOST] => school.heartf.com
    [Ngx_Cache_StaticMode] => 1
    [Ngx_Cache_NormalFile] => 1
    [FailureCacheTime] => 0
    [HTTPS] => on
    [UNIQUE_ID] => aR7krX4cBJPhVxKeiyF2_wAAAg0
    [MEF_PROXY_ADDR] => 103.141.97.55
    [FCGI_ROLE] => RESPONDER
    [PHP_SELF] => /kanaeru/rep.php
    [REQUEST_TIME_FLOAT] => 1763632301.2495
    [REQUEST_TIME] => 1763632301
)

Generated hash data: 25:item_jp_new_100:txn_691ee484063917.02163295_8019_1763632260:1763632301:lionking
Hash: 1b28937a4e59fafa8685d11f5cd347ab515f91b63a40fa469d26a6103f77de52API Response: API Success: Redirecting to thanks pageUser Environment Info:
IP Address: 61.25.168.105
Host Name / Provider: 61-25-168-105.rev.home.ne.jp
User Agent: Mozilla/5.0 (Linux; Android 10; K) AppleWebKit/537.36 (KHTML, like Gecko) Chrome/142.0.0.0 Mobile Safari/537.36
Server Info: Array
(
    [PATH] => /usr/local/sbin:/usr/local/bin:/usr/sbin:/usr/bin
    [PWD] => /home/userfastcgi/heartf/heartf.com
    [SHLVL] => 0
    [SCRIPT_NAME] => /kanaeru/rep.php
    [REQUEST_URI] => /kanaeru/rep.php?user_id=129&price=1650&item_name=item_jp_new_30&transaction_id=txn_6926d47b83fee7.59133443_2767_1764152443&callback=tq
    [QUERY_STRING] => user_id=129&price=1650&item_name=item_jp_new_30&transaction_id=txn_6926d47b83fee7.59133443_2767_1764152443&callback=tq
    [REQUEST_METHOD] => GET
    [SERVER_PROTOCOL] => HTTP/1.1
    [GATEWAY_INTERFACE] => CGI/1.1
    [REMOTE_PORT] => 40408
    [SCRIPT_FILENAME] => /home/heartf/heartf.com/public_html/school/kanaeru/rep.php
    [SERVER_ADMIN] => webmaster@heartf.com
    [CONTEXT_DOCUMENT_ROOT] => /home/heartf/heartf.com/public_html/school
    [CONTEXT_PREFIX] => 
    [REQUEST_SCHEME] => https
    [DOCUMENT_ROOT] => /home/heartf/heartf.com/public_html/school
    [REMOTE_ADDR] => 61.25.168.105
    [SERVER_PORT] => 443
    [SERVER_ADDR] => 103.141.97.55
    [SERVER_NAME] => school.heartf.com
    [SERVER_SOFTWARE] => Apache
    [SERVER_SIGNATURE] => 
    [HTTP_PRIORITY] => u=0, i
    [HTTP_ACCEPT_LANGUAGE] => ja-JP,ja;q=0.9,en-US;q=0.8,en;q=0.7
    [HTTP_REFERER] => https://secure.telecomcredit.co.jp/
    [HTTP_SEC_CH_UA_PLATFORM] => "Android"
    [HTTP_SEC_CH_UA_MOBILE] => ?1
    [HTTP_SEC_CH_UA] => "Chromium";v="142", "Google Chrome";v="142", "Not_A Brand";v="99"
    [HTTP_SEC_FETCH_DEST] => document
    [HTTP_SEC_FETCH_MODE] => navigate
    [HTTP_SEC_FETCH_SITE] => cross-site
    [HTTP_ACCEPT] => text/html,application/xhtml+xml,application/xml;q=0.9,image/avif,image/webp,image/apng,*/*;q=0.8,application/signed-exchange;v=b3;q=0.7
    [HTTP_USER_AGENT] => Mozilla/5.0 (Linux; Android 10; K) AppleWebKit/537.36 (KHTML, like Gecko) Chrome/142.0.0.0 Mobile Safari/537.36
    [HTTP_UPGRADE_INSECURE_REQUESTS] => 1
    [HTTP_CACHE_CONTROL] => max-age=0
    [HTTP_CONNECTION] => close
    [HTTP_X_FILE_TYPE] => normal
    [HTTP_X_UA_DEVICE] => smartphone
    [HTTP_X_FAILURE_CACHE_TIME] => 0
    [HTTP_X_ACCEL_EXPIRES] => 60
    [HTTP_X_WP_ACCESS] => 0
    [HTTP_X_SERVER_ADDRESS] => 103.141.97.55
    [HTTP_X_REAL_IP] => 61.25.168.105
    [HTTP_X_FORWARDED_SSL] => on
    [HTTP_X_FORWARDED_PORT] => 443
    [HTTP_X_FORWARDED_HOST] => school.heartf.com
    [HTTP_X_FORWARDED_PROTO] => https
    [HTTP_X_FORWARDED_FOR] => 61.25.168.105
    [HTTP_HOST] => school.heartf.com
    [Ngx_Cache_StaticMode] => 1
    [Ngx_Cache_NormalFile] => 1
    [FailureCacheTime] => 0
    [HTTPS] => on
    [UNIQUE_ID] => aSbVOp1CGMLTxRaEz-Sb6AAAANI
    [MEF_PROXY_ADDR] => 103.141.97.55
    [FCGI_ROLE] => RESPONDER
    [PHP_SELF] => /kanaeru/rep.php
    [REQUEST_TIME_FLOAT] => 1764152634.1934
    [REQUEST_TIME] => 1764152634
)

Generated hash data: 129:item_jp_new_30:txn_6926d47b83fee7.59133443_2767_1764152443:1764152634:lionking
Hash: b101740174bb303c7f168863ae87c6f7326e9991c53e31b31740849e9e11c639API Response: API Success: Redirecting to thanks pageUser Environment Info:
IP Address: 49.109.105.167
Host Name / Provider: sp49-109-105-167.smd02.spmode.ne.jp
User Agent: Mozilla/5.0 (Windows NT 10.0; Win64; x64) AppleWebKit/537.36 (KHTML, like Gecko) Chrome/142.0.0.0 Safari/537.36 Edg/142.0.0.0
Server Info: Array
(
    [PATH] => /usr/local/sbin:/usr/local/bin:/usr/sbin:/usr/bin
    [PWD] => /home/userfastcgi/heartf/heartf.com
    [SHLVL] => 0
    [SCRIPT_NAME] => /kanaeru/rep.php
    [REQUEST_URI] => /kanaeru/rep.php?user_id=25&price=5500&item_name=item_jp_new_100&transaction_id=txn_692ec8b79c0de4.96549361_4350_1764673719&callback=my
    [QUERY_STRING] => user_id=25&price=5500&item_name=item_jp_new_100&transaction_id=txn_692ec8b79c0de4.96549361_4350_1764673719&callback=my
    [REQUEST_METHOD] => GET
    [SERVER_PROTOCOL] => HTTP/1.1
    [GATEWAY_INTERFACE] => CGI/1.1
    [REMOTE_PORT] => 60542
    [SCRIPT_FILENAME] => /home/heartf/heartf.com/public_html/school/kanaeru/rep.php
    [SERVER_ADMIN] => webmaster@heartf.com
    [CONTEXT_DOCUMENT_ROOT] => /home/heartf/heartf.com/public_html/school
    [CONTEXT_PREFIX] => 
    [REQUEST_SCHEME] => https
    [DOCUMENT_ROOT] => /home/heartf/heartf.com/public_html/school
    [REMOTE_ADDR] => 49.109.105.167
    [SERVER_PORT] => 443
    [SERVER_ADDR] => 103.141.97.55
    [SERVER_NAME] => school.heartf.com
    [SERVER_SOFTWARE] => Apache
    [SERVER_SIGNATURE] => 
    [HTTP_COOKIE] => _ga=GA1.2.436393874.1748925959; _ga_HE2HZGS8HL=GS2.2.s1757032045$o2$g1$t1757032086$j19$l0$h0
    [HTTP_PRIORITY] => u=0, i
    [HTTP_ACCEPT_LANGUAGE] => ja,en;q=0.9,en-GB;q=0.8,en-US;q=0.7
    [HTTP_REFERER] => https://secure.telecomcredit.co.jp/
    [HTTP_SEC_CH_UA_PLATFORM] => "Windows"
    [HTTP_SEC_CH_UA_MOBILE] => ?0
    [HTTP_SEC_CH_UA] => "Chromium";v="142", "Microsoft Edge";v="142", "Not_A Brand";v="99"
    [HTTP_SEC_FETCH_DEST] => document
    [HTTP_SEC_FETCH_MODE] => navigate
    [HTTP_SEC_FETCH_SITE] => cross-site
    [HTTP_ACCEPT] => text/html,application/xhtml+xml,application/xml;q=0.9,image/avif,image/webp,image/apng,*/*;q=0.8,application/signed-exchange;v=b3;q=0.7
    [HTTP_USER_AGENT] => Mozilla/5.0 (Windows NT 10.0; Win64; x64) AppleWebKit/537.36 (KHTML, like Gecko) Chrome/142.0.0.0 Safari/537.36 Edg/142.0.0.0
    [HTTP_UPGRADE_INSECURE_REQUESTS] => 1
    [HTTP_CACHE_CONTROL] => max-age=0
    [HTTP_CONNECTION] => close
    [HTTP_X_FILE_TYPE] => normal
    [HTTP_X_UA_DEVICE] => pc
    [HTTP_X_FAILURE_CACHE_TIME] => 0
    [HTTP_X_ACCEL_EXPIRES] => 60
    [HTTP_X_WP_ACCESS] => 0
    [HTTP_X_SERVER_ADDRESS] => 103.141.97.55
    [HTTP_X_REAL_IP] => 49.109.105.167
    [HTTP_X_FORWARDED_SSL] => on
    [HTTP_X_FORWARDED_PORT] => 443
    [HTTP_X_FORWARDED_HOST] => school.heartf.com
    [HTTP_X_FORWARDED_PROTO] => https
    [HTTP_X_FORWARDED_FOR] => 49.109.105.167
    [HTTP_HOST] => school.heartf.com
    [Ngx_Cache_StaticMode] => 1
    [Ngx_Cache_NormalFile] => 1
    [FailureCacheTime] => 0
    [HTTPS] => on
    [UNIQUE_ID] => aS7I5iF9GtfTbx7oIZJpXgAAAVo
    [MEF_PROXY_ADDR] => 103.141.97.55
    [FCGI_ROLE] => RESPONDER
    [PHP_SELF] => /kanaeru/rep.php
    [REQUEST_TIME_FLOAT] => 1764673766.155
    [REQUEST_TIME] => 1764673766
)

Generated hash data: 25:item_jp_new_100:txn_692ec8b79c0de4.96549361_4350_1764673719:1764673766:lionking
Hash: 2e29e6a95fe8ca8b3f6325f2830d6c5dd359b7b5a28e9fa6a5c0492d84df7bb6API Response: API Success: Redirecting to thanks pageUser Environment Info:
IP Address: 61.25.173.74
Host Name / Provider: 61-25-173-74.rev.home.ne.jp
User Agent: Mozilla/5.0 (Linux; Android 10; K) AppleWebKit/537.36 (KHTML, like Gecko) Chrome/143.0.0.0 Mobile Safari/537.36
Server Info: Array
(
    [PATH] => /usr/local/sbin:/usr/local/bin:/usr/sbin:/usr/bin
    [PWD] => /home/userfastcgi/heartf/heartf.com
    [SHLVL] => 0
    [SCRIPT_NAME] => /kanaeru/rep.php
    [REQUEST_URI] => /kanaeru/rep.php?user_id=129&price=1650&item_name=item_jp_new_30&transaction_id=txn_6938eb62721530.42215321_7171_1765337954&callback=tq
    [QUERY_STRING] => user_id=129&price=1650&item_name=item_jp_new_30&transaction_id=txn_6938eb62721530.42215321_7171_1765337954&callback=tq
    [REQUEST_METHOD] => GET
    [SERVER_PROTOCOL] => HTTP/1.1
    [GATEWAY_INTERFACE] => CGI/1.1
    [REMOTE_PORT] => 52644
    [SCRIPT_FILENAME] => /home/heartf/heartf.com/public_html/school/kanaeru/rep.php
    [SERVER_ADMIN] => webmaster@heartf.com
    [CONTEXT_DOCUMENT_ROOT] => /home/heartf/heartf.com/public_html/school
    [CONTEXT_PREFIX] => 
    [REQUEST_SCHEME] => https
    [DOCUMENT_ROOT] => /home/heartf/heartf.com/public_html/school
    [REMOTE_ADDR] => 61.25.173.74
    [SERVER_PORT] => 443
    [SERVER_ADDR] => 103.141.97.55
    [SERVER_NAME] => school.heartf.com
    [SERVER_SOFTWARE] => Apache
    [SERVER_SIGNATURE] => 
    [HTTP_PRIORITY] => u=0, i
    [HTTP_ACCEPT_LANGUAGE] => ja-JP,ja;q=0.9,en-US;q=0.8,en;q=0.7
    [HTTP_REFERER] => https://secure.telecomcredit.co.jp/
    [HTTP_SEC_CH_UA_PLATFORM] => "Android"
    [HTTP_SEC_CH_UA_MOBILE] => ?1
    [HTTP_SEC_CH_UA] => "Google Chrome";v="143", "Chromium";v="143", "Not A(Brand";v="24"
    [HTTP_SEC_FETCH_DEST] => document
    [HTTP_SEC_FETCH_MODE] => navigate
    [HTTP_SEC_FETCH_SITE] => cross-site
    [HTTP_ACCEPT] => text/html,application/xhtml+xml,application/xml;q=0.9,image/avif,image/webp,image/apng,*/*;q=0.8,application/signed-exchange;v=b3;q=0.7
    [HTTP_USER_AGENT] => Mozilla/5.0 (Linux; Android 10; K) AppleWebKit/537.36 (KHTML, like Gecko) Chrome/143.0.0.0 Mobile Safari/537.36
    [HTTP_UPGRADE_INSECURE_REQUESTS] => 1
    [HTTP_CACHE_CONTROL] => max-age=0
    [HTTP_CONNECTION] => close
    [HTTP_X_FILE_TYPE] => normal
    [HTTP_X_UA_DEVICE] => smartphone
    [HTTP_X_FAILURE_CACHE_TIME] => 0
    [HTTP_X_ACCEL_EXPIRES] => 60
    [HTTP_X_WP_ACCESS] => 0
    [HTTP_X_SERVER_ADDRESS] => 103.141.97.55
    [HTTP_X_REAL_IP] => 61.25.173.74
    [HTTP_X_FORWARDED_SSL] => on
    [HTTP_X_FORWARDED_PORT] => 443
    [HTTP_X_FORWARDED_HOST] => school.heartf.com
    [HTTP_X_FORWARDED_PROTO] => https
    [HTTP_X_FORWARDED_FOR] => 61.25.173.74
    [HTTP_HOST] => school.heartf.com
    [Ngx_Cache_StaticMode] => 1
    [Ngx_Cache_NormalFile] => 1
    [FailureCacheTime] => 0
    [HTTPS] => on
    [UNIQUE_ID] => aTjstpnnJ6pooILHODaHxQAAAnE
    [MEF_PROXY_ADDR] => 103.141.97.55
    [FCGI_ROLE] => RESPONDER
    [PHP_SELF] => /kanaeru/rep.php
    [REQUEST_TIME_FLOAT] => 1765338294.0471
    [REQUEST_TIME] => 1765338294
)

Generated hash data: 129:item_jp_new_30:txn_6938eb62721530.42215321_7171_1765337954:1765338294:lionking
Hash: 5eb73249c941bf36bc4e198b67d0887357befbc44f1f7b69890f8a01cfb542b2API Response: API Success: Redirecting to thanks pageUser Environment Info:
IP Address: 49.109.127.116
Host Name / Provider: sp49-109-127-116.smd02.spmode.ne.jp
User Agent: Mozilla/5.0 (Windows NT 10.0; Win64; x64) AppleWebKit/537.36 (KHTML, like Gecko) Chrome/143.0.0.0 Safari/537.36 Edg/143.0.0.0
Server Info: Array
(
    [PATH] => /usr/local/sbin:/usr/local/bin:/usr/sbin:/usr/bin
    [PWD] => /home/userfastcgi/heartf/heartf.com
    [SHLVL] => 0
    [SCRIPT_NAME] => /kanaeru/rep.php
    [REQUEST_URI] => /kanaeru/rep.php?user_id=25&price=5500&item_name=item_jp_new_100&transaction_id=txn_693a8dca9066d3.18237935_4085_1765445066&callback=my
    [QUERY_STRING] => user_id=25&price=5500&item_name=item_jp_new_100&transaction_id=txn_693a8dca9066d3.18237935_4085_1765445066&callback=my
    [REQUEST_METHOD] => GET
    [SERVER_PROTOCOL] => HTTP/1.1
    [GATEWAY_INTERFACE] => CGI/1.1
    [REMOTE_PORT] => 32980
    [SCRIPT_FILENAME] => /home/heartf/heartf.com/public_html/school/kanaeru/rep.php
    [SERVER_ADMIN] => webmaster@heartf.com
    [CONTEXT_DOCUMENT_ROOT] => /home/heartf/heartf.com/public_html/school
    [CONTEXT_PREFIX] => 
    [REQUEST_SCHEME] => https
    [DOCUMENT_ROOT] => /home/heartf/heartf.com/public_html/school
    [REMOTE_ADDR] => 49.109.127.116
    [SERVER_PORT] => 443
    [SERVER_ADDR] => 103.141.97.55
    [SERVER_NAME] => school.heartf.com
    [SERVER_SOFTWARE] => Apache
    [SERVER_SIGNATURE] => 
    [HTTP_COOKIE] => _ga=GA1.2.436393874.1748925959; _ga_HE2HZGS8HL=GS2.2.s1757032045$o2$g1$t1757032086$j19$l0$h0
    [HTTP_PRIORITY] => u=0, i
    [HTTP_ACCEPT_LANGUAGE] => ja,en;q=0.9,en-GB;q=0.8,en-US;q=0.7
    [HTTP_REFERER] => https://secure.telecomcredit.co.jp/
    [HTTP_SEC_CH_UA_PLATFORM] => "Windows"
    [HTTP_SEC_CH_UA_MOBILE] => ?0
    [HTTP_SEC_CH_UA] => "Microsoft Edge";v="143", "Chromium";v="143", "Not A(Brand";v="24"
    [HTTP_SEC_FETCH_DEST] => document
    [HTTP_SEC_FETCH_MODE] => navigate
    [HTTP_SEC_FETCH_SITE] => cross-site
    [HTTP_ACCEPT] => text/html,application/xhtml+xml,application/xml;q=0.9,image/avif,image/webp,image/apng,*/*;q=0.8,application/signed-exchange;v=b3;q=0.7
    [HTTP_USER_AGENT] => Mozilla/5.0 (Windows NT 10.0; Win64; x64) AppleWebKit/537.36 (KHTML, like Gecko) Chrome/143.0.0.0 Safari/537.36 Edg/143.0.0.0
    [HTTP_UPGRADE_INSECURE_REQUESTS] => 1
    [HTTP_CACHE_CONTROL] => max-age=0
    [HTTP_CONNECTION] => close
    [HTTP_X_FILE_TYPE] => normal
    [HTTP_X_UA_DEVICE] => pc
    [HTTP_X_FAILURE_CACHE_TIME] => 0
    [HTTP_X_ACCEL_EXPIRES] => 60
    [HTTP_X_WP_ACCESS] => 0
    [HTTP_X_SERVER_ADDRESS] => 103.141.97.55
    [HTTP_X_REAL_IP] => 49.109.127.116
    [HTTP_X_FORWARDED_SSL] => on
    [HTTP_X_FORWARDED_PORT] => 443
    [HTTP_X_FORWARDED_HOST] => school.heartf.com
    [HTTP_X_FORWARDED_PROTO] => https
    [HTTP_X_FORWARDED_FOR] => 49.109.127.116
    [HTTP_HOST] => school.heartf.com
    [Ngx_Cache_StaticMode] => 1
    [Ngx_Cache_NormalFile] => 1
    [FailureCacheTime] => 0
    [HTTPS] => on
    [UNIQUE_ID] => aTqN8vHFx0iqdbN4GsRHHwAAAmM
    [MEF_PROXY_ADDR] => 103.141.97.55
    [FCGI_ROLE] => RESPONDER
    [PHP_SELF] => /kanaeru/rep.php
    [REQUEST_TIME_FLOAT] => 1765445106.7175
    [REQUEST_TIME] => 1765445106
)

Generated hash data: 25:item_jp_new_100:txn_693a8dca9066d3.18237935_4085_1765445066:1765445106:lionking
Hash: 4325e0531a8e6e5c5bd947d3da20b227eba199cd2809d8aa543fab03b850545fAPI Response: API Success: Redirecting to thanks pageUser Environment Info:
IP Address: 49.109.108.35
Host Name / Provider: sp49-109-108-35.smd02.spmode.ne.jp
User Agent: Mozilla/5.0 (Windows NT 10.0; Win64; x64) AppleWebKit/537.36 (KHTML, like Gecko) Chrome/143.0.0.0 Safari/537.36 Edg/143.0.0.0
Server Info: Array
(
    [PATH] => /usr/local/sbin:/usr/local/bin:/usr/sbin:/usr/bin
    [PWD] => /home/userfastcgi/heartf/heartf.com
    [SHLVL] => 0
    [SCRIPT_NAME] => /kanaeru/rep.php
    [REQUEST_URI] => /kanaeru/rep.php?user_id=25&price=5500&item_name=item_jp_new_100&transaction_id=txn_694146bde9e851.34519544_2067_1765885629&callback=my
    [QUERY_STRING] => user_id=25&price=5500&item_name=item_jp_new_100&transaction_id=txn_694146bde9e851.34519544_2067_1765885629&callback=my
    [REQUEST_METHOD] => GET
    [SERVER_PROTOCOL] => HTTP/1.1
    [GATEWAY_INTERFACE] => CGI/1.1
    [REMOTE_PORT] => 45644
    [SCRIPT_FILENAME] => /home/heartf/heartf.com/public_html/school/kanaeru/rep.php
    [SERVER_ADMIN] => webmaster@heartf.com
    [CONTEXT_DOCUMENT_ROOT] => /home/heartf/heartf.com/public_html/school
    [CONTEXT_PREFIX] => 
    [REQUEST_SCHEME] => https
    [DOCUMENT_ROOT] => /home/heartf/heartf.com/public_html/school
    [REMOTE_ADDR] => 49.109.108.35
    [SERVER_PORT] => 443
    [SERVER_ADDR] => 103.141.97.55
    [SERVER_NAME] => school.heartf.com
    [SERVER_SOFTWARE] => Apache
    [SERVER_SIGNATURE] => 
    [HTTP_COOKIE] => _ga=GA1.2.436393874.1748925959; _ga_HE2HZGS8HL=GS2.2.s1757032045$o2$g1$t1757032086$j19$l0$h0
    [HTTP_PRIORITY] => u=0, i
    [HTTP_ACCEPT_LANGUAGE] => ja,en;q=0.9,en-GB;q=0.8,en-US;q=0.7
    [HTTP_REFERER] => https://secure.telecomcredit.co.jp/
    [HTTP_SEC_CH_UA_PLATFORM] => "Windows"
    [HTTP_SEC_CH_UA_MOBILE] => ?0
    [HTTP_SEC_CH_UA] => "Microsoft Edge";v="143", "Chromium";v="143", "Not A(Brand";v="24"
    [HTTP_SEC_FETCH_DEST] => document
    [HTTP_SEC_FETCH_MODE] => navigate
    [HTTP_SEC_FETCH_SITE] => cross-site
    [HTTP_ACCEPT] => text/html,application/xhtml+xml,application/xml;q=0.9,image/avif,image/webp,image/apng,*/*;q=0.8,application/signed-exchange;v=b3;q=0.7
    [HTTP_USER_AGENT] => Mozilla/5.0 (Windows NT 10.0; Win64; x64) AppleWebKit/537.36 (KHTML, like Gecko) Chrome/143.0.0.0 Safari/537.36 Edg/143.0.0.0
    [HTTP_UPGRADE_INSECURE_REQUESTS] => 1
    [HTTP_CACHE_CONTROL] => max-age=0
    [HTTP_CONNECTION] => close
    [HTTP_X_FILE_TYPE] => normal
    [HTTP_X_UA_DEVICE] => pc
    [HTTP_X_FAILURE_CACHE_TIME] => 0
    [HTTP_X_ACCEL_EXPIRES] => 60
    [HTTP_X_WP_ACCESS] => 0
    [HTTP_X_SERVER_ADDRESS] => 103.141.97.55
    [HTTP_X_REAL_IP] => 49.109.108.35
    [HTTP_X_FORWARDED_SSL] => on
    [HTTP_X_FORWARDED_PORT] => 443
    [HTTP_X_FORWARDED_HOST] => school.heartf.com
    [HTTP_X_FORWARDED_PROTO] => https
    [HTTP_X_FORWARDED_FOR] => 49.109.108.35
    [HTTP_HOST] => school.heartf.com
    [Ngx_Cache_StaticMode] => 1
    [Ngx_Cache_NormalFile] => 1
    [FailureCacheTime] => 0
    [HTTPS] => on
    [UNIQUE_ID] => aUFG5Fand0mtPVA7Feh8QgAAAiA
    [MEF_PROXY_ADDR] => 103.141.97.55
    [FCGI_ROLE] => RESPONDER
    [PHP_SELF] => /kanaeru/rep.php
    [REQUEST_TIME_FLOAT] => 1765885668.1732
    [REQUEST_TIME] => 1765885668
)

Generated hash data: 25:item_jp_new_100:txn_694146bde9e851.34519544_2067_1765885629:1765885668:lionking
Hash: 7447569ac9757d713a2ef5ba5c9b9d29c9c16ad40fc101d738759892ce971e26API Response: API Success: Redirecting to thanks pageUser Environment Info:
IP Address: 61.25.170.246
Host Name / Provider: 61-25-170-246.rev.home.ne.jp
User Agent: Mozilla/5.0 (Linux; Android 10; K) AppleWebKit/537.36 (KHTML, like Gecko) Chrome/143.0.0.0 Mobile Safari/537.36
Server Info: Array
(
    [PATH] => /usr/local/sbin:/usr/local/bin:/usr/sbin:/usr/bin
    [PWD] => /home/userfastcgi/heartf/heartf.com
    [SHLVL] => 0
    [SCRIPT_NAME] => /kanaeru/rep.php
    [REQUEST_URI] => /kanaeru/rep.php?user_id=129&price=1650&item_name=item_jp_new_30&transaction_id=txn_6944c0785345e9.02006043_7240_1766113400&callback=tq
    [QUERY_STRING] => user_id=129&price=1650&item_name=item_jp_new_30&transaction_id=txn_6944c0785345e9.02006043_7240_1766113400&callback=tq
    [REQUEST_METHOD] => GET
    [SERVER_PROTOCOL] => HTTP/1.1
    [GATEWAY_INTERFACE] => CGI/1.1
    [REMOTE_PORT] => 41612
    [SCRIPT_FILENAME] => /home/heartf/heartf.com/public_html/school/kanaeru/rep.php
    [SERVER_ADMIN] => webmaster@heartf.com
    [CONTEXT_DOCUMENT_ROOT] => /home/heartf/heartf.com/public_html/school
    [CONTEXT_PREFIX] => 
    [REQUEST_SCHEME] => https
    [DOCUMENT_ROOT] => /home/heartf/heartf.com/public_html/school
    [REMOTE_ADDR] => 61.25.170.246
    [SERVER_PORT] => 443
    [SERVER_ADDR] => 103.141.97.55
    [SERVER_NAME] => school.heartf.com
    [SERVER_SOFTWARE] => Apache
    [SERVER_SIGNATURE] => 
    [HTTP_PRIORITY] => u=0, i
    [HTTP_ACCEPT_LANGUAGE] => ja-JP,ja;q=0.9,en-US;q=0.8,en;q=0.7
    [HTTP_REFERER] => https://secure.telecomcredit.co.jp/
    [HTTP_SEC_CH_UA_PLATFORM] => "Android"
    [HTTP_SEC_CH_UA_MOBILE] => ?1
    [HTTP_SEC_CH_UA] => "Google Chrome";v="143", "Chromium";v="143", "Not A(Brand";v="24"
    [HTTP_SEC_FETCH_DEST] => document
    [HTTP_SEC_FETCH_MODE] => navigate
    [HTTP_SEC_FETCH_SITE] => cross-site
    [HTTP_ACCEPT] => text/html,application/xhtml+xml,application/xml;q=0.9,image/avif,image/webp,image/apng,*/*;q=0.8,application/signed-exchange;v=b3;q=0.7
    [HTTP_USER_AGENT] => Mozilla/5.0 (Linux; Android 10; K) AppleWebKit/537.36 (KHTML, like Gecko) Chrome/143.0.0.0 Mobile Safari/537.36
    [HTTP_UPGRADE_INSECURE_REQUESTS] => 1
    [HTTP_CACHE_CONTROL] => max-age=0
    [HTTP_CONNECTION] => close
    [HTTP_X_FILE_TYPE] => normal
    [HTTP_X_UA_DEVICE] => smartphone
    [HTTP_X_FAILURE_CACHE_TIME] => 0
    [HTTP_X_ACCEL_EXPIRES] => 60
    [HTTP_X_WP_ACCESS] => 0
    [HTTP_X_SERVER_ADDRESS] => 103.141.97.55
    [HTTP_X_REAL_IP] => 61.25.170.246
    [HTTP_X_FORWARDED_SSL] => on
    [HTTP_X_FORWARDED_PORT] => 443
    [HTTP_X_FORWARDED_HOST] => school.heartf.com
    [HTTP_X_FORWARDED_PROTO] => https
    [HTTP_X_FORWARDED_FOR] => 61.25.170.246
    [HTTP_HOST] => school.heartf.com
    [Ngx_Cache_StaticMode] => 1
    [Ngx_Cache_NormalFile] => 1
    [FailureCacheTime] => 0
    [HTTPS] => on
    [UNIQUE_ID] => aUTBceQTeJS7eCoUqrUE2gAAAOU
    [MEF_PROXY_ADDR] => 103.141.97.55
    [FCGI_ROLE] => RESPONDER
    [PHP_SELF] => /kanaeru/rep.php
    [REQUEST_TIME_FLOAT] => 1766113649.5202
    [REQUEST_TIME] => 1766113649
)

Generated hash data: 129:item_jp_new_30:txn_6944c0785345e9.02006043_7240_1766113400:1766113649:lionking
Hash: dd7759d1ecf4cb78aef7bea42d1b67ba007479e3d85487cc46981c1b69729e44API Response: API Success: Redirecting to thanks pageUser Environment Info:
IP Address: 49.109.116.103
Host Name / Provider: sp49-109-116-103.smd02.spmode.ne.jp
User Agent: Mozilla/5.0 (Windows NT 10.0; Win64; x64) AppleWebKit/537.36 (KHTML, like Gecko) Chrome/143.0.0.0 Safari/537.36 Edg/143.0.0.0
Server Info: Array
(
    [PATH] => /usr/local/sbin:/usr/local/bin:/usr/sbin:/usr/bin
    [PWD] => /home/userfastcgi/heartf/heartf.com
    [SHLVL] => 0
    [SCRIPT_NAME] => /kanaeru/rep.php
    [REQUEST_URI] => /kanaeru/rep.php?user_id=25&price=5500&item_name=item_jp_new_100&transaction_id=txn_694d4f951d0486.72836442_1456_1766674325&callback=tq
    [QUERY_STRING] => user_id=25&price=5500&item_name=item_jp_new_100&transaction_id=txn_694d4f951d0486.72836442_1456_1766674325&callback=tq
    [REQUEST_METHOD] => GET
    [SERVER_PROTOCOL] => HTTP/1.1
    [GATEWAY_INTERFACE] => CGI/1.1
    [REMOTE_PORT] => 33934
    [SCRIPT_FILENAME] => /home/heartf/heartf.com/public_html/school/kanaeru/rep.php
    [SERVER_ADMIN] => webmaster@heartf.com
    [CONTEXT_DOCUMENT_ROOT] => /home/heartf/heartf.com/public_html/school
    [CONTEXT_PREFIX] => 
    [REQUEST_SCHEME] => https
    [DOCUMENT_ROOT] => /home/heartf/heartf.com/public_html/school
    [REMOTE_ADDR] => 49.109.116.103
    [SERVER_PORT] => 443
    [SERVER_ADDR] => 103.141.97.55
    [SERVER_NAME] => school.heartf.com
    [SERVER_SOFTWARE] => Apache
    [SERVER_SIGNATURE] => 
    [HTTP_COOKIE] => _ga=GA1.2.436393874.1748925959; _ga_HE2HZGS8HL=GS2.2.s1757032045$o2$g1$t1757032086$j19$l0$h0
    [HTTP_PRIORITY] => u=0, i
    [HTTP_ACCEPT_LANGUAGE] => ja,en;q=0.9,en-GB;q=0.8,en-US;q=0.7
    [HTTP_REFERER] => https://secure.telecomcredit.co.jp/
    [HTTP_SEC_CH_UA_PLATFORM] => "Windows"
    [HTTP_SEC_CH_UA_MOBILE] => ?0
    [HTTP_SEC_CH_UA] => "Microsoft Edge";v="143", "Chromium";v="143", "Not A(Brand";v="24"
    [HTTP_SEC_FETCH_DEST] => document
    [HTTP_SEC_FETCH_MODE] => navigate
    [HTTP_SEC_FETCH_SITE] => cross-site
    [HTTP_ACCEPT] => text/html,application/xhtml+xml,application/xml;q=0.9,image/avif,image/webp,image/apng,*/*;q=0.8,application/signed-exchange;v=b3;q=0.7
    [HTTP_USER_AGENT] => Mozilla/5.0 (Windows NT 10.0; Win64; x64) AppleWebKit/537.36 (KHTML, like Gecko) Chrome/143.0.0.0 Safari/537.36 Edg/143.0.0.0
    [HTTP_UPGRADE_INSECURE_REQUESTS] => 1
    [HTTP_CACHE_CONTROL] => max-age=0
    [HTTP_CONNECTION] => close
    [HTTP_X_FILE_TYPE] => normal
    [HTTP_X_UA_DEVICE] => pc
    [HTTP_X_FAILURE_CACHE_TIME] => 0
    [HTTP_X_ACCEL_EXPIRES] => 60
    [HTTP_X_WP_ACCESS] => 0
    [HTTP_X_SERVER_ADDRESS] => 103.141.97.55
    [HTTP_X_REAL_IP] => 49.109.116.103
    [HTTP_X_FORWARDED_SSL] => on
    [HTTP_X_FORWARDED_PORT] => 443
    [HTTP_X_FORWARDED_HOST] => school.heartf.com
    [HTTP_X_FORWARDED_PROTO] => https
    [HTTP_X_FORWARDED_FOR] => 49.109.116.103
    [HTTP_HOST] => school.heartf.com
    [Ngx_Cache_StaticMode] => 1
    [Ngx_Cache_NormalFile] => 1
    [FailureCacheTime] => 0
    [HTTPS] => on
    [UNIQUE_ID] => aU1PvozHaF1OzpybnsfSFQAAAMs
    [MEF_PROXY_ADDR] => 103.141.97.55
    [FCGI_ROLE] => RESPONDER
    [PHP_SELF] => /kanaeru/rep.php
    [REQUEST_TIME_FLOAT] => 1766674366.1627
    [REQUEST_TIME] => 1766674366
)

Generated hash data: 25:item_jp_new_100:txn_694d4f951d0486.72836442_1456_1766674325:1766674366:lionking
Hash: 5da136b5506b042e0762dd56d68f3a286c52bc951802a3a3e8bae8110abc03a9API Response: API Success: Redirecting to thanks pageUser Environment Info:
IP Address: 49.109.110.42
Host Name / Provider: sp49-109-110-42.smd02.spmode.ne.jp
User Agent: Mozilla/5.0 (Windows NT 10.0; Win64; x64) AppleWebKit/537.36 (KHTML, like Gecko) Chrome/143.0.0.0 Safari/537.36 Edg/143.0.0.0
Server Info: Array
(
    [PATH] => /usr/local/sbin:/usr/local/bin:/usr/sbin:/usr/bin
    [PWD] => /home/userfastcgi/heartf/heartf.com
    [SHLVL] => 0
    [SCRIPT_NAME] => /kanaeru/rep.php
    [REQUEST_URI] => /kanaeru/rep.php?user_id=25&price=5500&item_name=item_jp_new_100&transaction_id=txn_69528805dd9a96.61722088_3819_1767016453&callback=my
    [QUERY_STRING] => user_id=25&price=5500&item_name=item_jp_new_100&transaction_id=txn_69528805dd9a96.61722088_3819_1767016453&callback=my
    [REQUEST_METHOD] => GET
    [SERVER_PROTOCOL] => HTTP/1.1
    [GATEWAY_INTERFACE] => CGI/1.1
    [REMOTE_PORT] => 57504
    [SCRIPT_FILENAME] => /home/heartf/heartf.com/public_html/school/kanaeru/rep.php
    [SERVER_ADMIN] => webmaster@heartf.com
    [CONTEXT_DOCUMENT_ROOT] => /home/heartf/heartf.com/public_html/school
    [CONTEXT_PREFIX] => 
    [REQUEST_SCHEME] => https
    [DOCUMENT_ROOT] => /home/heartf/heartf.com/public_html/school
    [REMOTE_ADDR] => 49.109.110.42
    [SERVER_PORT] => 443
    [SERVER_ADDR] => 103.141.97.55
    [SERVER_NAME] => school.heartf.com
    [SERVER_SOFTWARE] => Apache
    [SERVER_SIGNATURE] => 
    [HTTP_COOKIE] => _ga=GA1.2.436393874.1748925959; _ga_HE2HZGS8HL=GS2.2.s1757032045$o2$g1$t1757032086$j19$l0$h0
    [HTTP_PRIORITY] => u=0, i
    [HTTP_ACCEPT_LANGUAGE] => ja,en;q=0.9,en-GB;q=0.8,en-US;q=0.7
    [HTTP_REFERER] => https://secure.telecomcredit.co.jp/
    [HTTP_SEC_CH_UA_PLATFORM] => "Windows"
    [HTTP_SEC_CH_UA_MOBILE] => ?0
    [HTTP_SEC_CH_UA] => "Microsoft Edge";v="143", "Chromium";v="143", "Not A(Brand";v="24"
    [HTTP_SEC_FETCH_DEST] => document
    [HTTP_SEC_FETCH_MODE] => navigate
    [HTTP_SEC_FETCH_SITE] => cross-site
    [HTTP_ACCEPT] => text/html,application/xhtml+xml,application/xml;q=0.9,image/avif,image/webp,image/apng,*/*;q=0.8,application/signed-exchange;v=b3;q=0.7
    [HTTP_USER_AGENT] => Mozilla/5.0 (Windows NT 10.0; Win64; x64) AppleWebKit/537.36 (KHTML, like Gecko) Chrome/143.0.0.0 Safari/537.36 Edg/143.0.0.0
    [HTTP_UPGRADE_INSECURE_REQUESTS] => 1
    [HTTP_CACHE_CONTROL] => max-age=0
    [HTTP_CONNECTION] => close
    [HTTP_X_FILE_TYPE] => normal
    [HTTP_X_UA_DEVICE] => pc
    [HTTP_X_FAILURE_CACHE_TIME] => 0
    [HTTP_X_ACCEL_EXPIRES] => 60
    [HTTP_X_WP_ACCESS] => 0
    [HTTP_X_SERVER_ADDRESS] => 103.141.97.55
    [HTTP_X_REAL_IP] => 49.109.110.42
    [HTTP_X_FORWARDED_SSL] => on
    [HTTP_X_FORWARDED_PORT] => 443
    [HTTP_X_FORWARDED_HOST] => school.heartf.com
    [HTTP_X_FORWARDED_PROTO] => https
    [HTTP_X_FORWARDED_FOR] => 49.109.110.42
    [HTTP_HOST] => school.heartf.com
    [Ngx_Cache_StaticMode] => 1
    [Ngx_Cache_NormalFile] => 1
    [FailureCacheTime] => 0
    [HTTPS] => on
    [UNIQUE_ID] => aVKILYz7O-Wwg0xkwpZdYQAAAhw
    [MEF_PROXY_ADDR] => 103.141.97.55
    [FCGI_ROLE] => RESPONDER
    [PHP_SELF] => /kanaeru/rep.php
    [REQUEST_TIME_FLOAT] => 1767016493.688
    [REQUEST_TIME] => 1767016493
)

Generated hash data: 25:item_jp_new_100:txn_69528805dd9a96.61722088_3819_1767016453:1767016493:lionking
Hash: df8341f96a7f1570b5a92defd264bd46a515e4af90f4dfced781ce75712d3493API Response: API Success: Redirecting to thanks pageUser Environment Info:
IP Address: 49.109.127.232
Host Name / Provider: sp49-109-127-232.smd02.spmode.ne.jp
User Agent: Mozilla/5.0 (Windows NT 10.0; Win64; x64) AppleWebKit/537.36 (KHTML, like Gecko) Chrome/143.0.0.0 Safari/537.36 Edg/143.0.0.0
Server Info: Array
(
    [PATH] => /usr/local/sbin:/usr/local/bin:/usr/sbin:/usr/bin
    [PWD] => /home/userfastcgi/heartf/heartf.com
    [SHLVL] => 0
    [SCRIPT_NAME] => /kanaeru/rep.php
    [REQUEST_URI] => /kanaeru/rep.php?user_id=25&price=5500&item_name=item_jp_new_100&transaction_id=txn_695b1f8f5c1fd7.03490624_1782_1767579535&callback=my
    [QUERY_STRING] => user_id=25&price=5500&item_name=item_jp_new_100&transaction_id=txn_695b1f8f5c1fd7.03490624_1782_1767579535&callback=my
    [REQUEST_METHOD] => GET
    [SERVER_PROTOCOL] => HTTP/1.1
    [GATEWAY_INTERFACE] => CGI/1.1
    [REMOTE_PORT] => 60564
    [SCRIPT_FILENAME] => /home/heartf/heartf.com/public_html/school/kanaeru/rep.php
    [SERVER_ADMIN] => webmaster@heartf.com
    [CONTEXT_DOCUMENT_ROOT] => /home/heartf/heartf.com/public_html/school
    [CONTEXT_PREFIX] => 
    [REQUEST_SCHEME] => https
    [DOCUMENT_ROOT] => /home/heartf/heartf.com/public_html/school
    [REMOTE_ADDR] => 49.109.127.232
    [SERVER_PORT] => 443
    [SERVER_ADDR] => 103.141.97.55
    [SERVER_NAME] => school.heartf.com
    [SERVER_SOFTWARE] => Apache
    [SERVER_SIGNATURE] => 
    [HTTP_COOKIE] => _ga=GA1.2.436393874.1748925959; _ga_HE2HZGS8HL=GS2.2.s1757032045$o2$g1$t1757032086$j19$l0$h0
    [HTTP_PRIORITY] => u=0, i
    [HTTP_ACCEPT_LANGUAGE] => ja,en;q=0.9,en-GB;q=0.8,en-US;q=0.7
    [HTTP_REFERER] => https://secure.telecomcredit.co.jp/
    [HTTP_SEC_CH_UA_PLATFORM] => "Windows"
    [HTTP_SEC_CH_UA_MOBILE] => ?0
    [HTTP_SEC_CH_UA] => "Microsoft Edge";v="143", "Chromium";v="143", "Not A(Brand";v="24"
    [HTTP_SEC_FETCH_DEST] => document
    [HTTP_SEC_FETCH_MODE] => navigate
    [HTTP_SEC_FETCH_SITE] => cross-site
    [HTTP_ACCEPT] => text/html,application/xhtml+xml,application/xml;q=0.9,image/avif,image/webp,image/apng,*/*;q=0.8,application/signed-exchange;v=b3;q=0.7
    [HTTP_USER_AGENT] => Mozilla/5.0 (Windows NT 10.0; Win64; x64) AppleWebKit/537.36 (KHTML, like Gecko) Chrome/143.0.0.0 Safari/537.36 Edg/143.0.0.0
    [HTTP_UPGRADE_INSECURE_REQUESTS] => 1
    [HTTP_CACHE_CONTROL] => max-age=0
    [HTTP_CONNECTION] => close
    [HTTP_X_FILE_TYPE] => normal
    [HTTP_X_UA_DEVICE] => pc
    [HTTP_X_FAILURE_CACHE_TIME] => 0
    [HTTP_X_ACCEL_EXPIRES] => 60
    [HTTP_X_WP_ACCESS] => 0
    [HTTP_X_SERVER_ADDRESS] => 103.141.97.55
    [HTTP_X_REAL_IP] => 49.109.127.232
    [HTTP_X_FORWARDED_SSL] => on
    [HTTP_X_FORWARDED_PORT] => 443
    [HTTP_X_FORWARDED_HOST] => school.heartf.com
    [HTTP_X_FORWARDED_PROTO] => https
    [HTTP_X_FORWARDED_FOR] => 49.109.127.232
    [HTTP_HOST] => school.heartf.com
    [Ngx_Cache_StaticMode] => 1
    [Ngx_Cache_NormalFile] => 1
    [FailureCacheTime] => 0
    [HTTPS] => on
    [UNIQUE_ID] => aVsfvDgFOs-8KaTivz__XQAAAEM
    [MEF_PROXY_ADDR] => 103.141.97.55
    [FCGI_ROLE] => RESPONDER
    [PHP_SELF] => /kanaeru/rep.php
    [REQUEST_TIME_FLOAT] => 1767579580.9395
    [REQUEST_TIME] => 1767579580
)

Generated hash data: 25:item_jp_new_100:txn_695b1f8f5c1fd7.03490624_1782_1767579535:1767579580:lionking
Hash: 6f0a3460c6727f97aeae05f8c6512fd43d173c8a3278fed20d0d2baa6e0ead6dAPI Response: API Success: Redirecting to thanks pageUser Environment Info:
IP Address: 27.133.5.181
Host Name / Provider: 181.5.133.27.ap.yournet.ne.jp
User Agent: Mozilla/5.0 (iPhone; CPU iPhone OS 18_6_2 like Mac OS X) AppleWebKit/605.1.15 (KHTML, like Gecko) Version/18.6 Mobile/15E148 Safari/604.1
Server Info: Array
(
    [PATH] => /usr/local/sbin:/usr/local/bin:/usr/sbin:/usr/bin
    [PWD] => /home/userfastcgi/heartf/heartf.com
    [SHLVL] => 0
    [SCRIPT_NAME] => /kanaeru/rep.php
    [REQUEST_URI] => /kanaeru/rep.php?user_id=24&price=3300&item_name=item_jp_new_60&transaction_id=txn_695ce3f96ba289.78779775_4662_1767695353&callback=my
    [QUERY_STRING] => user_id=24&price=3300&item_name=item_jp_new_60&transaction_id=txn_695ce3f96ba289.78779775_4662_1767695353&callback=my
    [REQUEST_METHOD] => GET
    [SERVER_PROTOCOL] => HTTP/1.1
    [GATEWAY_INTERFACE] => CGI/1.1
    [REMOTE_PORT] => 39294
    [SCRIPT_FILENAME] => /home/heartf/heartf.com/public_html/school/kanaeru/rep.php
    [SERVER_ADMIN] => webmaster@heartf.com
    [CONTEXT_DOCUMENT_ROOT] => /home/heartf/heartf.com/public_html/school
    [CONTEXT_PREFIX] => 
    [REQUEST_SCHEME] => https
    [DOCUMENT_ROOT] => /home/heartf/heartf.com/public_html/school
    [REMOTE_ADDR] => 27.133.5.181
    [SERVER_PORT] => 443
    [SERVER_ADDR] => 103.141.97.55
    [SERVER_NAME] => school.heartf.com
    [SERVER_SOFTWARE] => Apache
    [SERVER_SIGNATURE] => 
    [HTTP_COOKIE] => _ga=GA1.1.1471476697.1766825522; _ga_DN9TZ3Q2LG=GS2.1.s1766846893$o3$g1$t1766846900$j53$l0$h0; _ga_LX121NPD7K=GS2.1.s1766846893$o3$g1$t1766846900$j53$l0$h1571901136
    [HTTP_SEC_FETCH_DEST] => document
    [HTTP_REFERER] => https://secure.telecomcredit.co.jp/
    [HTTP_ACCEPT_LANGUAGE] => ja
    [HTTP_USER_AGENT] => Mozilla/5.0 (iPhone; CPU iPhone OS 18_6_2 like Mac OS X) AppleWebKit/605.1.15 (KHTML, like Gecko) Version/18.6 Mobile/15E148 Safari/604.1
    [HTTP_SEC_FETCH_MODE] => navigate
    [HTTP_PRIORITY] => u=0, i
    [HTTP_SEC_FETCH_SITE] => cross-site
    [HTTP_ACCEPT] => text/html,application/xhtml+xml,application/xml;q=0.9,*/*;q=0.8
    [HTTP_CONNECTION] => close
    [HTTP_X_FILE_TYPE] => normal
    [HTTP_X_UA_DEVICE] => smartphone
    [HTTP_X_FAILURE_CACHE_TIME] => 0
    [HTTP_X_ACCEL_EXPIRES] => 60
    [HTTP_X_WP_ACCESS] => 0
    [HTTP_X_SERVER_ADDRESS] => 103.141.97.55
    [HTTP_X_REAL_IP] => 27.133.5.181
    [HTTP_X_FORWARDED_SSL] => on
    [HTTP_X_FORWARDED_PORT] => 443
    [HTTP_X_FORWARDED_HOST] => school.heartf.com
    [HTTP_X_FORWARDED_PROTO] => https
    [HTTP_X_FORWARDED_FOR] => 27.133.5.181
    [HTTP_HOST] => school.heartf.com
    [Ngx_Cache_StaticMode] => 1
    [Ngx_Cache_NormalFile] => 1
    [FailureCacheTime] => 0
    [HTTPS] => on
    [UNIQUE_ID] => aVzlMChhXE_X5_FDBK9t3gAAAM8
    [MEF_PROXY_ADDR] => 103.141.97.55
    [FCGI_ROLE] => RESPONDER
    [PHP_SELF] => /kanaeru/rep.php
    [REQUEST_TIME_FLOAT] => 1767695665.0318
    [REQUEST_TIME] => 1767695665
)

Generated hash data: 24:item_jp_new_60:txn_695ce3f96ba289.78779775_4662_1767695353:1767695665:lionking
Hash: f23c768caa593c94236fe37bc7ff0fe0fbb720bd1f33ce6a30e235bcd6843de1API Response: API Success: Redirecting to thanks pageUser Environment Info:
IP Address: 49.109.17.178
Host Name / Provider: sp49-109-17-178.smd02.spmode.ne.jp
User Agent: Mozilla/5.0 (Windows NT 10.0; Win64; x64) AppleWebKit/537.36 (KHTML, like Gecko) Chrome/143.0.0.0 Safari/537.36 Edg/143.0.0.0
Server Info: Array
(
    [PATH] => /usr/local/sbin:/usr/local/bin:/usr/sbin:/usr/bin
    [PWD] => /home/userfastcgi/heartf/heartf.com
    [SHLVL] => 0
    [SCRIPT_NAME] => /kanaeru/rep.php
    [REQUEST_URI] => /kanaeru/rep.php?user_id=25&price=5500&item_name=item_jp_new_100&transaction_id=txn_6967670b229a18.02352459_9591_1768384267&callback=my
    [QUERY_STRING] => user_id=25&price=5500&item_name=item_jp_new_100&transaction_id=txn_6967670b229a18.02352459_9591_1768384267&callback=my
    [REQUEST_METHOD] => GET
    [SERVER_PROTOCOL] => HTTP/1.1
    [GATEWAY_INTERFACE] => CGI/1.1
    [REMOTE_PORT] => 50184
    [SCRIPT_FILENAME] => /home/heartf/heartf.com/public_html/school/kanaeru/rep.php
    [SERVER_ADMIN] => webmaster@heartf.com
    [CONTEXT_DOCUMENT_ROOT] => /home/heartf/heartf.com/public_html/school
    [CONTEXT_PREFIX] => 
    [REQUEST_SCHEME] => https
    [DOCUMENT_ROOT] => /home/heartf/heartf.com/public_html/school
    [REMOTE_ADDR] => 49.109.17.178
    [SERVER_PORT] => 443
    [SERVER_ADDR] => 103.141.97.55
    [SERVER_NAME] => school.heartf.com
    [SERVER_SOFTWARE] => Apache
    [SERVER_SIGNATURE] => 
    [HTTP_COOKIE] => _ga=GA1.2.436393874.1748925959; _ga_HE2HZGS8HL=GS2.2.s1757032045$o2$g1$t1757032086$j19$l0$h0
    [HTTP_PRIORITY] => u=0, i
    [HTTP_ACCEPT_LANGUAGE] => ja,en;q=0.9,en-GB;q=0.8,en-US;q=0.7
    [HTTP_REFERER] => https://secure.telecomcredit.co.jp/
    [HTTP_SEC_CH_UA_PLATFORM] => "Windows"
    [HTTP_SEC_CH_UA_MOBILE] => ?0
    [HTTP_SEC_CH_UA] => "Microsoft Edge";v="143", "Chromium";v="143", "Not A(Brand";v="24"
    [HTTP_SEC_FETCH_DEST] => document
    [HTTP_SEC_FETCH_MODE] => navigate
    [HTTP_SEC_FETCH_SITE] => cross-site
    [HTTP_ACCEPT] => text/html,application/xhtml+xml,application/xml;q=0.9,image/avif,image/webp,image/apng,*/*;q=0.8,application/signed-exchange;v=b3;q=0.7
    [HTTP_USER_AGENT] => Mozilla/5.0 (Windows NT 10.0; Win64; x64) AppleWebKit/537.36 (KHTML, like Gecko) Chrome/143.0.0.0 Safari/537.36 Edg/143.0.0.0
    [HTTP_UPGRADE_INSECURE_REQUESTS] => 1
    [HTTP_CACHE_CONTROL] => max-age=0
    [HTTP_CONNECTION] => close
    [HTTP_X_FILE_TYPE] => normal
    [HTTP_X_UA_DEVICE] => pc
    [HTTP_X_FAILURE_CACHE_TIME] => 0
    [HTTP_X_ACCEL_EXPIRES] => 60
    [HTTP_X_WP_ACCESS] => 0
    [HTTP_X_SERVER_ADDRESS] => 103.141.97.55
    [HTTP_X_REAL_IP] => 49.109.17.178
    [HTTP_X_FORWARDED_SSL] => on
    [HTTP_X_FORWARDED_PORT] => 443
    [HTTP_X_FORWARDED_HOST] => school.heartf.com
    [HTTP_X_FORWARDED_PROTO] => https
    [HTTP_X_FORWARDED_FOR] => 49.109.17.178
    [HTTP_HOST] => school.heartf.com
    [Ngx_Cache_StaticMode] => 1
    [Ngx_Cache_NormalFile] => 1
    [FailureCacheTime] => 0
    [HTTPS] => on
    [UNIQUE_ID] => aWdnaLO5GODSWY3ZtXMVmwAAAEY
    [MEF_PROXY_ADDR] => 103.141.97.55
    [FCGI_ROLE] => RESPONDER
    [PHP_SELF] => /kanaeru/rep.php
    [REQUEST_TIME_FLOAT] => 1768384360.3329
    [REQUEST_TIME] => 1768384360
)

Generated hash data: 25:item_jp_new_100:txn_6967670b229a18.02352459_9591_1768384267:1768384360:lionking
Hash: 129b113f3cc4c33b73ca4b80cecee9fa261ed1f9304400c0e7a9317fab8f2564API Response: API Success: Redirecting to thanks pageUser Environment Info:
IP Address: 60.67.232.15
Host Name / Provider: softbank060067232015.bbtec.net
User Agent: Mozilla/5.0 (iPhone; CPU iPhone OS 18_7 like Mac OS X) AppleWebKit/605.1.15 (KHTML, like Gecko) Version/26.2 Mobile/15E148 Safari/604.1
Server Info: Array
(
    [PATH] => /usr/local/sbin:/usr/local/bin:/usr/sbin:/usr/bin
    [PWD] => /home/userfastcgi/heartf/heartf.com
    [SHLVL] => 0
    [SCRIPT_NAME] => /kanaeru/rep.php
    [REQUEST_URI] => /kanaeru/rep.php?user_id=170&price=1650&item_name=item_jp_new_30&transaction_id=txn_696d94b37a90c7.36579923_8638_1768789171&callback=tq
    [QUERY_STRING] => user_id=170&price=1650&item_name=item_jp_new_30&transaction_id=txn_696d94b37a90c7.36579923_8638_1768789171&callback=tq
    [REQUEST_METHOD] => GET
    [SERVER_PROTOCOL] => HTTP/1.1
    [GATEWAY_INTERFACE] => CGI/1.1
    [REMOTE_PORT] => 33842
    [SCRIPT_FILENAME] => /home/heartf/heartf.com/public_html/school/kanaeru/rep.php
    [SERVER_ADMIN] => webmaster@heartf.com
    [CONTEXT_DOCUMENT_ROOT] => /home/heartf/heartf.com/public_html/school
    [CONTEXT_PREFIX] => 
    [REQUEST_SCHEME] => https
    [DOCUMENT_ROOT] => /home/heartf/heartf.com/public_html/school
    [REMOTE_ADDR] => 60.67.232.15
    [SERVER_PORT] => 443
    [SERVER_ADDR] => 103.141.97.55
    [SERVER_NAME] => school.heartf.com
    [SERVER_SOFTWARE] => Apache
    [SERVER_SIGNATURE] => 
    [HTTP_COOKIE] => _ga=GA1.2.1862837150.1767751313; _ga_65VNZXJB15=GS2.1.s1767865288$o2$g1$t1767865383$j57$l0$h0; _ga_DN9TZ3Q2LG=GS2.1.s1766424768$o4$g1$t1766425054$j60$l0$h0; _ga_LX121NPD7K=GS2.1.s1766424768$o4$g1$t1766425054$j60$l0$h673918771; _ga_0MQS3FYDHL=GS2.2.s1762555427$o3$g1$t1762555430$j57$l0$h0; _ga_KD8MNG8J43=GS2.1.s1762555426$o2$g1$t1762555430$j56$l0$h0; _ga_TF7VQ3P4WK=GS2.1.s1762055144$o1$g0$t1762055144$j60$l0$h0; _ga_4GVF9RW05T=GS2.1.s1760507675$o1$g1$t1760507857$j60$l0$h0
    [HTTP_SEC_FETCH_DEST] => document
    [HTTP_REFERER] => https://secure.telecomcredit.co.jp/
    [HTTP_ACCEPT_LANGUAGE] => ja
    [HTTP_USER_AGENT] => Mozilla/5.0 (iPhone; CPU iPhone OS 18_7 like Mac OS X) AppleWebKit/605.1.15 (KHTML, like Gecko) Version/26.2 Mobile/15E148 Safari/604.1
    [HTTP_SEC_FETCH_MODE] => navigate
    [HTTP_PRIORITY] => u=0, i
    [HTTP_SEC_FETCH_SITE] => cross-site
    [HTTP_ACCEPT] => text/html,application/xhtml+xml,application/xml;q=0.9,*/*;q=0.8
    [HTTP_CONNECTION] => close
    [HTTP_X_FILE_TYPE] => normal
    [HTTP_X_UA_DEVICE] => smartphone
    [HTTP_X_FAILURE_CACHE_TIME] => 0
    [HTTP_X_ACCEL_EXPIRES] => 60
    [HTTP_X_WP_ACCESS] => 0
    [HTTP_X_SERVER_ADDRESS] => 103.141.97.55
    [HTTP_X_REAL_IP] => 60.67.232.15
    [HTTP_X_FORWARDED_SSL] => on
    [HTTP_X_FORWARDED_PORT] => 443
    [HTTP_X_FORWARDED_HOST] => school.heartf.com
    [HTTP_X_FORWARDED_PROTO] => https
    [HTTP_X_FORWARDED_FOR] => 60.67.232.15
    [HTTP_HOST] => school.heartf.com
    [Ngx_Cache_StaticMode] => 1
    [Ngx_Cache_NormalFile] => 1
    [FailureCacheTime] => 0
    [HTTPS] => on
    [UNIQUE_ID] => aW2VkIOAAiohqaZxE1SJNQAAAIE
    [MEF_PROXY_ADDR] => 103.141.97.55
    [FCGI_ROLE] => RESPONDER
    [PHP_SELF] => /kanaeru/rep.php
    [REQUEST_TIME_FLOAT] => 1768789392.1036
    [REQUEST_TIME] => 1768789392
)

Generated hash data: 170:item_jp_new_30:txn_696d94b37a90c7.36579923_8638_1768789171:1768789392:lionking
Hash: e470cef805cfbfc7f76d9d6082c69440e06d1ee0652a08bf45e54c4e68304e14API Response: API Success: Redirecting to thanks pageUser Environment Info:
IP Address: 126.114.153.243
Host Name / Provider: softbank126114153243.bbtec.net
User Agent: Mozilla/5.0 (iPhone; CPU iPhone OS 18_7 like Mac OS X) AppleWebKit/605.1.15 (KHTML, like Gecko) Mobile/15E148 Safari Line/26.0.2
Server Info: Array
(
    [PATH] => /usr/local/sbin:/usr/local/bin:/usr/sbin:/usr/bin
    [PWD] => /home/userfastcgi/heartf/heartf.com
    [SHLVL] => 0
    [SCRIPT_NAME] => /kanaeru/rep.php
    [REQUEST_URI] => /kanaeru/rep.php?user_id=56&price=1650&item_name=item_jp_new_30&transaction_id=txn_6978401fcd2525.64788814_3473_1769488415&callback=tq
    [QUERY_STRING] => user_id=56&price=1650&item_name=item_jp_new_30&transaction_id=txn_6978401fcd2525.64788814_3473_1769488415&callback=tq
    [REQUEST_METHOD] => GET
    [SERVER_PROTOCOL] => HTTP/1.1
    [GATEWAY_INTERFACE] => CGI/1.1
    [REMOTE_PORT] => 47742
    [SCRIPT_FILENAME] => /home/heartf/heartf.com/public_html/school/kanaeru/rep.php
    [SERVER_ADMIN] => webmaster@heartf.com
    [CONTEXT_DOCUMENT_ROOT] => /home/heartf/heartf.com/public_html/school
    [CONTEXT_PREFIX] => 
    [REQUEST_SCHEME] => https
    [DOCUMENT_ROOT] => /home/heartf/heartf.com/public_html/school
    [REMOTE_ADDR] => 126.114.153.243
    [SERVER_PORT] => 443
    [SERVER_ADDR] => 103.141.97.55
    [SERVER_NAME] => school.heartf.com
    [SERVER_SOFTWARE] => Apache
    [SERVER_SIGNATURE] => 
    [HTTP_SEC_FETCH_DEST] => document
    [HTTP_PRIORITY] => u=0, i
    [HTTP_USER_AGENT] => Mozilla/5.0 (iPhone; CPU iPhone OS 18_7 like Mac OS X) AppleWebKit/605.1.15 (KHTML, like Gecko) Mobile/15E148 Safari Line/26.0.2
    [HTTP_SEC_FETCH_MODE] => navigate
    [HTTP_REFERER] => https://secure.telecomcredit.co.jp/
    [HTTP_ACCEPT_LANGUAGE] => ja
    [HTTP_SEC_FETCH_SITE] => cross-site
    [HTTP_ACCEPT] => text/html,application/xhtml+xml,application/xml;q=0.9,*/*;q=0.8
    [HTTP_CONNECTION] => close
    [HTTP_X_FILE_TYPE] => normal
    [HTTP_X_UA_DEVICE] => smartphone
    [HTTP_X_FAILURE_CACHE_TIME] => 0
    [HTTP_X_ACCEL_EXPIRES] => 60
    [HTTP_X_WP_ACCESS] => 0
    [HTTP_X_SERVER_ADDRESS] => 103.141.97.55
    [HTTP_X_REAL_IP] => 126.114.153.243
    [HTTP_X_FORWARDED_SSL] => on
    [HTTP_X_FORWARDED_PORT] => 443
    [HTTP_X_FORWARDED_HOST] => school.heartf.com
    [HTTP_X_FORWARDED_PROTO] => https
    [HTTP_X_FORWARDED_FOR] => 126.114.153.243
    [HTTP_HOST] => school.heartf.com
    [Ngx_Cache_StaticMode] => 1
    [Ngx_Cache_NormalFile] => 1
    [FailureCacheTime] => 0
    [HTTPS] => on
    [UNIQUE_ID] => aXhAvqx2EfYx0xJUv84QeQAAAHI
    [MEF_PROXY_ADDR] => 103.141.97.55
    [FCGI_ROLE] => RESPONDER
    [PHP_SELF] => /kanaeru/rep.php
    [REQUEST_TIME_FLOAT] => 1769488574.9696
    [REQUEST_TIME] => 1769488574
)

Generated hash data: 56:item_jp_new_30:txn_6978401fcd2525.64788814_3473_1769488415:1769488574:lionking
Hash: 50e7709fb337f22b8d5098c1372c3dee8c170fc5c95b15edb0cc05094c3b3165API Response: API Success: Redirecting to thanks pageUser Environment Info:
IP Address: 60.67.232.15
Host Name / Provider: softbank060067232015.bbtec.net
User Agent: Mozilla/5.0 (iPhone; CPU iPhone OS 18_7 like Mac OS X) AppleWebKit/605.1.15 (KHTML, like Gecko) Version/26.2 Mobile/15E148 Safari/604.1
Server Info: Array
(
    [PATH] => /usr/local/sbin:/usr/local/bin:/usr/sbin:/usr/bin
    [PWD] => /home/userfastcgi/heartf/heartf.com
    [SHLVL] => 0
    [SCRIPT_NAME] => /kanaeru/rep.php
    [REQUEST_URI] => /kanaeru/rep.php?user_id=170&price=3300&item_name=item_jp_new_60&transaction_id=txn_697951b641cf68.85891614_7925_1769558454&callback=my
    [QUERY_STRING] => user_id=170&price=3300&item_name=item_jp_new_60&transaction_id=txn_697951b641cf68.85891614_7925_1769558454&callback=my
    [REQUEST_METHOD] => GET
    [SERVER_PROTOCOL] => HTTP/1.1
    [GATEWAY_INTERFACE] => CGI/1.1
    [REMOTE_PORT] => 43482
    [SCRIPT_FILENAME] => /home/heartf/heartf.com/public_html/school/kanaeru/rep.php
    [SERVER_ADMIN] => webmaster@heartf.com
    [CONTEXT_DOCUMENT_ROOT] => /home/heartf/heartf.com/public_html/school
    [CONTEXT_PREFIX] => 
    [REQUEST_SCHEME] => https
    [DOCUMENT_ROOT] => /home/heartf/heartf.com/public_html/school
    [REMOTE_ADDR] => 60.67.232.15
    [SERVER_PORT] => 443
    [SERVER_ADDR] => 103.141.97.55
    [SERVER_NAME] => school.heartf.com
    [SERVER_SOFTWARE] => Apache
    [SERVER_SIGNATURE] => 
    [HTTP_COOKIE] => _ga=GA1.2.1862837150.1767751313; _ga_HE2HZGS8HL=GS2.2.s1769485147$o1$g1$t1769485147$j60$l0$h0; _gid=GA1.2.1163395929.1769478563; _ga_DN9TZ3Q2LG=GS2.1.s1769485064$o7$g1$t1769485084$j40$l0$h0; _ga_LX121NPD7K=GS2.1.s1769485064$o7$g1$t1769485084$j40$l0$h986577584; _ga_65VNZXJB15=GS2.1.s1767865288$o2$g1$t1767865383$j57$l0$h0; _ga_0MQS3FYDHL=GS2.2.s1762555427$o3$g1$t1762555430$j57$l0$h0; _ga_KD8MNG8J43=GS2.1.s1762555426$o2$g1$t1762555430$j56$l0$h0; _ga_TF7VQ3P4WK=GS2.1.s1762055144$o1$g0$t1762055144$j60$l0$h0; _ga_4GVF9RW05T=GS2.1.s1760507675$o1$g1$t1760507857$j60$l0$h0
    [HTTP_SEC_FETCH_DEST] => document
    [HTTP_REFERER] => https://secure.telecomcredit.co.jp/
    [HTTP_ACCEPT_LANGUAGE] => ja
    [HTTP_USER_AGENT] => Mozilla/5.0 (iPhone; CPU iPhone OS 18_7 like Mac OS X) AppleWebKit/605.1.15 (KHTML, like Gecko) Version/26.2 Mobile/15E148 Safari/604.1
    [HTTP_SEC_FETCH_MODE] => navigate
    [HTTP_PRIORITY] => u=0, i
    [HTTP_SEC_FETCH_SITE] => cross-site
    [HTTP_ACCEPT] => text/html,application/xhtml+xml,application/xml;q=0.9,*/*;q=0.8
    [HTTP_CONNECTION] => close
    [HTTP_X_FILE_TYPE] => normal
    [HTTP_X_UA_DEVICE] => smartphone
    [HTTP_X_FAILURE_CACHE_TIME] => 0
    [HTTP_X_ACCEL_EXPIRES] => 60
    [HTTP_X_WP_ACCESS] => 0
    [HTTP_X_SERVER_ADDRESS] => 103.141.97.55
    [HTTP_X_REAL_IP] => 60.67.232.15
    [HTTP_X_FORWARDED_SSL] => on
    [HTTP_X_FORWARDED_PORT] => 443
    [HTTP_X_FORWARDED_HOST] => school.heartf.com
    [HTTP_X_FORWARDED_PROTO] => https
    [HTTP_X_FORWARDED_FOR] => 60.67.232.15
    [HTTP_HOST] => school.heartf.com
    [Ngx_Cache_StaticMode] => 1
    [Ngx_Cache_NormalFile] => 1
    [FailureCacheTime] => 0
    [HTTPS] => on
    [UNIQUE_ID] => aXlTBTKZ9_YJwEsqEhRJvwAAAI0
    [MEF_PROXY_ADDR] => 103.141.97.55
    [FCGI_ROLE] => RESPONDER
    [PHP_SELF] => /kanaeru/rep.php
    [REQUEST_TIME_FLOAT] => 1769558789.6268
    [REQUEST_TIME] => 1769558789
)

Generated hash data: 170:item_jp_new_60:txn_697951b641cf68.85891614_7925_1769558454:1769558789:lionking
Hash: 2880eeae74f64f7ec4e9af504bf6a8b0521e9c3132b65e55116c15a61b83a0f9API Response: API Success: Redirecting to thanks pageUser Environment Info:
IP Address: 1.73.145.33
Host Name / Provider: sp1-73-145-33.smd01.spmode.ne.jp
User Agent: Mozilla/5.0 (Windows NT 10.0; Win64; x64) AppleWebKit/537.36 (KHTML, like Gecko) Chrome/144.0.0.0 Safari/537.36 Edg/144.0.0.0
Server Info: Array
(
    [PATH] => /usr/local/sbin:/usr/local/bin:/usr/sbin:/usr/bin
    [PWD] => /home/userfastcgi/heartf/heartf.com
    [SHLVL] => 0
    [SCRIPT_NAME] => /kanaeru/rep.php
    [REQUEST_URI] => /kanaeru/rep.php?user_id=25&price=5500&item_name=item_jp_new_100&transaction_id=txn_6985c0d005d969.51965963_9333_1770373328&callback=my
    [QUERY_STRING] => user_id=25&price=5500&item_name=item_jp_new_100&transaction_id=txn_6985c0d005d969.51965963_9333_1770373328&callback=my
    [REQUEST_METHOD] => GET
    [SERVER_PROTOCOL] => HTTP/1.1
    [GATEWAY_INTERFACE] => CGI/1.1
    [REMOTE_PORT] => 47338
    [SCRIPT_FILENAME] => /home/heartf/heartf.com/public_html/school/kanaeru/rep.php
    [SERVER_ADMIN] => webmaster@heartf.com
    [CONTEXT_DOCUMENT_ROOT] => /home/heartf/heartf.com/public_html/school
    [CONTEXT_PREFIX] => 
    [REQUEST_SCHEME] => https
    [DOCUMENT_ROOT] => /home/heartf/heartf.com/public_html/school
    [REMOTE_ADDR] => 1.73.145.33
    [SERVER_PORT] => 443
    [SERVER_ADDR] => 103.141.97.55
    [SERVER_NAME] => school.heartf.com
    [SERVER_SOFTWARE] => Apache
    [SERVER_SIGNATURE] => 
    [HTTP_COOKIE] => _ga=GA1.2.436393874.1748925959; _ga_HE2HZGS8HL=GS2.2.s1757032045$o2$g1$t1757032086$j19$l0$h0
    [HTTP_PRIORITY] => u=0, i
    [HTTP_ACCEPT_LANGUAGE] => ja,en;q=0.9,en-GB;q=0.8,en-US;q=0.7
    [HTTP_REFERER] => https://secure.telecomcredit.co.jp/
    [HTTP_SEC_CH_UA_PLATFORM] => "Windows"
    [HTTP_SEC_CH_UA_MOBILE] => ?0
    [HTTP_SEC_CH_UA] => "Not(A:Brand";v="8", "Chromium";v="144", "Microsoft Edge";v="144"
    [HTTP_SEC_FETCH_DEST] => document
    [HTTP_SEC_FETCH_MODE] => navigate
    [HTTP_SEC_FETCH_SITE] => cross-site
    [HTTP_ACCEPT] => text/html,application/xhtml+xml,application/xml;q=0.9,image/avif,image/webp,image/apng,*/*;q=0.8,application/signed-exchange;v=b3;q=0.7
    [HTTP_USER_AGENT] => Mozilla/5.0 (Windows NT 10.0; Win64; x64) AppleWebKit/537.36 (KHTML, like Gecko) Chrome/144.0.0.0 Safari/537.36 Edg/144.0.0.0
    [HTTP_UPGRADE_INSECURE_REQUESTS] => 1
    [HTTP_CACHE_CONTROL] => max-age=0
    [HTTP_CONNECTION] => close
    [HTTP_X_FILE_TYPE] => normal
    [HTTP_X_UA_DEVICE] => pc
    [HTTP_X_FAILURE_CACHE_TIME] => 0
    [HTTP_X_ACCEL_EXPIRES] => 60
    [HTTP_X_WP_ACCESS] => 0
    [HTTP_X_SERVER_ADDRESS] => 103.141.97.55
    [HTTP_X_REAL_IP] => 1.73.145.33
    [HTTP_X_FORWARDED_SSL] => on
    [HTTP_X_FORWARDED_PORT] => 443
    [HTTP_X_FORWARDED_HOST] => school.heartf.com
    [HTTP_X_FORWARDED_PROTO] => https
    [HTTP_X_FORWARDED_FOR] => 1.73.145.33
    [HTTP_HOST] => school.heartf.com
    [Ngx_Cache_StaticMode] => 1
    [Ngx_Cache_NormalFile] => 1
    [FailureCacheTime] => 0
    [HTTPS] => on
    [UNIQUE_ID] => aYXA_5ICpTnG_0FCnB_GFQAAAPE
    [MEF_PROXY_ADDR] => 103.141.97.55
    [FCGI_ROLE] => RESPONDER
    [PHP_SELF] => /kanaeru/rep.php
    [REQUEST_TIME_FLOAT] => 1770373375.2729
    [REQUEST_TIME] => 1770373375
)

Generated hash data: 25:item_jp_new_100:txn_6985c0d005d969.51965963_9333_1770373328:1770373375:lionking
Hash: 5f8f3af51baf2f62274ba009dba78c216487d142b6252672b7b45ff15f067c57API Response: API Success: Redirecting to thanks pageUser Environment Info:
IP Address: 49.109.113.75
Host Name / Provider: sp49-109-113-75.smd02.spmode.ne.jp
User Agent: Mozilla/5.0 (Windows NT 10.0; Win64; x64) AppleWebKit/537.36 (KHTML, like Gecko) Chrome/145.0.0.0 Safari/537.36 Edg/145.0.0.0
Server Info: Array
(
    [PATH] => /usr/local/sbin:/usr/local/bin:/usr/sbin:/usr/bin
    [PWD] => /home/userfastcgi/heartf/heartf.com
    [SHLVL] => 0
    [SCRIPT_NAME] => /kanaeru/rep.php
    [REQUEST_URI] => /kanaeru/rep.php?user_id=25&price=5500&item_name=item_jp_new_100&transaction_id=txn_69a16a03e1c515.53217620_8293_1772186115&callback=my
    [QUERY_STRING] => user_id=25&price=5500&item_name=item_jp_new_100&transaction_id=txn_69a16a03e1c515.53217620_8293_1772186115&callback=my
    [REQUEST_METHOD] => GET
    [SERVER_PROTOCOL] => HTTP/1.1
    [GATEWAY_INTERFACE] => CGI/1.1
    [REMOTE_PORT] => 34412
    [SCRIPT_FILENAME] => /home/heartf/heartf.com/public_html/school/kanaeru/rep.php
    [SERVER_ADMIN] => webmaster@heartf.com
    [CONTEXT_DOCUMENT_ROOT] => /home/heartf/heartf.com/public_html/school
    [CONTEXT_PREFIX] => 
    [REQUEST_SCHEME] => https
    [DOCUMENT_ROOT] => /home/heartf/heartf.com/public_html/school
    [REMOTE_ADDR] => 49.109.113.75
    [SERVER_PORT] => 443
    [SERVER_ADDR] => 103.141.97.55
    [SERVER_NAME] => school.heartf.com
    [SERVER_SOFTWARE] => Apache
    [SERVER_SIGNATURE] => 
    [HTTP_COOKIE] => _ga=GA1.2.436393874.1748925959; _ga_HE2HZGS8HL=GS2.2.s1757032045$o2$g1$t1757032086$j19$l0$h0
    [HTTP_PRIORITY] => u=0, i
    [HTTP_ACCEPT_LANGUAGE] => ja,en;q=0.9,en-GB;q=0.8,en-US;q=0.7
    [HTTP_REFERER] => https://secure.telecomcredit.co.jp/
    [HTTP_SEC_CH_UA_PLATFORM] => "Windows"
    [HTTP_SEC_CH_UA_MOBILE] => ?0
    [HTTP_SEC_CH_UA] => "Not:A-Brand";v="99", "Microsoft Edge";v="145", "Chromium";v="145"
    [HTTP_SEC_FETCH_DEST] => document
    [HTTP_SEC_FETCH_MODE] => navigate
    [HTTP_SEC_FETCH_SITE] => cross-site
    [HTTP_ACCEPT] => text/html,application/xhtml+xml,application/xml;q=0.9,image/avif,image/webp,image/apng,*/*;q=0.8,application/signed-exchange;v=b3;q=0.7
    [HTTP_USER_AGENT] => Mozilla/5.0 (Windows NT 10.0; Win64; x64) AppleWebKit/537.36 (KHTML, like Gecko) Chrome/145.0.0.0 Safari/537.36 Edg/145.0.0.0
    [HTTP_UPGRADE_INSECURE_REQUESTS] => 1
    [HTTP_CACHE_CONTROL] => max-age=0
    [HTTP_CONNECTION] => close
    [HTTP_X_FILE_TYPE] => normal
    [HTTP_X_UA_DEVICE] => pc
    [HTTP_X_FAILURE_CACHE_TIME] => 0
    [HTTP_X_ACCEL_EXPIRES] => 60
    [HTTP_X_WP_ACCESS] => 0
    [HTTP_X_SERVER_ADDRESS] => 103.141.97.55
    [HTTP_X_REAL_IP] => 49.109.113.75
    [HTTP_X_FORWARDED_SSL] => on
    [HTTP_X_FORWARDED_PORT] => 443
    [HTTP_X_FORWARDED_HOST] => school.heartf.com
    [HTTP_X_FORWARDED_PROTO] => https
    [HTTP_X_FORWARDED_FOR] => 49.109.113.75
    [HTTP_HOST] => school.heartf.com
    [Ngx_Cache_StaticMode] => 1
    [Ngx_Cache_NormalFile] => 1
    [FailureCacheTime] => 0
    [HTTPS] => on
    [UNIQUE_ID] => aaFqUimIMTYLJab6elBKAgAAAYQ
    [MEF_PROXY_ADDR] => 103.141.97.55
    [FCGI_ROLE] => RESPONDER
    [PHP_SELF] => /kanaeru/rep.php
    [REQUEST_TIME_FLOAT] => 1772186194.801
    [REQUEST_TIME] => 1772186194
)

Generated hash data: 25:item_jp_new_100:txn_69a16a03e1c515.53217620_8293_1772186115:1772186194:lionking
Hash: 31e5c287ea70ea1cd70b1ca08d13681440d84892d547d85d1f2d7edd288c32f9API Response: API Success: Redirecting to thanks pageUser Environment Info:
IP Address: 59.132.26.13
Host Name / Provider: KD059132026013.au-net.ne.jp
User Agent: Mozilla/5.0 (Linux; Android 10; K) AppleWebKit/537.36 (KHTML, like Gecko) Chrome/145.0.0.0 Mobile Safari/537.36
Server Info: Array
(
    [PATH] => /usr/local/sbin:/usr/local/bin:/usr/sbin:/usr/bin
    [PWD] => /home/userfastcgi/heartf/heartf.com
    [SHLVL] => 0
    [SCRIPT_NAME] => /kanaeru/rep.php
    [REQUEST_URI] => /kanaeru/rep.php?user_id=129&price=1650&item_name=item_jp_new_30&transaction_id=txn_69b26754546319.95288811_7726_1773299540&callback=num%2Fdetail
    [QUERY_STRING] => user_id=129&price=1650&item_name=item_jp_new_30&transaction_id=txn_69b26754546319.95288811_7726_1773299540&callback=num%2Fdetail
    [REQUEST_METHOD] => GET
    [SERVER_PROTOCOL] => HTTP/1.1
    [GATEWAY_INTERFACE] => CGI/1.1
    [REMOTE_PORT] => 35756
    [SCRIPT_FILENAME] => /home/heartf/heartf.com/public_html/school/kanaeru/rep.php
    [SERVER_ADMIN] => webmaster@heartf.com
    [CONTEXT_DOCUMENT_ROOT] => /home/heartf/heartf.com/public_html/school
    [CONTEXT_PREFIX] => 
    [REQUEST_SCHEME] => https
    [DOCUMENT_ROOT] => /home/heartf/heartf.com/public_html/school
    [REMOTE_ADDR] => 59.132.26.13
    [SERVER_PORT] => 443
    [SERVER_ADDR] => 103.141.97.55
    [SERVER_NAME] => school.heartf.com
    [SERVER_SOFTWARE] => Apache
    [SERVER_SIGNATURE] => 
    [HTTP_COOKIE] => _gid=GA1.2.995255067.1773296974; _ga=GA1.1.1268993665.1773296974; _ga_DN9TZ3Q2LG=GS2.1.s1773298807$o2$g0$t1773298807$j60$l0$h0; _ga_LX121NPD7K=GS2.1.s1773298807$o2$g0$t1773298807$j60$l0$h433764653
    [HTTP_PRIORITY] => u=0, i
    [HTTP_ACCEPT_LANGUAGE] => ja,en-US;q=0.9,en;q=0.8
    [HTTP_REFERER] => https://secure.telecomcredit.co.jp/
    [HTTP_SEC_CH_UA_PLATFORM] => "Android"
    [HTTP_SEC_CH_UA_MOBILE] => ?1
    [HTTP_SEC_CH_UA] => "Not:A-Brand";v="99", "Google Chrome";v="145", "Chromium";v="145"
    [HTTP_SEC_FETCH_DEST] => document
    [HTTP_SEC_FETCH_MODE] => navigate
    [HTTP_SEC_FETCH_SITE] => cross-site
    [HTTP_ACCEPT] => text/html,application/xhtml+xml,application/xml;q=0.9,image/avif,image/webp,image/apng,*/*;q=0.8,application/signed-exchange;v=b3;q=0.7
    [HTTP_USER_AGENT] => Mozilla/5.0 (Linux; Android 10; K) AppleWebKit/537.36 (KHTML, like Gecko) Chrome/145.0.0.0 Mobile Safari/537.36
    [HTTP_UPGRADE_INSECURE_REQUESTS] => 1
    [HTTP_DNT] => 1
    [HTTP_CACHE_CONTROL] => max-age=0
    [HTTP_CONNECTION] => close
    [HTTP_X_FILE_TYPE] => normal
    [HTTP_X_UA_DEVICE] => smartphone
    [HTTP_X_FAILURE_CACHE_TIME] => 0
    [HTTP_X_ACCEL_EXPIRES] => 60
    [HTTP_X_WP_ACCESS] => 0
    [HTTP_X_SERVER_ADDRESS] => 103.141.97.55
    [HTTP_X_REAL_IP] => 59.132.26.13
    [HTTP_X_FORWARDED_SSL] => on
    [HTTP_X_FORWARDED_PORT] => 443
    [HTTP_X_FORWARDED_HOST] => school.heartf.com
    [HTTP_X_FORWARDED_PROTO] => https
    [HTTP_X_FORWARDED_FOR] => 59.132.26.13
    [HTTP_HOST] => school.heartf.com
    [Ngx_Cache_StaticMode] => 1
    [Ngx_Cache_NormalFile] => 1
    [FailureCacheTime] => 0
    [HTTPS] => on
    [UNIQUE_ID] => abJn39tGscKPZT_bvA-nwgAAAI8
    [MEF_PROXY_ADDR] => 103.141.97.55
    [FCGI_ROLE] => RESPONDER
    [PHP_SELF] => /kanaeru/rep.php
    [REQUEST_TIME_FLOAT] => 1773299679.7398
    [REQUEST_TIME] => 1773299679
)

Generated hash data: 129:item_jp_new_30:txn_69b26754546319.95288811_7726_1773299540:1773299679:lionking
Hash: c297871676a37eaacc53ced721ed370f471a14fd43cc22079eedfd963107a33cAPI Response: API Success: Redirecting to thanks pageUser Environment Info:
IP Address: 175.177.45.120
Host Name / Provider: h175-177-045-120.catv02.itscom.jp
User Agent: Mozilla/5.0 (iPhone; CPU iPhone OS 18_7 like Mac OS X) AppleWebKit/605.1.15 (KHTML, like Gecko) Mobile/15E148 Safari Line/26.2.0
Server Info: Array
(
    [PATH] => /usr/local/sbin:/usr/local/bin:/usr/sbin:/usr/bin
    [PWD] => /home/userfastcgi/heartf/heartf.com
    [SHLVL] => 0
    [SCRIPT_NAME] => /kanaeru/rep.php
    [REQUEST_URI] => /kanaeru/rep.php?user_id=87&price=660&item_name=item_jp_new_12&transaction_id=txn_69b364907667d8.58528951_5484_1773364368&callback=my
    [QUERY_STRING] => user_id=87&price=660&item_name=item_jp_new_12&transaction_id=txn_69b364907667d8.58528951_5484_1773364368&callback=my
    [REQUEST_METHOD] => GET
    [SERVER_PROTOCOL] => HTTP/1.1
    [GATEWAY_INTERFACE] => CGI/1.1
    [REMOTE_PORT] => 54372
    [SCRIPT_FILENAME] => /home/heartf/heartf.com/public_html/school/kanaeru/rep.php
    [SERVER_ADMIN] => webmaster@heartf.com
    [CONTEXT_DOCUMENT_ROOT] => /home/heartf/heartf.com/public_html/school
    [CONTEXT_PREFIX] => 
    [REQUEST_SCHEME] => https
    [DOCUMENT_ROOT] => /home/heartf/heartf.com/public_html/school
    [REMOTE_ADDR] => 175.177.45.120
    [SERVER_PORT] => 443
    [SERVER_ADDR] => 103.141.97.55
    [SERVER_NAME] => school.heartf.com
    [SERVER_SOFTWARE] => Apache
    [SERVER_SIGNATURE] => 
    [HTTP_COOKIE] => _ga=GA1.2.1522802287.1773364311; _ga_HE2HZGS8HL=GS2.2.s1773364310$o1$g1$t1773364310$j60$l0$h0; _gid=GA1.2.1839230280.1773364311; QHMSSID1=286031e9033c3e9cbde1f4aa55570952
    [HTTP_SEC_FETCH_DEST] => document
    [HTTP_REFERER] => https://secure.telecomcredit.co.jp/
    [HTTP_USER_AGENT] => Mozilla/5.0 (iPhone; CPU iPhone OS 18_7 like Mac OS X) AppleWebKit/605.1.15 (KHTML, like Gecko) Mobile/15E148 Safari Line/26.2.0
    [HTTP_SEC_FETCH_MODE] => navigate
    [HTTP_ACCEPT_LANGUAGE] => ja
    [HTTP_PRIORITY] => u=0, i
    [HTTP_SEC_FETCH_SITE] => cross-site
    [HTTP_ACCEPT] => text/html,application/xhtml+xml,application/xml;q=0.9,*/*;q=0.8
    [HTTP_CONNECTION] => close
    [HTTP_X_FILE_TYPE] => normal
    [HTTP_X_UA_DEVICE] => smartphone
    [HTTP_X_FAILURE_CACHE_TIME] => 0
    [HTTP_X_ACCEL_EXPIRES] => 60
    [HTTP_X_WP_ACCESS] => 0
    [HTTP_X_SERVER_ADDRESS] => 103.141.97.55
    [HTTP_X_REAL_IP] => 175.177.45.120
    [HTTP_X_FORWARDED_SSL] => on
    [HTTP_X_FORWARDED_PORT] => 443
    [HTTP_X_FORWARDED_HOST] => school.heartf.com
    [HTTP_X_FORWARDED_PROTO] => https
    [HTTP_X_FORWARDED_FOR] => 175.177.45.120
    [HTTP_HOST] => school.heartf.com
    [Ngx_Cache_StaticMode] => 1
    [Ngx_Cache_NormalFile] => 1
    [FailureCacheTime] => 0
    [HTTPS] => on
    [UNIQUE_ID] => abNlGKqZlFQ5JbOqOYNvCQAAAPc
    [MEF_PROXY_ADDR] => 103.141.97.55
    [FCGI_ROLE] => RESPONDER
    [PHP_SELF] => /kanaeru/rep.php
    [REQUEST_TIME_FLOAT] => 1773364504.5208
    [REQUEST_TIME] => 1773364504
)

Generated hash data: 87:item_jp_new_12:txn_69b364907667d8.58528951_5484_1773364368:1773364504:lionking
Hash: 87bfee10e859dc97297b6fe47c25a2bfe41c2bf4d86b0c9f46029b9093dd896cAPI Response: API Success: Redirecting to thanks pageUser Environment Info:
IP Address: 116.65.133.101
Host Name / Provider: 116-65-133-101.rev.home.ne.jp
User Agent: Mozilla/5.0 (Linux; Android 16; Pixel 9a Build/CP1A.260305.018; wv) AppleWebKit/537.36 (KHTML, like Gecko) Version/4.0 Chrome/145.0.7632.159 Mobile Safari/537.36 Line/26.2.0/IAB
Server Info: Array
(
    [PATH] => /usr/local/sbin:/usr/local/bin:/usr/sbin:/usr/bin
    [PWD] => /home/userfastcgi/heartf/heartf.com
    [SHLVL] => 0
    [SCRIPT_NAME] => /kanaeru/rep.php
    [REQUEST_URI] => /kanaeru/rep.php?user_id=129&price=660&item_name=item_jp_new_12&transaction_id=txn_69b41499b0ad28.73201524_8049_1773409433&callback=my
    [QUERY_STRING] => user_id=129&price=660&item_name=item_jp_new_12&transaction_id=txn_69b41499b0ad28.73201524_8049_1773409433&callback=my
    [REQUEST_METHOD] => GET
    [SERVER_PROTOCOL] => HTTP/1.1
    [GATEWAY_INTERFACE] => CGI/1.1
    [REMOTE_PORT] => 33608
    [SCRIPT_FILENAME] => /home/heartf/heartf.com/public_html/school/kanaeru/rep.php
    [SERVER_ADMIN] => webmaster@heartf.com
    [CONTEXT_DOCUMENT_ROOT] => /home/heartf/heartf.com/public_html/school
    [CONTEXT_PREFIX] => 
    [REQUEST_SCHEME] => https
    [DOCUMENT_ROOT] => /home/heartf/heartf.com/public_html/school
    [REMOTE_ADDR] => 116.65.133.101
    [SERVER_PORT] => 443
    [SERVER_ADDR] => 103.141.97.55
    [SERVER_NAME] => school.heartf.com
    [SERVER_SOFTWARE] => Apache
    [SERVER_SIGNATURE] => 
    [HTTP_COOKIE] => _ga_M2QG0JN89S=GS2.1.s1769701243$o1$g1$t1769701273$j30$l0$h0; _ga_4PK6XBV3BP=GS2.1.s1769701284$o1$g1$t1769701296$j48$l0$h0; _ga_0MQS3FYDHL=GS2.2.s1769701244$o1$g1$t1769701299$j5$l0$h0; _ga_ZV0WQXHT00=GS2.1.s1769701299$o1$g0$t1769701306$j53$l0$h0; _ga=GA1.1.1667833288.1769670837; _ga_LX121NPD7K=GS2.1.s1772093772$o6$g0$t1772093772$j60$l0$h1440792335; _ga_DN9TZ3Q2LG=GS2.1.s1772093772$o6$g0$t1772093772$j60$l0$h0
    [HTTP_PRIORITY] => u=0, i
    [HTTP_ACCEPT_LANGUAGE] => ja-JP,ja;q=0.9,en-US;q=0.8,en;q=0.7
    [HTTP_REFERER] => https://secure.telecomcredit.co.jp/
    [HTTP_SEC_CH_UA_PLATFORM] => "Android"
    [HTTP_SEC_CH_UA_MOBILE] => ?1
    [HTTP_SEC_CH_UA] => "Not:A-Brand";v="99", "Android WebView";v="145", "Chromium";v="145"
    [HTTP_SEC_FETCH_DEST] => document
    [HTTP_SEC_FETCH_MODE] => navigate
    [HTTP_SEC_FETCH_SITE] => cross-site
    [HTTP_X_REQUESTED_WITH] => jp.naver.line.android
    [HTTP_ACCEPT] => text/html,application/xhtml+xml,application/xml;q=0.9,image/avif,image/webp,image/apng,*/*;q=0.8,application/signed-exchange;v=b3;q=0.7
    [HTTP_USER_AGENT] => Mozilla/5.0 (Linux; Android 16; Pixel 9a Build/CP1A.260305.018; wv) AppleWebKit/537.36 (KHTML, like Gecko) Version/4.0 Chrome/145.0.7632.159 Mobile Safari/537.36 Line/26.2.0/IAB
    [HTTP_UPGRADE_INSECURE_REQUESTS] => 1
    [HTTP_CACHE_CONTROL] => max-age=0
    [HTTP_CONNECTION] => close
    [HTTP_X_FILE_TYPE] => normal
    [HTTP_X_UA_DEVICE] => smartphone
    [HTTP_X_FAILURE_CACHE_TIME] => 0
    [HTTP_X_ACCEL_EXPIRES] => 60
    [HTTP_X_WP_ACCESS] => 0
    [HTTP_X_SERVER_ADDRESS] => 103.141.97.55
    [HTTP_X_REAL_IP] => 116.65.133.101
    [HTTP_X_FORWARDED_SSL] => on
    [HTTP_X_FORWARDED_PORT] => 443
    [HTTP_X_FORWARDED_HOST] => school.heartf.com
    [HTTP_X_FORWARDED_PROTO] => https
    [HTTP_X_FORWARDED_FOR] => 116.65.133.101
    [HTTP_HOST] => school.heartf.com
    [Ngx_Cache_StaticMode] => 1
    [Ngx_Cache_NormalFile] => 1
    [FailureCacheTime] => 0
    [HTTPS] => on
    [UNIQUE_ID] => abQVq1ea6PSRrh8CxwDhkgAAAPo
    [MEF_PROXY_ADDR] => 103.141.97.55
    [FCGI_ROLE] => RESPONDER
    [PHP_SELF] => /kanaeru/rep.php
    [REQUEST_TIME_FLOAT] => 1773409707.4429
    [REQUEST_TIME] => 1773409707
)

Generated hash data: 129:item_jp_new_12:txn_69b41499b0ad28.73201524_8049_1773409433:1773409707:lionking
Hash: db8ea1c59cadb88a5a07bdbb7ed4dcaa44f85584a3e6fbd4cfdbb7805caa325aAPI Response: API Success: Redirecting to thanks pageUser Environment Info:
IP Address: 116.65.133.101
Host Name / Provider: 116-65-133-101.rev.home.ne.jp
User Agent: Mozilla/5.0 (Linux; Android 10; K) AppleWebKit/537.36 (KHTML, like Gecko) Chrome/145.0.0.0 Mobile Safari/537.36
Server Info: Array
(
    [PATH] => /usr/local/sbin:/usr/local/bin:/usr/sbin:/usr/bin
    [PWD] => /home/userfastcgi/heartf/heartf.com
    [SHLVL] => 0
    [SCRIPT_NAME] => /kanaeru/rep.php
    [REQUEST_URI] => /kanaeru/rep.php?user_id=129&price=660&item_name=item_jp_new_12&transaction_id=txn_69b41b29b9cdc5.15945279_4064_1773411113&callback=my
    [QUERY_STRING] => user_id=129&price=660&item_name=item_jp_new_12&transaction_id=txn_69b41b29b9cdc5.15945279_4064_1773411113&callback=my
    [REQUEST_METHOD] => GET
    [SERVER_PROTOCOL] => HTTP/1.1
    [GATEWAY_INTERFACE] => CGI/1.1
    [REMOTE_PORT] => 43108
    [SCRIPT_FILENAME] => /home/heartf/heartf.com/public_html/school/kanaeru/rep.php
    [SERVER_ADMIN] => webmaster@heartf.com
    [CONTEXT_DOCUMENT_ROOT] => /home/heartf/heartf.com/public_html/school
    [CONTEXT_PREFIX] => 
    [REQUEST_SCHEME] => https
    [DOCUMENT_ROOT] => /home/heartf/heartf.com/public_html/school
    [REMOTE_ADDR] => 116.65.133.101
    [SERVER_PORT] => 443
    [SERVER_ADDR] => 103.141.97.55
    [SERVER_NAME] => school.heartf.com
    [SERVER_SOFTWARE] => Apache
    [SERVER_SIGNATURE] => 
    [HTTP_PRIORITY] => u=0, i
    [HTTP_ACCEPT_LANGUAGE] => ja,en-US;q=0.9,en;q=0.8
    [HTTP_REFERER] => https://secure.telecomcredit.co.jp/
    [HTTP_SEC_CH_UA_PLATFORM] => "Android"
    [HTTP_SEC_CH_UA_MOBILE] => ?1
    [HTTP_SEC_CH_UA] => "Not:A-Brand";v="99", "Google Chrome";v="145", "Chromium";v="145"
    [HTTP_SEC_FETCH_DEST] => document
    [HTTP_SEC_FETCH_MODE] => navigate
    [HTTP_SEC_FETCH_SITE] => cross-site
    [HTTP_ACCEPT] => text/html,application/xhtml+xml,application/xml;q=0.9,image/avif,image/webp,image/apng,*/*;q=0.8,application/signed-exchange;v=b3;q=0.7
    [HTTP_USER_AGENT] => Mozilla/5.0 (Linux; Android 10; K) AppleWebKit/537.36 (KHTML, like Gecko) Chrome/145.0.0.0 Mobile Safari/537.36
    [HTTP_UPGRADE_INSECURE_REQUESTS] => 1
    [HTTP_DNT] => 1
    [HTTP_CACHE_CONTROL] => max-age=0
    [HTTP_CONNECTION] => close
    [HTTP_X_FILE_TYPE] => normal
    [HTTP_X_UA_DEVICE] => smartphone
    [HTTP_X_FAILURE_CACHE_TIME] => 0
    [HTTP_X_ACCEL_EXPIRES] => 60
    [HTTP_X_WP_ACCESS] => 0
    [HTTP_X_SERVER_ADDRESS] => 103.141.97.55
    [HTTP_X_REAL_IP] => 116.65.133.101
    [HTTP_X_FORWARDED_SSL] => on
    [HTTP_X_FORWARDED_PORT] => 443
    [HTTP_X_FORWARDED_HOST] => school.heartf.com
    [HTTP_X_FORWARDED_PROTO] => https
    [HTTP_X_FORWARDED_FOR] => 116.65.133.101
    [HTTP_HOST] => school.heartf.com
    [Ngx_Cache_StaticMode] => 1
    [Ngx_Cache_NormalFile] => 1
    [FailureCacheTime] => 0
    [HTTPS] => on
    [UNIQUE_ID] => abQbiWUUG2nzndJYesICsAAAAkg
    [MEF_PROXY_ADDR] => 103.141.97.55
    [FCGI_ROLE] => RESPONDER
    [PHP_SELF] => /kanaeru/rep.php
    [REQUEST_TIME_FLOAT] => 1773411209.0047
    [REQUEST_TIME] => 1773411209
)

Generated hash data: 129:item_jp_new_12:txn_69b41b29b9cdc5.15945279_4064_1773411113:1773411209:lionking
Hash: 2310394d4aca6fec534ce6d555bc340fff5b8ea0303fdddd23d3ddd49ba72577API Response: API Success: Redirecting to thanks pageUser Environment Info:
IP Address: 126.78.121.168
Host Name / Provider: softbank126078121168.bbtec.net
User Agent: Mozilla/5.0 (iPhone; CPU iPhone OS 18_7 like Mac OS X) AppleWebKit/605.1.15 (KHTML, like Gecko) Mobile/15E148 Safari Line/26.2.0
Server Info: Array
(
    [PATH] => /usr/local/sbin:/usr/local/bin:/usr/sbin:/usr/bin
    [PWD] => /home/userfastcgi/heartf/heartf.com
    [SHLVL] => 0
    [SCRIPT_NAME] => /kanaeru/rep.php
    [REQUEST_URI] => /kanaeru/rep.php?user_id=21&price=660&item_name=item_jp_new_12&transaction_id=txn_69b556fdcc8963.45057464_9252_1773491965&callback=tq
    [QUERY_STRING] => user_id=21&price=660&item_name=item_jp_new_12&transaction_id=txn_69b556fdcc8963.45057464_9252_1773491965&callback=tq
    [REQUEST_METHOD] => GET
    [SERVER_PROTOCOL] => HTTP/1.1
    [GATEWAY_INTERFACE] => CGI/1.1
    [REMOTE_PORT] => 49030
    [SCRIPT_FILENAME] => /home/heartf/heartf.com/public_html/school/kanaeru/rep.php
    [SERVER_ADMIN] => webmaster@heartf.com
    [CONTEXT_DOCUMENT_ROOT] => /home/heartf/heartf.com/public_html/school
    [CONTEXT_PREFIX] => 
    [REQUEST_SCHEME] => https
    [DOCUMENT_ROOT] => /home/heartf/heartf.com/public_html/school
    [REMOTE_ADDR] => 126.78.121.168
    [SERVER_PORT] => 443
    [SERVER_ADDR] => 103.141.97.55
    [SERVER_NAME] => school.heartf.com
    [SERVER_SOFTWARE] => Apache
    [SERVER_SIGNATURE] => 
    [HTTP_SEC_FETCH_DEST] => document
    [HTTP_PRIORITY] => u=0, i
    [HTTP_USER_AGENT] => Mozilla/5.0 (iPhone; CPU iPhone OS 18_7 like Mac OS X) AppleWebKit/605.1.15 (KHTML, like Gecko) Mobile/15E148 Safari Line/26.2.0
    [HTTP_SEC_FETCH_MODE] => navigate
    [HTTP_REFERER] => https://secure.telecomcredit.co.jp/
    [HTTP_ACCEPT_LANGUAGE] => ja
    [HTTP_SEC_FETCH_SITE] => cross-site
    [HTTP_ACCEPT] => text/html,application/xhtml+xml,application/xml;q=0.9,*/*;q=0.8
    [HTTP_CONNECTION] => close
    [HTTP_X_FILE_TYPE] => normal
    [HTTP_X_UA_DEVICE] => smartphone
    [HTTP_X_FAILURE_CACHE_TIME] => 0
    [HTTP_X_ACCEL_EXPIRES] => 60
    [HTTP_X_WP_ACCESS] => 0
    [HTTP_X_SERVER_ADDRESS] => 103.141.97.55
    [HTTP_X_REAL_IP] => 126.78.121.168
    [HTTP_X_FORWARDED_SSL] => on
    [HTTP_X_FORWARDED_PORT] => 443
    [HTTP_X_FORWARDED_HOST] => school.heartf.com
    [HTTP_X_FORWARDED_PROTO] => https
    [HTTP_X_FORWARDED_FOR] => 126.78.121.168
    [HTTP_HOST] => school.heartf.com
    [Ngx_Cache_StaticMode] => 1
    [Ngx_Cache_NormalFile] => 1
    [FailureCacheTime] => 0
    [HTTPS] => on
    [UNIQUE_ID] => abVXKvhZyT8vTfrVcgiVKgAAAVM
    [MEF_PROXY_ADDR] => 103.141.97.55
    [FCGI_ROLE] => RESPONDER
    [PHP_SELF] => /kanaeru/rep.php
    [REQUEST_TIME_FLOAT] => 1773492010.8908
    [REQUEST_TIME] => 1773492010
)

Generated hash data: 21:item_jp_new_12:txn_69b556fdcc8963.45057464_9252_1773491965:1773492010:lionking
Hash: 682a29a3f6cb1e3c2de6d4173135c845e10892f87e34a61a05c5f9c9336a5c56API Response: API Success: Redirecting to thanks pageUser Environment Info:
IP Address: 49.109.97.206
Host Name / Provider: sp49-109-97-206.smd02.spmode.ne.jp
User Agent: Mozilla/5.0 (Windows NT 10.0; Win64; x64) AppleWebKit/537.36 (KHTML, like Gecko) Chrome/146.0.0.0 Safari/537.36 Edg/146.0.0.0
Server Info: Array
(
    [PATH] => /usr/local/sbin:/usr/local/bin:/usr/sbin:/usr/bin
    [PWD] => /home/userfastcgi/heartf/heartf.com
    [SHLVL] => 0
    [SCRIPT_NAME] => /kanaeru/rep.php
    [REQUEST_URI] => /kanaeru/rep.php?user_id=25&price=5500&item_name=item_jp_new_100&transaction_id=txn_69b91e0b276f03.62346529_9962_1773739531&callback=my
    [QUERY_STRING] => user_id=25&price=5500&item_name=item_jp_new_100&transaction_id=txn_69b91e0b276f03.62346529_9962_1773739531&callback=my
    [REQUEST_METHOD] => GET
    [SERVER_PROTOCOL] => HTTP/1.1
    [GATEWAY_INTERFACE] => CGI/1.1
    [REMOTE_PORT] => 54100
    [SCRIPT_FILENAME] => /home/heartf/heartf.com/public_html/school/kanaeru/rep.php
    [SERVER_ADMIN] => webmaster@heartf.com
    [CONTEXT_DOCUMENT_ROOT] => /home/heartf/heartf.com/public_html/school
    [CONTEXT_PREFIX] => 
    [REQUEST_SCHEME] => https
    [DOCUMENT_ROOT] => /home/heartf/heartf.com/public_html/school
    [REMOTE_ADDR] => 49.109.97.206
    [SERVER_PORT] => 443
    [SERVER_ADDR] => 103.141.97.55
    [SERVER_NAME] => school.heartf.com
    [SERVER_SOFTWARE] => Apache
    [SERVER_SIGNATURE] => 
    [HTTP_COOKIE] => _ga=GA1.2.436393874.1748925959; _ga_HE2HZGS8HL=GS2.2.s1757032045$o2$g1$t1757032086$j19$l0$h0
    [HTTP_PRIORITY] => u=0, i
    [HTTP_ACCEPT_LANGUAGE] => ja,en;q=0.9,en-GB;q=0.8,en-US;q=0.7
    [HTTP_REFERER] => https://secure.telecomcredit.co.jp/
    [HTTP_SEC_CH_UA_PLATFORM] => "Windows"
    [HTTP_SEC_CH_UA_MOBILE] => ?0
    [HTTP_SEC_CH_UA] => "Chromium";v="146", "Not-A.Brand";v="24", "Microsoft Edge";v="146"
    [HTTP_SEC_FETCH_DEST] => document
    [HTTP_SEC_FETCH_MODE] => navigate
    [HTTP_SEC_FETCH_SITE] => cross-site
    [HTTP_ACCEPT] => text/html,application/xhtml+xml,application/xml;q=0.9,image/avif,image/webp,image/apng,*/*;q=0.8,application/signed-exchange;v=b3;q=0.7
    [HTTP_USER_AGENT] => Mozilla/5.0 (Windows NT 10.0; Win64; x64) AppleWebKit/537.36 (KHTML, like Gecko) Chrome/146.0.0.0 Safari/537.36 Edg/146.0.0.0
    [HTTP_UPGRADE_INSECURE_REQUESTS] => 1
    [HTTP_CACHE_CONTROL] => max-age=0
    [HTTP_CONNECTION] => close
    [HTTP_X_FILE_TYPE] => normal
    [HTTP_X_UA_DEVICE] => pc
    [HTTP_X_FAILURE_CACHE_TIME] => 0
    [HTTP_X_ACCEL_EXPIRES] => 60
    [HTTP_X_WP_ACCESS] => 0
    [HTTP_X_SERVER_ADDRESS] => 103.141.97.55
    [HTTP_X_REAL_IP] => 49.109.97.206
    [HTTP_X_FORWARDED_SSL] => on
    [HTTP_X_FORWARDED_PORT] => 443
    [HTTP_X_FORWARDED_HOST] => school.heartf.com
    [HTTP_X_FORWARDED_PROTO] => https
    [HTTP_X_FORWARDED_FOR] => 49.109.97.206
    [HTTP_HOST] => school.heartf.com
    [Ngx_Cache_StaticMode] => 1
    [Ngx_Cache_NormalFile] => 1
    [FailureCacheTime] => 0
    [HTTPS] => on
    [UNIQUE_ID] => abkeZMGlpe2WYzc4rZnfsQAAAZE
    [MEF_PROXY_ADDR] => 103.141.97.55
    [FCGI_ROLE] => RESPONDER
    [PHP_SELF] => /kanaeru/rep.php
    [REQUEST_TIME_FLOAT] => 1773739620.2229
    [REQUEST_TIME] => 1773739620
)

Generated hash data: 25:item_jp_new_100:txn_69b91e0b276f03.62346529_9962_1773739531:1773739620:lionking
Hash: 7d2d27a5a401983ad2e5f58f12005b6170a56e93d6e9c4d7b16be2b89bc10fd9API Response: API Success: Redirecting to thanks pageUser Environment Info:
IP Address: 1.75.159.113
Host Name / Provider: sp1-75-159-113.msc.spmode.ne.jp
User Agent: Mozilla/5.0 (X11; CrOS x86_64 14541.0.0) AppleWebKit/537.36 (KHTML, like Gecko) Chrome/143.0.0.0 Safari/537.36
Server Info: Array
(
    [PATH] => /usr/local/sbin:/usr/local/bin:/usr/sbin:/usr/bin
    [PWD] => /home/userfastcgi/heartf/heartf.com
    [SHLVL] => 0
    [SCRIPT_NAME] => /kanaeru/rep.php
    [REQUEST_URI] => /kanaeru/rep.php?user_id=25&price=5500&item_name=item_jp_new_100&transaction_id=txn_69d394fd46a430.78709431_2985_1775473917&callback=my
    [QUERY_STRING] => user_id=25&price=5500&item_name=item_jp_new_100&transaction_id=txn_69d394fd46a430.78709431_2985_1775473917&callback=my
    [REQUEST_METHOD] => GET
    [SERVER_PROTOCOL] => HTTP/1.1
    [GATEWAY_INTERFACE] => CGI/1.1
    [REMOTE_PORT] => 39918
    [SCRIPT_FILENAME] => /home/heartf/heartf.com/public_html/school/kanaeru/rep.php
    [SERVER_ADMIN] => webmaster@heartf.com
    [CONTEXT_DOCUMENT_ROOT] => /home/heartf/heartf.com/public_html/school
    [CONTEXT_PREFIX] => 
    [REQUEST_SCHEME] => https
    [DOCUMENT_ROOT] => /home/heartf/heartf.com/public_html/school
    [REMOTE_ADDR] => 1.75.159.113
    [SERVER_PORT] => 443
    [SERVER_ADDR] => 103.141.97.55
    [SERVER_NAME] => school.heartf.com
    [SERVER_SOFTWARE] => Apache
    [SERVER_SIGNATURE] => 
    [HTTP_PRIORITY] => u=0, i
    [HTTP_ACCEPT_LANGUAGE] => ja,en-US;q=0.9,en;q=0.8
    [HTTP_REFERER] => https://secure.telecomcredit.co.jp/
    [HTTP_SEC_CH_UA_PLATFORM] => "Chrome OS"
    [HTTP_SEC_CH_UA_MOBILE] => ?0
    [HTTP_SEC_CH_UA] => "Google Chrome";v="143", "Chromium";v="143", "Not A(Brand";v="24"
    [HTTP_SEC_FETCH_DEST] => document
    [HTTP_SEC_FETCH_MODE] => navigate
    [HTTP_SEC_FETCH_SITE] => cross-site
    [HTTP_ACCEPT] => text/html,application/xhtml+xml,application/xml;q=0.9,image/avif,image/webp,image/apng,*/*;q=0.8,application/signed-exchange;v=b3;q=0.7
    [HTTP_USER_AGENT] => Mozilla/5.0 (X11; CrOS x86_64 14541.0.0) AppleWebKit/537.36 (KHTML, like Gecko) Chrome/143.0.0.0 Safari/537.36
    [HTTP_UPGRADE_INSECURE_REQUESTS] => 1
    [HTTP_CACHE_CONTROL] => max-age=0
    [HTTP_CONNECTION] => close
    [HTTP_X_FILE_TYPE] => normal
    [HTTP_X_UA_DEVICE] => pc
    [HTTP_X_FAILURE_CACHE_TIME] => 0
    [HTTP_X_ACCEL_EXPIRES] => 60
    [HTTP_X_WP_ACCESS] => 0
    [HTTP_X_SERVER_ADDRESS] => 103.141.97.55
    [HTTP_X_REAL_IP] => 1.75.159.113
    [HTTP_X_FORWARDED_SSL] => on
    [HTTP_X_FORWARDED_PORT] => 443
    [HTTP_X_FORWARDED_HOST] => school.heartf.com
    [HTTP_X_FORWARDED_PROTO] => https
    [HTTP_X_FORWARDED_FOR] => 1.75.159.113
    [HTTP_HOST] => school.heartf.com
    [Ngx_Cache_StaticMode] => 1
    [Ngx_Cache_NormalFile] => 1
    [FailureCacheTime] => 0
    [HTTPS] => on
    [UNIQUE_ID] => adOVg8_Dmzg7f5lkgvcCMQAAAmQ
    [MEF_PROXY_ADDR] => 103.141.97.55
    [FCGI_ROLE] => RESPONDER
    [PHP_SELF] => /kanaeru/rep.php
    [REQUEST_TIME_FLOAT] => 1775474051.7403
    [REQUEST_TIME] => 1775474051
)

Generated hash data: 25:item_jp_new_100:txn_69d394fd46a430.78709431_2985_1775473917:1775474051:lionking
Hash: 92eaf5ca768751daeed29b1890281698c3351ab3cc795dddfe4f6ce9d5d053b5API Response: API Success: Redirecting to thanks pageUser Environment Info:
IP Address: 49.97.15.81
Host Name / Provider: sp49-97-15-81.msc.spmode.ne.jp
User Agent: Mozilla/5.0 (X11; CrOS x86_64 14541.0.0) AppleWebKit/537.36 (KHTML, like Gecko) Chrome/143.0.0.0 Safari/537.36
Server Info: Array
(
    [PATH] => /usr/local/sbin:/usr/local/bin:/usr/sbin:/usr/bin
    [PWD] => /home/userfastcgi/heartf/heartf.com
    [SHLVL] => 0
    [SCRIPT_NAME] => /kanaeru/rep.php
    [REQUEST_URI] => /kanaeru/rep.php?user_id=25&price=3300&item_name=item_jp_new_60&transaction_id=txn_69eb3e2f64cfd2.13939070_6505_1777024559&callback=my
    [QUERY_STRING] => user_id=25&price=3300&item_name=item_jp_new_60&transaction_id=txn_69eb3e2f64cfd2.13939070_6505_1777024559&callback=my
    [REQUEST_METHOD] => GET
    [SERVER_PROTOCOL] => HTTP/1.1
    [GATEWAY_INTERFACE] => CGI/1.1
    [REMOTE_PORT] => 44138
    [SCRIPT_FILENAME] => /home/heartf/heartf.com/public_html/school/kanaeru/rep.php
    [SERVER_ADMIN] => webmaster@heartf.com
    [CONTEXT_DOCUMENT_ROOT] => /home/heartf/heartf.com/public_html/school
    [CONTEXT_PREFIX] => 
    [REQUEST_SCHEME] => https
    [DOCUMENT_ROOT] => /home/heartf/heartf.com/public_html/school
    [REMOTE_ADDR] => 49.97.15.81
    [SERVER_PORT] => 443
    [SERVER_ADDR] => 103.141.97.55
    [SERVER_NAME] => school.heartf.com
    [SERVER_SOFTWARE] => Apache
    [SERVER_SIGNATURE] => 
    [HTTP_PRIORITY] => u=0, i
    [HTTP_ACCEPT_LANGUAGE] => ja,en-US;q=0.9,en;q=0.8
    [HTTP_REFERER] => https://secure.telecomcredit.co.jp/
    [HTTP_SEC_CH_UA_PLATFORM] => "Chrome OS"
    [HTTP_SEC_CH_UA_MOBILE] => ?0
    [HTTP_SEC_CH_UA] => "Google Chrome";v="143", "Chromium";v="143", "Not A(Brand";v="24"
    [HTTP_SEC_FETCH_DEST] => document
    [HTTP_SEC_FETCH_MODE] => navigate
    [HTTP_SEC_FETCH_SITE] => cross-site
    [HTTP_ACCEPT] => text/html,application/xhtml+xml,application/xml;q=0.9,image/avif,image/webp,image/apng,*/*;q=0.8,application/signed-exchange;v=b3;q=0.7
    [HTTP_USER_AGENT] => Mozilla/5.0 (X11; CrOS x86_64 14541.0.0) AppleWebKit/537.36 (KHTML, like Gecko) Chrome/143.0.0.0 Safari/537.36
    [HTTP_UPGRADE_INSECURE_REQUESTS] => 1
    [HTTP_CACHE_CONTROL] => max-age=0
    [HTTP_CONNECTION] => close
    [HTTP_X_FILE_TYPE] => normal
    [HTTP_X_UA_DEVICE] => pc
    [HTTP_X_FAILURE_CACHE_TIME] => 0
    [HTTP_X_ACCEL_EXPIRES] => 60
    [HTTP_X_WP_ACCESS] => 0
    [HTTP_X_SERVER_ADDRESS] => 103.141.97.55
    [HTTP_X_REAL_IP] => 49.97.15.81
    [HTTP_X_FORWARDED_SSL] => on
    [HTTP_X_FORWARDED_PORT] => 443
    [HTTP_X_FORWARDED_HOST] => school.heartf.com
    [HTTP_X_FORWARDED_PROTO] => https
    [HTTP_X_FORWARDED_FOR] => 49.97.15.81
    [HTTP_HOST] => school.heartf.com
    [Ngx_Cache_StaticMode] => 1
    [Ngx_Cache_NormalFile] => 1
    [FailureCacheTime] => 0
    [HTTPS] => on
    [UNIQUE_ID] => aes-hMAvOPqRNFZTC7pTrwAACKw
    [MEF_PROXY_ADDR] => 103.141.97.55
    [FCGI_ROLE] => RESPONDER
    [PHP_SELF] => /kanaeru/rep.php
    [REQUEST_TIME_FLOAT] => 1777024644.3386
    [REQUEST_TIME] => 1777024644
)

Generated hash data: 25:item_jp_new_60:txn_69eb3e2f64cfd2.13939070_6505_1777024559:1777024644:lionking
Hash: 1ad0421a9dd3db7cbf42c4fbb57959d992e145446f150532fbaa5ebf4e67e1b2API Response: API Success: Redirecting to thanks pageUser Environment Info:
IP Address: 1.75.154.234
Host Name / Provider: sp1-75-154-234.msc.spmode.ne.jp
User Agent: Mozilla/5.0 (X11; CrOS x86_64 14541.0.0) AppleWebKit/537.36 (KHTML, like Gecko) Chrome/147.0.0.0 Safari/537.36
Server Info: Array
(
    [PATH] => /usr/local/sbin:/usr/local/bin:/usr/sbin:/usr/bin
    [PWD] => /home/userfastcgi/heartf/heartf.com
    [SHLVL] => 0
    [SCRIPT_NAME] => /kanaeru/rep.php
    [REQUEST_URI] => /kanaeru/rep.php?user_id=25&price=5500&item_name=item_jp_new_100&transaction_id=txn_6a14183b16de06.85490233_3051_1779701819&callback=my
    [QUERY_STRING] => user_id=25&price=5500&item_name=item_jp_new_100&transaction_id=txn_6a14183b16de06.85490233_3051_1779701819&callback=my
    [REQUEST_METHOD] => GET
    [SERVER_PROTOCOL] => HTTP/1.1
    [GATEWAY_INTERFACE] => CGI/1.1
    [REMOTE_PORT] => 49502
    [SCRIPT_FILENAME] => /home/heartf/heartf.com/public_html/school/kanaeru/rep.php
    [SERVER_ADMIN] => webmaster@heartf.com
    [CONTEXT_DOCUMENT_ROOT] => /home/heartf/heartf.com/public_html/school
    [CONTEXT_PREFIX] => 
    [REQUEST_SCHEME] => https
    [DOCUMENT_ROOT] => /home/heartf/heartf.com/public_html/school
    [REMOTE_ADDR] => 1.75.154.234
    [SERVER_PORT] => 443
    [SERVER_ADDR] => 103.141.97.55
    [SERVER_NAME] => school.heartf.com
    [SERVER_SOFTWARE] => Apache
    [SERVER_SIGNATURE] => 
    [HTTP_PRIORITY] => u=0, i
    [HTTP_ACCEPT_LANGUAGE] => ja,en-US;q=0.9,en;q=0.8
    [HTTP_REFERER] => https://secure.telecomcredit.co.jp/
    [HTTP_SEC_CH_UA_PLATFORM] => "Chrome OS"
    [HTTP_SEC_CH_UA_MOBILE] => ?0
    [HTTP_SEC_CH_UA] => "Google Chrome";v="147", "Not.A/Brand";v="8", "Chromium";v="147"
    [HTTP_SEC_FETCH_DEST] => document
    [HTTP_SEC_FETCH_MODE] => navigate
    [HTTP_SEC_FETCH_SITE] => cross-site
    [HTTP_ACCEPT] => text/html,application/xhtml+xml,application/xml;q=0.9,image/avif,image/webp,image/apng,*/*;q=0.8,application/signed-exchange;v=b3;q=0.7
    [HTTP_USER_AGENT] => Mozilla/5.0 (X11; CrOS x86_64 14541.0.0) AppleWebKit/537.36 (KHTML, like Gecko) Chrome/147.0.0.0 Safari/537.36
    [HTTP_UPGRADE_INSECURE_REQUESTS] => 1
    [HTTP_CACHE_CONTROL] => max-age=0
    [HTTP_CONNECTION] => close
    [HTTP_X_FILE_TYPE] => normal
    [HTTP_X_UA_DEVICE] => pc
    [HTTP_X_FAILURE_CACHE_TIME] => 0
    [HTTP_X_ACCEL_EXPIRES] => 60
    [HTTP_X_WP_ACCESS] => 0
    [HTTP_X_SERVER_ADDRESS] => 103.141.97.55
    [HTTP_X_REAL_IP] => 1.75.154.234
    [HTTP_X_FORWARDED_SSL] => on
    [HTTP_X_FORWARDED_PORT] => 443
    [HTTP_X_FORWARDED_HOST] => school.heartf.com
    [HTTP_X_FORWARDED_PROTO] => https
    [HTTP_X_FORWARDED_FOR] => 1.75.154.234
    [HTTP_HOST] => school.heartf.com
    [Ngx_Cache_StaticMode] => 1
    [Ngx_Cache_NormalFile] => 1
    [FailureCacheTime] => 0
    [HTTPS] => on
    [UNIQUE_ID] => ahQZA0czRWZDB4av8sQYRQAAAKs
    [MEF_PROXY_ADDR] => 103.141.97.55
    [FCGI_ROLE] => RESPONDER
    [PHP_SELF] => /kanaeru/rep.php
    [REQUEST_TIME_FLOAT] => 1779702019.0595
    [REQUEST_TIME] => 1779702019
)

Generated hash data: 25:item_jp_new_100:txn_6a14183b16de06.85490233_3051_1779701819:1779702019:lionking
Hash: 3f01ea5555c5ec3080dd1ff30a5576dff8e9b139b6e28ef6b4f2164745ff4e4aAPI Response: API Success: Redirecting to thanks pageUser Environment Info:
IP Address: 49.97.14.37
Host Name / Provider: sp49-97-14-37.msc.spmode.ne.jp
User Agent: Mozilla/5.0 (X11; CrOS x86_64 14541.0.0) AppleWebKit/537.36 (KHTML, like Gecko) Chrome/147.0.0.0 Safari/537.36
Server Info: Array
(
    [PATH] => /usr/local/sbin:/usr/local/bin:/usr/sbin:/usr/bin
    [PWD] => /home/userfastcgi/heartf/heartf.com
    [SHLVL] => 0
    [SCRIPT_NAME] => /kanaeru/rep.php
    [REQUEST_URI] => /kanaeru/rep.php?user_id=25&price=5500&item_name=item_jp_new_100&transaction_id=txn_6a2fde5d9603a7.84040717_9135_1781522013&callback=my
    [QUERY_STRING] => user_id=25&price=5500&item_name=item_jp_new_100&transaction_id=txn_6a2fde5d9603a7.84040717_9135_1781522013&callback=my
    [REQUEST_METHOD] => GET
    [SERVER_PROTOCOL] => HTTP/1.1
    [GATEWAY_INTERFACE] => CGI/1.1
    [REMOTE_PORT] => 53274
    [SCRIPT_FILENAME] => /home/heartf/heartf.com/public_html/school/kanaeru/rep.php
    [SERVER_ADMIN] => webmaster@heartf.com
    [CONTEXT_DOCUMENT_ROOT] => /home/heartf/heartf.com/public_html/school
    [CONTEXT_PREFIX] => 
    [REQUEST_SCHEME] => https
    [DOCUMENT_ROOT] => /home/heartf/heartf.com/public_html/school
    [REMOTE_ADDR] => 49.97.14.37
    [SERVER_PORT] => 443
    [SERVER_ADDR] => 103.141.97.55
    [SERVER_NAME] => school.heartf.com
    [SERVER_SOFTWARE] => Apache
    [SERVER_SIGNATURE] => 
    [HTTP_COOKIE] => _ga=GA1.2.1963619705.1779794692; _ga_HE2HZGS8HL=GS2.2.s1779794693$o1$g1$t1779794693$j60$l0$h0
    [HTTP_PRIORITY] => u=0, i
    [HTTP_ACCEPT_LANGUAGE] => ja,en-US;q=0.9,en;q=0.8
    [HTTP_REFERER] => https://secure.telecomcredit.co.jp/
    [HTTP_SEC_CH_UA_PLATFORM] => "Chrome OS"
    [HTTP_SEC_CH_UA_MOBILE] => ?0
    [HTTP_SEC_CH_UA] => "Google Chrome";v="147", "Not.A/Brand";v="8", "Chromium";v="147"
    [HTTP_SEC_FETCH_DEST] => document
    [HTTP_SEC_FETCH_MODE] => navigate
    [HTTP_SEC_FETCH_SITE] => cross-site
    [HTTP_ACCEPT] => text/html,application/xhtml+xml,application/xml;q=0.9,image/avif,image/webp,image/apng,*/*;q=0.8,application/signed-exchange;v=b3;q=0.7
    [HTTP_USER_AGENT] => Mozilla/5.0 (X11; CrOS x86_64 14541.0.0) AppleWebKit/537.36 (KHTML, like Gecko) Chrome/147.0.0.0 Safari/537.36
    [HTTP_UPGRADE_INSECURE_REQUESTS] => 1
    [HTTP_CACHE_CONTROL] => max-age=0
    [HTTP_CONNECTION] => close
    [HTTP_X_FILE_TYPE] => normal
    [HTTP_X_UA_DEVICE] => pc
    [HTTP_X_FAILURE_CACHE_TIME] => 0
    [HTTP_X_ACCEL_EXPIRES] => 60
    [HTTP_X_WP_ACCESS] => 0
    [HTTP_X_SERVER_ADDRESS] => 103.141.97.55
    [HTTP_X_REAL_IP] => 49.97.14.37
    [HTTP_X_FORWARDED_SSL] => on
    [HTTP_X_FORWARDED_PORT] => 443
    [HTTP_X_FORWARDED_HOST] => school.heartf.com
    [HTTP_X_FORWARDED_PROTO] => https
    [HTTP_X_FORWARDED_FOR] => 49.97.14.37
    [HTTP_HOST] => school.heartf.com
    [Ngx_Cache_StaticMode] => 1
    [Ngx_Cache_NormalFile] => 1
    [FailureCacheTime] => 0
    [HTTPS] => on
    [MMDB_ADDR] => 49.97.14.37
    [UNIQUE_ID] => ai_fExOA1vRY_Qmo_56NfQAAAcE
    [MEF_PROXY_ADDR] => 103.141.97.55
    [FCGI_ROLE] => RESPONDER
    [PHP_SELF] => /kanaeru/rep.php
    [REQUEST_TIME_FLOAT] => 1781522195.5338
    [REQUEST_TIME] => 1781522195
)

Generated hash data: 25:item_jp_new_100:txn_6a2fde5d9603a7.84040717_9135_1781522013:1781522195:lionking
Hash: 8993ff672d719e9722defb1c85b09201ce0cba095050c7faecc665b537336332API Response: API Success: Redirecting to thanks pageUser Environment Info:
IP Address: 49.97.15.145
Host Name / Provider: sp49-97-15-145.msc.spmode.ne.jp
User Agent: Mozilla/5.0 (X11; CrOS x86_64 14541.0.0) AppleWebKit/537.36 (KHTML, like Gecko) Chrome/149.0.0.0 Safari/537.36
Server Info: Array
(
    [PATH] => /usr/local/sbin:/usr/local/bin:/usr/sbin:/usr/bin
    [PWD] => /home/userfastcgi/heartf/heartf.com
    [SHLVL] => 0
    [SCRIPT_NAME] => /kanaeru/rep.php
    [REQUEST_URI] => /kanaeru/rep.php?user_id=25&price=5500&item_name=item_jp_new_100&transaction_id=txn_6a4f6773219605.47472811_5091_1783588723&callback=my
    [QUERY_STRING] => user_id=25&price=5500&item_name=item_jp_new_100&transaction_id=txn_6a4f6773219605.47472811_5091_1783588723&callback=my
    [REQUEST_METHOD] => GET
    [SERVER_PROTOCOL] => HTTP/1.1
    [GATEWAY_INTERFACE] => CGI/1.1
    [REMOTE_PORT] => 38148
    [SCRIPT_FILENAME] => /home/heartf/heartf.com/public_html/school/kanaeru/rep.php
    [SERVER_ADMIN] => webmaster@heartf.com
    [CONTEXT_DOCUMENT_ROOT] => /home/heartf/heartf.com/public_html/school
    [CONTEXT_PREFIX] => 
    [REQUEST_SCHEME] => https
    [DOCUMENT_ROOT] => /home/heartf/heartf.com/public_html/school
    [REMOTE_ADDR] => 49.97.15.145
    [SERVER_PORT] => 443
    [SERVER_ADDR] => 103.141.97.55
    [SERVER_NAME] => school.heartf.com
    [SERVER_SOFTWARE] => Apache
    [SERVER_SIGNATURE] => 
    [HTTP_COOKIE] => _ga=GA1.2.1963619705.1779794692; _ga_HE2HZGS8HL=GS2.2.s1779794693$o1$g1$t1779794693$j60$l0$h0
    [HTTP_PRIORITY] => u=0, i
    [HTTP_ACCEPT_LANGUAGE] => ja,en-US;q=0.9,en;q=0.8
    [HTTP_REFERER] => https://secure.telecomcredit.co.jp/
    [HTTP_SEC_CH_UA_PLATFORM] => "Chrome OS"
    [HTTP_SEC_CH_UA_MOBILE] => ?0
    [HTTP_SEC_CH_UA] => "Google Chrome";v="149", "Chromium";v="149", "Not)A;Brand";v="24"
    [HTTP_SEC_FETCH_DEST] => document
    [HTTP_SEC_FETCH_MODE] => navigate
    [HTTP_SEC_FETCH_SITE] => cross-site
    [HTTP_ACCEPT] => text/html,application/xhtml+xml,application/xml;q=0.9,image/avif,image/webp,image/apng,*/*;q=0.8,application/signed-exchange;v=b3;q=0.7
    [HTTP_USER_AGENT] => Mozilla/5.0 (X11; CrOS x86_64 14541.0.0) AppleWebKit/537.36 (KHTML, like Gecko) Chrome/149.0.0.0 Safari/537.36
    [HTTP_UPGRADE_INSECURE_REQUESTS] => 1
    [HTTP_CACHE_CONTROL] => max-age=0
    [HTTP_CONNECTION] => close
    [HTTP_X_FILE_TYPE] => normal
    [HTTP_X_UA_DEVICE] => pc
    [HTTP_X_FAILURE_CACHE_TIME] => 0
    [HTTP_X_ACCEL_EXPIRES] => 60
    [HTTP_X_WP_ACCESS] => 0
    [HTTP_X_SERVER_ADDRESS] => 103.141.97.55
    [HTTP_X_REAL_IP] => 49.97.15.145
    [HTTP_X_FORWARDED_SSL] => on
    [HTTP_X_FORWARDED_PORT] => 443
    [HTTP_X_FORWARDED_HOST] => school.heartf.com
    [HTTP_X_FORWARDED_PROTO] => https
    [HTTP_X_FORWARDED_FOR] => 49.97.15.145
    [HTTP_HOST] => school.heartf.com
    [Ngx_Cache_StaticMode] => 1
    [Ngx_Cache_NormalFile] => 1
    [FailureCacheTime] => 0
    [HTTPS] => on
    [MMDB_ADDR] => 49.97.15.145
    [UNIQUE_ID] => ak9n2doddUogLss7s8eamAAAAFQ
    [MEF_PROXY_ADDR] => 103.141.97.55
    [FCGI_ROLE] => RESPONDER
    [PHP_SELF] => /kanaeru/rep.php
    [REQUEST_TIME_FLOAT] => 1783588825.6846
    [REQUEST_TIME] => 1783588825
)

Generated hash data: 25:item_jp_new_100:txn_6a4f6773219605.47472811_5091_1783588723:1783588825:lionking
Hash: 37c0b6be887f73a74c26d32fced4f360011cf6b91adb1cd91aae5428186d7b99API Response: API Success: Redirecting to thanks pageUser Environment Info:
IP Address: 114.163.104.129
Host Name / Provider: p1515130-ipoe.ipoe.ocn.ne.jp
User Agent: Mozilla/5.0 (Linux; Android 10; K) AppleWebKit/537.36 (KHTML, like Gecko) SamsungBrowser/30.0 Chrome/143.0.0.0 Mobile Safari/537.36
Server Info: Array
(
    [PATH] => /usr/local/sbin:/usr/local/bin:/usr/sbin:/usr/bin
    [PWD] => /home/userfastcgi/heartf/heartf.com
    [SHLVL] => 0
    [SCRIPT_NAME] => /kanaeru/rep.php
    [REQUEST_URI] => /kanaeru/rep.php?user_id=136&price=660&item_name=item_jp_new_12&transaction_id=txn_6a69e390ccc414.55549240_7695_1785324432&callback=tq
    [QUERY_STRING] => user_id=136&price=660&item_name=item_jp_new_12&transaction_id=txn_6a69e390ccc414.55549240_7695_1785324432&callback=tq
    [REQUEST_METHOD] => GET
    [SERVER_PROTOCOL] => HTTP/1.1
    [GATEWAY_INTERFACE] => CGI/1.1
    [REMOTE_PORT] => 51098
    [SCRIPT_FILENAME] => /home/heartf/heartf.com/public_html/school/kanaeru/rep.php
    [SERVER_ADMIN] => webmaster@heartf.com
    [CONTEXT_DOCUMENT_ROOT] => /home/heartf/heartf.com/public_html/school
    [CONTEXT_PREFIX] => 
    [REQUEST_SCHEME] => https
    [DOCUMENT_ROOT] => /home/heartf/heartf.com/public_html/school
    [REMOTE_ADDR] => 114.163.104.129
    [SERVER_PORT] => 443
    [SERVER_ADDR] => 103.141.97.55
    [SERVER_NAME] => school.heartf.com
    [SERVER_SOFTWARE] => Apache
    [SERVER_SIGNATURE] => 
    [HTTP_PRIORITY] => u=0, i
    [HTTP_ACCEPT_LANGUAGE] => ja-JP,ja;q=0.9,en-US;q=0.8,en;q=0.7
    [HTTP_REFERER] => https://secure.telecomcredit.co.jp/
    [HTTP_SEC_CH_UA_PLATFORM] => "Android"
    [HTTP_SEC_CH_UA_MOBILE] => ?1
    [HTTP_SEC_CH_UA] => "Samsung Internet";v="30.0", "Chromium";v="143", "Not A(Brand";v="24"
    [HTTP_SEC_FETCH_DEST] => document
    [HTTP_SEC_FETCH_MODE] => navigate
    [HTTP_SEC_FETCH_SITE] => cross-site
    [HTTP_ACCEPT] => text/html,application/xhtml+xml,application/xml;q=0.9,image/avif,image/webp,image/apng,*/*;q=0.8,application/signed-exchange;v=b3;q=0.7
    [HTTP_USER_AGENT] => Mozilla/5.0 (Linux; Android 10; K) AppleWebKit/537.36 (KHTML, like Gecko) SamsungBrowser/30.0 Chrome/143.0.0.0 Mobile Safari/537.36
    [HTTP_UPGRADE_INSECURE_REQUESTS] => 1
    [HTTP_CACHE_CONTROL] => max-age=0
    [HTTP_CONNECTION] => close
    [HTTP_X_FILE_TYPE] => normal
    [HTTP_X_UA_DEVICE] => smartphone
    [HTTP_X_FAILURE_CACHE_TIME] => 0
    [HTTP_X_ACCEL_EXPIRES] => 60
    [HTTP_X_WP_ACCESS] => 0
    [HTTP_X_SERVER_ADDRESS] => 103.141.97.55
    [HTTP_X_REAL_IP] => 114.163.104.129
    [HTTP_X_FORWARDED_SSL] => on
    [HTTP_X_FORWARDED_PORT] => 443
    [HTTP_X_FORWARDED_HOST] => school.heartf.com
    [HTTP_X_FORWARDED_PROTO] => https
    [HTTP_X_FORWARDED_FOR] => 114.163.104.129
    [HTTP_HOST] => school.heartf.com
    [Ngx_Cache_StaticMode] => 1
    [Ngx_Cache_NormalFile] => 1
    [FailureCacheTime] => 0
    [HTTPS] => on
    [MMDB_ADDR] => 114.163.104.129
    [UNIQUE_ID] => amnj8PyPMN4LcqnbsgguwQAAAmU
    [MEF_PROXY_ADDR] => 103.141.97.55
    [FCGI_ROLE] => RESPONDER
    [PHP_SELF] => /kanaeru/rep.php
    [REQUEST_TIME_FLOAT] => 1785324528.1384
    [REQUEST_TIME] => 1785324528
)

Generated hash data: 136:item_jp_new_12:txn_6a69e390ccc414.55549240_7695_1785324432:1785324528:lionking
Hash: 39faf5d259c8a6a26143d536e11eb761742e722fbcbe149a4e7c948c05ec0862API Response: API Success: Redirecting to thanks pageUser Environment Info:
IP Address: 1.73.150.67
Host Name / Provider: sp1-73-150-67.smd01.spmode.ne.jp
User Agent: Mozilla/5.0 (Windows NT 10.0; Win64; x64) AppleWebKit/537.36 (KHTML, like Gecko) Chrome/151.0.0.0 Safari/537.36 Edg/151.0.0.0
Server Info: Array
(
    [PATH] => /usr/local/sbin:/usr/local/bin:/usr/sbin:/usr/bin
    [PWD] => /home/userfastcgi/heartf/heartf.com
    [SHLVL] => 0
    [SCRIPT_NAME] => /kanaeru/rep.php
    [REQUEST_URI] => /kanaeru/rep.php?user_id=25&price=5500&item_name=item_jp_new_100&transaction_id=txn_6a75c7cd24d3d4.78284238_7217_1786103757&callback=my
    [QUERY_STRING] => user_id=25&price=5500&item_name=item_jp_new_100&transaction_id=txn_6a75c7cd24d3d4.78284238_7217_1786103757&callback=my
    [REQUEST_METHOD] => GET
    [SERVER_PROTOCOL] => HTTP/1.1
    [GATEWAY_INTERFACE] => CGI/1.1
    [REMOTE_PORT] => 33460
    [SCRIPT_FILENAME] => /home/heartf/heartf.com/public_html/school/kanaeru/rep.php
    [SERVER_ADMIN] => webmaster@heartf.com
    [CONTEXT_DOCUMENT_ROOT] => /home/heartf/heartf.com/public_html/school
    [CONTEXT_PREFIX] => 
    [REQUEST_SCHEME] => https
    [DOCUMENT_ROOT] => /home/heartf/heartf.com/public_html/school
    [REMOTE_ADDR] => 1.73.150.67
    [SERVER_PORT] => 443
    [SERVER_ADDR] => 103.141.97.55
    [SERVER_NAME] => school.heartf.com
    [SERVER_SOFTWARE] => Apache
    [SERVER_SIGNATURE] => 
    [HTTP_COOKIE] => _ga=GA1.2.436393874.1748925959; _ga_HE2HZGS8HL=GS2.2.s1757032045$o2$g1$t1757032086$j19$l0$h0
    [HTTP_PRIORITY] => u=0, i
    [HTTP_ACCEPT_LANGUAGE] => ja,en;q=0.9,en-GB;q=0.8,en-US;q=0.7
    [HTTP_REFERER] => https://secure.telecomcredit.co.jp/
    [HTTP_SEC_CH_UA_PLATFORM] => "Windows"
    [HTTP_SEC_CH_UA_MOBILE] => ?0
    [HTTP_SEC_CH_UA] => "Not=A?Brand";v="99", "Microsoft Edge";v="151", "Chromium";v="151"
    [HTTP_SEC_FETCH_DEST] => document
    [HTTP_SEC_FETCH_MODE] => navigate
    [HTTP_SEC_FETCH_SITE] => cross-site
    [HTTP_ACCEPT] => text/html,application/xhtml+xml,application/xml;q=0.9,image/avif,image/webp,image/apng,*/*;q=0.8,application/signed-exchange;v=b3;q=0.7
    [HTTP_USER_AGENT] => Mozilla/5.0 (Windows NT 10.0; Win64; x64) AppleWebKit/537.36 (KHTML, like Gecko) Chrome/151.0.0.0 Safari/537.36 Edg/151.0.0.0
    [HTTP_UPGRADE_INSECURE_REQUESTS] => 1
    [HTTP_CACHE_CONTROL] => max-age=0
    [HTTP_CONNECTION] => close
    [HTTP_X_FILE_TYPE] => normal
    [HTTP_X_UA_DEVICE] => pc
    [HTTP_X_FAILURE_CACHE_TIME] => 0
    [HTTP_X_ACCEL_EXPIRES] => 60
    [HTTP_X_WP_ACCESS] => 0
    [HTTP_X_SERVER_ADDRESS] => 103.141.97.55
    [HTTP_X_REAL_IP] => 1.73.150.67
    [HTTP_X_FORWARDED_SSL] => on
    [HTTP_X_FORWARDED_PORT] => 443
    [HTTP_X_FORWARDED_HOST] => school.heartf.com
    [HTTP_X_FORWARDED_PROTO] => https
    [HTTP_X_FORWARDED_FOR] => 1.73.150.67
    [HTTP_HOST] => school.heartf.com
    [Ngx_Cache_StaticMode] => 1
    [Ngx_Cache_NormalFile] => 1
    [FailureCacheTime] => 0
    [HTTPS] => on
    [MMDB_ADDR] => 1.73.150.67
    [UNIQUE_ID] => anXIJuZwE5weEzL5Txg8mwAAAls
    [MEF_PROXY_ADDR] => 103.141.97.55
    [FCGI_ROLE] => RESPONDER
    [PHP_SELF] => /kanaeru/rep.php
    [REQUEST_TIME_FLOAT] => 1786103846.9009
    [REQUEST_TIME] => 1786103846
)

Generated hash data: 25:item_jp_new_100:txn_6a75c7cd24d3d4.78284238_7217_1786103757:1786103846:lionking
Hash: 60f0490b833f4ce8500678ee5b98db0c6c61f1e13bc376f22ff4c40b3187b25fAPI Response: API Success: Redirecting to thanks pageUser Environment Info:
IP Address: 1.73.155.23
Host Name / Provider: sp1-73-155-23.smd01.spmode.ne.jp
User Agent: Mozilla/5.0 (Windows NT 10.0; Win64; x64) AppleWebKit/537.36 (KHTML, like Gecko) Chrome/151.0.0.0 Safari/537.36 Edg/151.0.0.0
Server Info: Array
(
    [PATH] => /usr/local/sbin:/usr/local/bin:/usr/sbin:/usr/bin
    [PWD] => /home/userfastcgi/heartf/heartf.com
    [SHLVL] => 0
    [SCRIPT_NAME] => /kanaeru/rep.php
    [REQUEST_URI] => /kanaeru/rep.php?user_id=25&price=3300&item_name=item_jp_new_60&transaction_id=txn_6a92f1d182d858.11317553_4161_1788015057&callback=my
    [QUERY_STRING] => user_id=25&price=3300&item_name=item_jp_new_60&transaction_id=txn_6a92f1d182d858.11317553_4161_1788015057&callback=my
    [REQUEST_METHOD] => GET
    [SERVER_PROTOCOL] => HTTP/1.1
    [GATEWAY_INTERFACE] => CGI/1.1
    [REMOTE_PORT] => 60596
    [SCRIPT_FILENAME] => /home/heartf/heartf.com/public_html/school/kanaeru/rep.php
    [SERVER_ADMIN] => webmaster@heartf.com
    [CONTEXT_DOCUMENT_ROOT] => /home/heartf/heartf.com/public_html/school
    [CONTEXT_PREFIX] => 
    [REQUEST_SCHEME] => https
    [DOCUMENT_ROOT] => /home/heartf/heartf.com/public_html/school
    [REMOTE_ADDR] => 1.73.155.23
    [SERVER_PORT] => 443
    [SERVER_ADDR] => 103.141.97.55
    [SERVER_NAME] => school.heartf.com
    [SERVER_SOFTWARE] => Apache
    [SERVER_SIGNATURE] => 
    [HTTP_COOKIE] => _ga=GA1.2.436393874.1748925959; _ga_HE2HZGS8HL=GS2.2.s1757032045$o2$g1$t1757032086$j19$l0$h0
    [HTTP_PRIORITY] => u=0, i
    [HTTP_ACCEPT_LANGUAGE] => ja,en;q=0.9,en-GB;q=0.8,en-US;q=0.7
    [HTTP_REFERER] => https://secure.telecomcredit.co.jp/
    [HTTP_SEC_CH_UA_PLATFORM] => "Windows"
    [HTTP_SEC_CH_UA_MOBILE] => ?0
    [HTTP_SEC_CH_UA] => "Not=A?Brand";v="99", "Microsoft Edge";v="151", "Chromium";v="151"
    [HTTP_SEC_FETCH_DEST] => document
    [HTTP_SEC_FETCH_MODE] => navigate
    [HTTP_SEC_FETCH_SITE] => cross-site
    [HTTP_ACCEPT] => text/html,application/xhtml+xml,application/xml;q=0.9,image/avif,image/webp,image/apng,*/*;q=0.8,application/signed-exchange;v=b3;q=0.7
    [HTTP_USER_AGENT] => Mozilla/5.0 (Windows NT 10.0; Win64; x64) AppleWebKit/537.36 (KHTML, like Gecko) Chrome/151.0.0.0 Safari/537.36 Edg/151.0.0.0
    [HTTP_UPGRADE_INSECURE_REQUESTS] => 1
    [HTTP_CACHE_CONTROL] => max-age=0
    [HTTP_CONNECTION] => close
    [HTTP_X_FILE_TYPE] => normal
    [HTTP_X_UA_DEVICE] => pc
    [HTTP_X_FAILURE_CACHE_TIME] => 0
    [HTTP_X_ACCEL_EXPIRES] => 60
    [HTTP_X_WP_ACCESS] => 0
    [HTTP_X_SERVER_ADDRESS] => 103.141.97.55
    [HTTP_X_REAL_IP] => 1.73.155.23
    [HTTP_X_FORWARDED_SSL] => on
    [HTTP_X_FORWARDED_PORT] => 443
    [HTTP_X_FORWARDED_HOST] => school.heartf.com
    [HTTP_X_FORWARDED_PROTO] => https
    [HTTP_X_FORWARDED_FOR] => 1.73.155.23
    [HTTP_HOST] => school.heartf.com
    [Ngx_Cache_StaticMode] => 1
    [Ngx_Cache_NormalFile] => 1
    [FailureCacheTime] => 0
    [HTTPS] => on
    [MMDB_ADDR] => 1.73.155.23
    [UNIQUE_ID] => apLyQO1a72mzjeRfp04qhgAAAHo
    [MEF_PROXY_ADDR] => 103.141.97.55
    [FCGI_ROLE] => RESPONDER
    [PHP_SELF] => /kanaeru/rep.php
    [REQUEST_TIME_FLOAT] => 1788015168.8352
    [REQUEST_TIME] => 1788015168
)

Generated hash data: 25:item_jp_new_60:txn_6a92f1d182d858.11317553_4161_1788015057:1788015168:lionking
Hash: eeac432eb384aeab0c92389c9d8707441d089af93f09a7bdde3731e6b93a2a39API Response: API Success: Redirecting to thanks page